,2000,2001,2002,2003,2004,2005,2006,2007,2008,2009,2010,2011,2012,2013,2014,2015,2016,2017,2018,2019
01-01,0.364,1.104,,,1.142,0.732,,,,,0.468,,,0.395,0.949,,,,1.213,
01-02,0.349,0.693,,,0.420,0.357,,,,,,,,,0.829,,,,0.738,
01-03,0.181,0.719,,,0.203,0.292,,,,,,,,0.341,0.631,,0.525,,0.712,
01-04,0.774,0.575,,,0.097,0.207,,,,,1.468,,,1.135,0.343,,0.587,,0.936,
01-05,0.682,0.387,,,,0.790,,,,,0.607,,,0.560,0.339,,0.405,,0.833,
01-06,0.500,0.242,,,0.736,0.555,,,,,,,,0.390,0.486,,0.073,,0.581,
01-07,0.499,0.462,,,0.638,0.549,,,,,,,,,0.524,,0.083,,0.270,
01-08,0.611,0.852,,,0.382,0.414,,,,,,,,,0.635,,,,0.404,
01-09,0.776,0.513,,,0.797,0.278,,,,,,,,0.038,0.226,,0.092,,0.191,
01-10,0.719,,,,,0.617,,,0.364,,,,,0.284,0.154,,0.120,0.287,0.390,
01-11,0.582,1.611,,,0.904,0.616,,,0.579,,0.861,,,0.453,0.519,,0.029,0.719,0.749,
01-12,0.390,0.858,,,0.632,0.574,,,0.194,0.565,,,,0.545,0.106,,,0.373,0.360,
01-13,0.153,0.652,,,0.416,0.304,,,0.867,,1.127,,,0.375,0.515,,,0.256,0.235,
01-14,,0.393,0.528,,,1.354,,,0.480,0.565,0.136,,,0.110,0.565,0.516,0.004,0.761,0.382,
01-15,0.181,0.274,0.718,,,1.021,,,0.528,,0.121,,,0.561,,0.915,0.048,0.347,0.314,
01-16,0.477,0.372,0.517,,,0.416,,,0.197,,,,,0.721,,0.262,,0.332,0.593,
01-17,0.677,0.227,0.404,,0.044,0.408,,,0.066,,0.086,,,0.824,0.568,1.024,0.183,0.393,0.481,
01-18,0.725,0.299,0.216,,0.060,1.057,0.421,,,,0.105,,,0.831,0.542,0.729,0.201,0.566,0.885,
01-19,0.573,0.181,0.437,,0.247,0.626,0.446,,0.145,0.246,0.166,,,0.699,0.499,0.666,0.498,,0.380,
01-20,0.392,0.440,0.572,,0.167,1.265,0.670,,0.628,0.281,0.079,,,0.359,0.496,0.638,,,0.320,
01-21,0.391,0.620,0.607,,0.632,0.828,0.545,,0.592,,0.074,,,,0.218,0.700,,0.068,0.183,
01-22,0.579,0.490,0.397,,0.411,,0.473,,0.401,0.238,0.251,,,0.889,0.444,,0.462,0.196,0.449,
01-23,0.271,0.426,0.452,,,,0.370,,0.478,0.267,0.185,,,1.013,0.516,,0.212,0.169,0.858,
01-24,0.683,0.819,0.932,,0.234,0.812,0.550,,0.411,0.225,0.089,,,0.341,0.590,,0.683,0.298,0.861,
01-25,0.352,0.865,0.503,,0.148,0.662,,,0.624,0.219,0.331,,,0.343,0.501,,0.465,,1.046,
01-26,0.980,,0.535,,,0.818,0.748,,0.790,0.310,0.422,,,0.338,0.523,,,0.501,1.399,
01-27,0.506,0.344,0.236,,0.466,0.646,0.462,,,0.386,0.342,,,0.373,0.530,,,0.461,0.556,
01-28,1.053,0.537,0.539,,0.527,0.469,,,,0.503,0.308,,,0.367,0.495,,,0.384,,
01-29,0.850,0.374,0.403,,,0.629,0.462,,,0.657,,,,0.337,0.350,,,1.188,,
01-30,0.727,0.175,0.739,,,0.457,0.585,,0.769,2.857,,,,0.271,0.244,,,0.837,0.150,
01-31,0.505,0.370,0.825,,0.150,,0.558,,0.231,0.637,0.077,,,0.583,0.422,,0.261,0.730,0.177,
02-01,0.602,0.370,0.739,,0.178,0.510,0.120,,0.435,0.353,0.172,,,0.343,0.417,,0.305,0.525,0.400,
02-02,0.365,0.639,0.843,,0.293,0.652,,0.215,0.487,0.582,,,,0.279,0.537,,0.163,0.540,0.312,
02-03,0.287,1.356,0.653,,0.373,1.412,0.495,0.154,0.493,1.295,,,,0.254,0.460,,0.242,0.776,0.591,
02-04,0.964,,0.510,,0.126,0.776,0.398,,0.153,0.667,,,,0.256,0.164,,0.780,0.763,0.254,
02-05,1.045,0.591,0.403,,0.117,0.900,0.228,,0.110,0.563,0.287,,,0.392,0.632,,0.424,0.897,0.447,
02-06,0.539,0.844,0.657,,0.213,,0.451,0.372,0.320,0.581,0.171,,,0.295,0.778,,0.416,0.484,0.621,
02-07,0.405,0.681,0.569,,0.830,0.634,0.975,0.562,0.375,0.199,0.153,,,,0.621,,0.144,0.427,0.310,
02-08,0.506,0.452,0.545,,0.443,0.662,0.653,0.727,0.267,0.632,0.052,,,,0.470,,0.255,0.718,0.544,
02-09,0.744,0.821,0.375,,0.585,0.779,0.524,0.619,,1.063,0.675,,,,0.186,,,0.071,,
02-10,0.522,0.417,0.885,,0.434,1.249,0.422,0.387,0.418,0.347,,,,,0.375,0.525,,,,
02-11,0.543,0.599,,,1.050,0.867,0.376,0.486,0.872,0.425,,,,0.196,0.501,0.659,0.462,,0.122,
02-12,0.669,0.594,,,,0.275,1.128,0.207,0.228,0.761,0.129,,,0.249,0.431,,0.248,,0.610,
02-13,0.605,0.694,,,0.384,0.439,0.697,0.263,0.360,0.298,0.236,,,0.148,0.363,,,,0.648,
02-14,0.547,0.453,0.873,,0.175,0.897,0.727,0.300,,1.011,0.084,,,0.134,0.645,,0.607,,0.688,
02-15,0.626,0.306,1.147,,0.122,0.787,1.281,0.169,0.351,0.343,0.304,,,0.288,0.158,0.581,,0.148,0.397,
02-16,0.824,0.608,0.645,,0.295,0.478,0.642,0.252,0.710,0.653,0.586,,,1.166,0.139,0.262,0.955,0.224,0.330,
02-17,0.908,1.470,0.408,,0.314,0.813,0.637,0.427,0.163,0.796,,,,0.408,0.266,,0.119,0.081,0.439,
02-18,,0.534,0.607,,0.217,1.049,0.283,0.425,0.455,0.686,,,,0.185,0.466,0.410,0.488,,0.483,
02-19,0.674,0.302,1.033,,0.377,0.902,0.448,0.438,0.651,0.615,0.197,,,0.563,,0.669,0.344,,0.770,0.061
02-20,0.334,0.390,0.757,,0.226,0.527,0.357,0.418,0.426,0.776,0.107,,,0.115,0.872,0.742,0.508,,0.740,0.024
02-21,0.842,0.448,0.715,,0.226,0.468,0.329,0.288,,,,,,0.320,0.932,0.594,0.440,1.394,0.830,0.031
02-22,0.527,0.224,0.266,,,0.952,0.431,0.584,0.669,,0.297,,,0.183,0.677,0.422,0.731,0.438,0.607,0.143
02-23,0.586,0.520,0.324,,0.099,0.780,0.581,0.386,0.578,0.310,0.107,,0.353,0.201,0.681,0.174,0.251,0.341,0.666,0.129
02-24,0.619,,,,0.070,0.611,0.964,,0.187,0.231,0.411,,0.296,0.077,0.500,0.460,0.598,0.311,0.827,0.275
02-25,0.578,0.866,0.563,,0.141,1.113,0.642,,0.274,0.147,0.234,,,0.066,0.754,0.433,0.815,0.867,0.554,0.625
02-26,0.714,0.904,0.409,,0.554,0.190,0.313,,,0.199,0.379,,0.486,0.082,0.725,0.324,1.056,0.236,0.631,0.202
02-27,0.748,0.636,0.328,,0.826,0.072,0.600,,,0.205,0.369,,0.426,0.064,0.536,0.363,,0.578,0.759,0.161
02-28,0.799,0.619,0.100,,0.407,,0.275,,,0.171,0.170,,0.409,0.306,0.287,0.232,0.767,0.447,0.778,0.270
03-01,0.826,0.609,0.125,,,,0.475,,,0.172,0.082,,0.433,0.421,0.460,0.434,,0.500,0.781,0.500
03-02,0.778,,0.051,0.914,0.111,,,,,0.232,0.089,,0.600,0.143,0.274,0.253,,0.398,0.849,0.350
03-03,0.317,,0.085,0.488,0.221,,,,,0.199,0.423,,0.659,0.166,0.625,0.810,,0.387,0.426,0.235
03-04,0.970,,0.277,0.497,0.475,,,,,0.239,0.236,,0.990,0.317,0.413,0.708,,0.499,0.335,0.515
03-05,0.907,,0.456,0.293,0.444,,,,,0.549,,,0.426,0.497,0.196,,,0.864,0.545,0.412
03-06,,0.592,0.513,0.491,0.649,,,,,0.681,0.451,,0.353,0.597,0.555,,,0.728,0.662,0.499
03-07,0.476,0.447,0.447,0.596,0.643,,,,0.119,0.888,0.597,,0.537,0.371,0.251,,,0.529,1.248,0.479
03-08,,0.729,0.612,0.507,0.281,,,,,0.613,0.296,,0.468,0.404,0.124,,0.496,0.784,0.701,0.379
03-09,0.803,0.877,0.496,0.290,0.556,,,,,0.736,0.114,,0.410,0.573,0.100,,,0.684,0.520,0.637
03-10,0.811,0.222,0.519,0.605,0.777,,,,0.100,0.920,,,0.541,0.165,0.093,,,0.972,0.437,0.747
03-11,0.640,0.227,0.624,0.677,0.667,,,,,0.724,,,0.653,0.160,0.065,,0.033,0.416,0.264,0.500
03-12,0.534,0.220,1.037,1.344,0.760,,,,0.618,0.932,,,0.403,,0.460,,0.196,0.531,0.648,0.268
03-13,0.620,0.860,0.443,1.083,,,,,0.274,1.011,,,0.378,,0.493,,0.417,1.156,0.445,0.312
03-14,0.606,0.158,0.698,0.841,0.180,,,1.035,0.497,,,,0.322,,0.374,,0.459,0.681,0.697,0.582
03-15,0.437,0.313,0.279,0.434,,,,0.581,0.613,0.391,0.089,,0.485,,0.414,,0.582,,0.516,0.761
03-16,0.446,0.299,0.608,0.155,,,,0.360,0.334,0.427,,,0.561,,0.086,,,1.049,0.417,
03-17,0.807,,0.644,0.124,,,,0.334,0.186,0.857,,,0.307,,0.309,0.562,1.107,0.522,0.531,1.680
03-18,0.432,0.230,0.811,0.181,0.999,,,0.219,,0.499,,,,,0.080,0.323,,,0.418,0.453
03-19,0.356,1.213,0.482,0.260,0.367,,0.095,0.350,0.793,0.283,,,0.328,0.625,,0.760,,,0.324,0.411
03-20,0.520,1.294,0.644,0.327,,,0.566,0.536,0.762,0.284,,,0.089,,1.062,0.878,,0.226,0.723,0.314
03-21,0.562,0.322,1.089,0.442,0.291,0.328,0.645,0.825,0.744,,,,0.082,0.364,0.415,0.455,,0.186,0.714,0.665
03-22,,0.445,0.733,0.797,0.440,0.486,1.248,0.512,0.514,0.252,,,0.130,0.062,0.366,0.545,,0.180,0.491,0.295
03-23,0.679,0.502,0.546,0.853,0.520,0.394,0.771,0.443,0.605,0.231,,,0.266,0.067,0.294,0.616,,0.189,0.286,0.239
03-24,0.951,0.645,0.854,0.537,0.408,0.210,1.019,0.536,0.717,0.450,,,0.557,0.361,0.349,0.246,,0.447,0.119,0.255
03-25,1.029,0.743,0.662,0.371,0.611,,,0.613,0.557,0.502,,,0.360,0.603,0.567,0.239,,0.337,0.200,0.183
03-26,0.828,0.874,0.603,0.647,0.400,0.294,0.567,0.580,0.689,0.482,,,0.563,0.910,0.483,0.181,0.120,0.523,0.523,0.093
03-27,0.647,0.484,0.578,0.475,,,0.766,1.071,0.763,0.216,,,0.567,0.678,0.269,,0.047,0.289,0.635,0.182
03-28,1.075,0.240,0.108,,0.369,,0.572,1.281,0.600,,,,0.568,,0.287,0.352,0.270,0.338,0.308,0.227
03-29,0.917,0.155,0.211,0.319,0.835,0.319,0.789,0.740,0.875,0.285,,,0.916,0.471,0.510,0.296,0.229,0.197,0.493,0.322
03-30,1.024,0.294,0.476,,,0.240,0.641,0.629,0.724,0.106,,,0.418,0.365,0.781,0.214,,0.146,0.897,0.891
03-31,0.725,0.676,0.547,,,0.859,,0.883,0.799,0.372,,,,0.290,0.503,0.406,0.360,0.330,0.471,0.954
04-01,0.370,0.917,0.716,0.739,1.112,0.790,0.665,0.531,0.808,0.174,,,,0.269,0.961,0.610,0.155,0.167,0.245,0.590
04-02,,0.512,0.890,,0.247,0.973,0.462,0.464,0.460,0.208,,,0.228,0.545,0.569,0.673,0.121,0.197,0.558,0.681
04-03,,0.867,0.598,0.778,0.374,0.617,0.215,0.365,0.552,0.179,,,0.166,0.244,0.972,0.675,0.354,0.241,0.812,0.509
04-04,1.569,0.632,0.950,0.262,0.151,0.986,0.325,,0.661,0.150,,,0.364,,0.596,0.207,0.764,0.289,0.890,0.672
04-05,,0.573,0.719,0.556,,1.096,0.460,,0.864,0.625,,,,1.083,0.476,0.499,0.578,0.682,0.819,0.761
04-06,,0.260,0.667,0.386,0.172,1.445,0.806,,0.406,0.838,,,0.157,0.535,0.259,0.520,1.141,1.353,0.880,0.673
04-07,0.995,0.658,0.371,0.435,,1.794,0.798,,0.927,1.030,,,0.292,0.530,0.209,0.322,0.659,0.719,0.676,0.456
04-08,,0.616,0.277,0.983,,1.052,0.613,0.279,0.803,,,,0.429,0.503,1.104,0.563,0.907,0.904,0.581,0.860
04-09,0.449,0.479,0.385,,,1.613,0.748,,0.896,,,,0.786,0.225,0.350,0.669,0.909,,0.709,0.457
04-10,0.610,0.413,0.976,0.881,,0.596,,0.193,1.114,,,,,0.279,0.413,0.577,0.808,0.809,0.988,0.357
04-11,1.173,1.071,0.814,0.396,0.075,0.507,0.543,0.265,0.662,0.564,,,0.739,0.328,0.524,1.578,0.578,0.838,1.244,0.454
04-12,1.208,0.823,0.637,0.629,,1.215,0.527,0.253,1.217,0.410,,,0.663,0.278,0.567,0.852,0.682,0.343,0.572,0.286
04-13,1.312,0.664,0.476,0.469,0.182,0.984,0.431,0.212,,0.419,,,0.711,0.084,0.566,,0.636,,0.389,0.560
04-14,0.612,0.835,0.554,0.520,0.874,,0.267,0.697,0.901,0.437,,,0.576,0.233,0.684,0.527,0.504,,0.293,1.125
04-15,0.571,0.301,0.874,0.568,1.039,2.114,0.218,0.971,1.288,0.318,,,0.653,0.475,1.381,0.506,0.320,0.429,0.505,1.094
04-16,,0.424,1.026,0.575,0.897,1.777,0.541,0.442,0.687,0.288,,,0.600,,0.675,0.489,0.544,0.412,0.598,0.798
04-17,,0.525,0.577,0.519,0.253,1.041,0.667,,1.019,0.559,,,0.720,,,0.657,0.503,0.702,0.798,0.944
04-18,,0.696,0.573,0.590,0.214,0.798,0.453,,0.760,1.170,,,1.099,0.846,0.587,0.525,0.680,0.956,0.606,0.225
04-19,,0.745,0.761,0.823,,1.338,0.976,0.666,1.116,1.000,,,0.751,1.486,0.322,0.307,0.943,0.606,0.318,0.801
04-20,,0.830,0.854,0.758,0.335,0.909,,0.857,0.714,1.025,,,0.999,0.898,0.360,0.454,,0.406,0.477,0.415
04-21,,0.880,0.776,0.650,0.757,1.187,,0.477,0.760,0.410,,,0.497,0.937,0.304,0.549,0.855,0.614,0.521,0.389
04-22,,1.070,0.944,1.209,,0.957,0.923,0.391,0.731,0.433,,,0.218,1.409,0.275,0.846,,0.395,0.588,0.852
04-23,,0.748,1.304,1.022,0.916,1.855,0.860,0.480,0.586,0.367,,,0.240,1.196,0.569,0.559,,0.588,,0.891
04-24,,1.873,0.572,0.603,1.144,0.708,0.399,0.523,0.564,0.836,,,0.208,1.298,0.336,0.258,,0.606,,0.670
04-25,,0.867,0.664,0.721,0.468,0.469,0.508,0.689,0.794,0.675,,,0.207,0.753,0.479,0.507,,0.634,0.781,0.410
04-26,,1.180,0.683,0.868,0.556,0.286,0.563,0.722,0.943,0.763,,,0.156,1.514,0.651,0.451,0.386,0.297,1.118,1.000
04-27,2.022,,0.906,0.749,0.783,1.108,0.912,,1.254,0.756,,,0.263,0.756,0.377,0.317,0.125,0.709,0.702,1.039
04-28,1.725,1.101,0.400,0.930,0.473,,0.589,1.239,,0.406,,,,0.791,0.243,0.753,0.381,0.304,0.898,1.306
04-29,1.308,1.572,0.477,1.081,0.685,1.082,0.979,1.826,0.885,0.377,,,0.850,1.003,0.648,,,,1.119,
04-30,0.788,,,0.556,0.530,0.890,0.946,1.253,0.671,0.389,,,0.885,,1.229,0.468,,0.262,0.842,0.824
05-01,1.236,0.909,0.768,1.126,0.850,1.014,0.536,1.005,0.750,0.259,,,0.609,0.374,0.410,0.517,0.575,0.820,0.404,0.367
05-02,3.072,1.967,0.899,0.816,,1.201,0.581,0.626,0.820,0.501,,,,1.134,0.262,0.922,0.563,1.010,,0.385
05-03,1.994,,0.810,0.825,1.101,0.465,1.035,0.563,1.790,0.695,,,0.822,1.399,0.715,0.822,1.547,1.182,0.715,0.627
05-04,,1.307,0.468,0.727,,0.816,0.953,0.554,0.939,0.727,,,0.976,1.384,0.481,1.065,1.654,1.492,0.834,0.682
05-05,,,0.713,0.546,,1.911,1.125,0.579,1.298,0.581,,,1.090,0.582,0.266,0.934,0.876,,,0.848
05-06,2.128,0.525,0.831,1.026,1.162,2.274,0.876,0.732,1.034,0.428,,,0.860,1.329,0.691,0.632,0.490,0.641,,0.427
05-07,,1.328,0.923,0.783,0.827,1.968,0.764,0.807,1.174,0.381,,,0.960,1.262,,0.439,0.178,0.979,,
05-08,,0.552,1.093,0.995,0.835,1.747,1.461,,1.239,0.334,,,1.298,1.027,,0.188,0.418,1.048,,
05-09,1.012,,0.516,0.969,1.251,1.136,1.132,2.248,1.593,0.437,,,1.816,2.290,0.862,0.629,0.666,,,
05-10,1.159,0.738,0.653,1.320,0.786,1.134,1.006,0.855,,0.717,,,1.433,1.628,0.920,0.392,0.587,1.304,0.378,
05-11,1.029,0.871,0.629,0.831,0.690,1.791,0.707,1.074,0.784,1.610,,,0.897,2.191,0.426,,0.860,0.679,0.644,
05-12,,,0.856,0.929,0.768,1.535,1.292,1.234,0.656,1.222,,,1.398,1.787,0.610,0.528,0.756,,0.930,
05-13,,,1.198,0.803,0.910,1.790,0.545,,0.790,1.602,,,,1.842,0.374,1.428,0.468,,0.796,
05-14,0.510,1.402,0.896,0.774,0.490,2.283,0.424,,0.481,0.440,,,0.373,1.192,0.617,0.499,1.034,,0.694,1.249
05-15,0.281,0.717,,0.994,0.258,2.050,0.477,,0.524,0.537,,,0.459,0.812,0.577,0.450,,0.755,0.401,1.395
05-16,0.488,0.621,2.006,0.499,0.334,0.968,0.868,0.772,0.946,0.621,,,0.699,0.662,0.563,0.453,,1.552,,1.506
05-17,0.642,0.373,0.692,0.792,1.267,1.416,0.676,1.158,0.848,0.348,,,,0.697,0.583,0.592,0.686,1.145,,
05-18,1.438,0.554,1.849,0.240,0.851,1.242,0.752,1.103,1.235,,,,0.581,0.606,,0.463,0.580,1.369,,0.745
05-19,0.936,0.677,0.634,0.483,,0.877,1.342,1.444,1.216,,,,0.480,0.795,0.608,0.578,0.654,0.808,0.459,0.545
05-20,1.085,0.549,1.024,0.471,0.550,0.762,0.855,1.170,,0.645,,,0.332,0.690,0.452,0.923,1.491,0.835,0.564,0.687
05-21,0.756,0.995,0.668,0.596,0.512,0.673,0.404,1.100,0.557,,,,0.375,1.033,0.736,0.482,1.488,1.085,,0.681
05-22,0.819,1.184,0.494,0.523,0.475,0.401,0.501,0.886,0.409,,,,,0.992,0.989,,0.792,0.835,0.654,0.541
05-23,1.403,,0.566,0.723,0.484,0.920,0.486,1.524,0.334,0.670,,,,0.627,1.373,0.473,0.857,0.952,,0.794
05-24,2.643,1.498,,1.494,1.783,0.781,0.612,1.085,0.832,0.455,,,0.403,0.684,0.824,0.645,0.789,1.218,,1.050
05-25,0.812,0.468,0.614,0.855,0.386,,0.954,0.991,0.681,,,,0.660,1.076,,0.458,0.502,,,1.034
05-26,0.598,0.286,0.794,0.509,0.452,,0.980,0.743,1.697,0.449,,,0.595,1.568,1.204,0.459,1.096,0.652,,
05-27,0.541,,0.720,1.028,0.744,,,0.585,0.803,0.336,,,0.788,0.630,1.360,0.658,,0.831,,0.556
05-28,1.599,0.505,0.511,,0.763,,,0.787,0.298,,,,0.437,0.580,,0.742,0.632,0.649,0.219,0.602
05-29,1.013,0.646,,1.091,,,,1.117,0.312,0.639,,,0.268,0.385,,,0.787,0.781,0.210,0.920
05-30,,1.338,0.609,1.287,,,,1.274,0.615,1.053,,,,0.806,1.449,,0.678,0.703,0.487,0.743
05-31,1.333,1.774,0.473,0.613,0.793,,,0.490,0.444,0.576,,,0.262,0.298,,,0.651,,0.168,0.742
06-01,0.991,1.083,0.728,0.577,,,,0.323,,0.785,,,0.545,0.478,0.180,,0.900,,0.356,0.241
06-02,1.232,1.139,0.542,0.469,,,,0.428,0.256,0.646,,,0.473,0.197,0.269,0.862,,0.449,0.356,
06-03,0.335,0.662,1.009,,0.792,,,0.419,0.212,0.644,,,0.392,0.283,0.506,,1.031,0.621,0.194,
06-04,0.386,1.394,1.056,,,,,0.540,0.445,0.525,,,0.586,0.302,0.646,0.537,0.836,0.669,0.160,
06-05,,1.222,1.398,,0.289,,,1.023,0.660,0.303,,,0.527,0.277,,,0.506,0.785,0.444,0.414
06-06,1.197,,0.849,1.559,0.192,,,0.836,1.047,0.289,,,0.783,0.239,,1.286,,0.646,0.912,
06-07,,,,1.993,,,,0.714,,0.262,,,0.656,0.334,,0.392,1.038,0.589,1.023,0.605
06-08,,0.534,,1.159,,,,0.924,0.742,0.408,,,0.654,0.482,,0.248,0.698,0.567,0.711,0.378
06-09,,0.895,,,,,,1.495,,1.033,,,0.449,,0.294,0.412,,0.726,0.674,0.208
06-10,,0.563,0.565,0.964,1.202,,,0.708,,0.586,,,0.285,0.527,0.840,0.720,1.164,0.583,0.672,0.182
06-11,,,1.731,0.773,,,,0.674,0.380,0.520,,,0.439,,0.655,0.724,1.055,0.461,0.644,
06-12,0.780,0.692,0.377,1.116,0.880,,,0.526,,0.634,,,0.337,0.453,0.929,0.405,0.599,0.384,1.432,0.511
06-13,0.646,1.269,0.704,1.459,0.540,,,0.722,0.703,0.418,,,0.456,1.490,0.648,0.773,0.433,0.460,,0.620
06-14,0.467,0.948,1.499,1.770,0.445,,,0.652,0.801,0.692,,,0.435,1.020,0.614,,0.261,0.219,,0.579
06-15,,,,0.939,0.430,,,,1.090,0.682,,,0.453,1.421,0.394,0.300,,0.308,,0.717
06-16,0.480,0.596,0.380,,0.895,,,1.436,0.657,0.957,,,,0.625,0.402,0.561,0.325,0.285,,0.567
06-17,0.612,0.197,0.177,1.060,,,,0.901,1.908,0.665,,,,0.594,0.624,0.807,,0.268,,0.415
06-18,,0.562,0.330,,,0.520,,0.589,0.941,0.556,,,0.780,0.338,0.638,,,,,0.372
06-19,,0.890,0.343,,,,,0.821,0.261,,,,,0.798,0.772,0.282,0.491,,,0.793
06-20,1.316,0.372,0.350,0.948,,,,,0.283,1.707,,,,,,0.606,,,,0.980
06-21,,,,,,,,0.515,0.591,0.458,,,0.371,,0.572,0.823,,0.287,,0.379
06-22,0.101,0.749,,,,,,1.340,0.530,0.351,,,,,1.213,1.093,0.304,0.514,,1.504
06-23,0.331,0.908,0.217,,,,,1.021,,,,,1.404,,,0.562,0.654,0.242,,0.686
06-24,0.529,0.976,0.487,0.574,,,,1.248,1.146,,,,,,,1.015,0.899,0.896,,
06-25,0.624,1.147,0.580,,,,,0.704,0.521,,,,0.461,0.479,,0.832,0.592,,,
06-26,,0.976,0.444,0.413,,,,0.837,0.603,,,,0.406,1.044,,0.931,,,,0.833
06-27,1.341,0.761,0.718,,,,,1.092,0.495,,,,0.828,0.496,,2.403,0.426,1.905,,0.320
06-28,0.573,0.267,0.612,0.724,,,,,0.478,,,,0.201,0.544,,0.724,0.397,0.519,0.432,0.373
06-29,0.519,1.670,0.764,0.380,,,,0.738,,0.304,,,0.954,1.388,,1.612,0.532,,0.453,0.309
06-30,1.320,1.485,0.154,0.373,,0.199,,0.904,0.859,0.634,,,,0.192,,0.326,,,0.562,0.283
07-01,0.849,1.095,1.509,0.890,,0.874,,0.718,,0.478,,,0.539,0.331,,1.768,1.514,0.463,0.259,
07-02,0.702,1.496,0.831,0.561,,0.565,,1.681,,0.672,,,0.835,0.558,1.225,,0.476,0.545,0.987,0.170
07-03,,,0.346,,,0.599,,,0.801,0.381,,,0.518,0.693,2.217,1.218,0.325,,0.473,
07-04,0.703,1.273,0.511,,,,,0.790,0.376,0.597,,,0.866,1.108,,0.942,0.840,,0.721,0.752
07-05,0.675,1.197,0.284,,,0.134,,,,0.263,,,0.706,,0.402,1.424,,0.930,0.240,0.646
07-06,0.840,0.357,0.428,0.633,,,,0.758,,0.292,,,0.720,,0.426,0.863,,0.700,0.371,0.408
07-07,0.625,0.845,0.390,0.479,,,,0.730,,0.414,,,0.437,,0.672,0.725,0.440,0.694,0.315,0.540
07-08,0.319,0.497,0.484,,,,,0.508,,0.419,,,0.402,,0.318,0.586,0.544,,0.649,0.467
07-09,0.227,0.717,1.108,0.758,,,,0.615,,0.449,,,,0.679,0.832,0.519,0.388,,0.709,0.589
07-10,0.865,1.000,0.559,0.380,,,,1.186,,,,,,0.565,,0.444,0.714,,0.310,
07-11,0.392,0.298,0.388,0.288,,,,,,0.780,,,0.317,0.530,0.827,0.459,0.350,,0.973,
07-12,0.153,0.716,0.790,0.530,,,,0.573,0.625,0.203,,,,0.545,0.316,,,0.435,0.485,0.473
07-13,0.407,0.693,0.583,0.279,,,,0.523,0.362,0.381,,,,,0.300,0.379,0.460,0.934,0.721,0.491
07-14,0.393,0.707,,0.449,,,,0.459,0.309,0.729,,,,0.469,0.804,0.699,,0.414,,0.604
07-15,0.258,0.312,,0.818,,,,0.490,1.005,0.324,,,,0.592,1.196,,0.635,0.357,1.085,0.514
07-16,0.188,1.423,,0.587,,,,,1.542,0.678,,,,0.472,,,0.517,0.584,0.914,0.566
07-17,0.418,0.398,0.843,0.215,,,,,0.382,0.455,,,,0.925,0.428,,0.607,0.633,0.536,
07-18,0.768,0.449,0.706,0.498,,,,,1.097,0.630,,,,1.416,,,0.772,0.419,0.573,0.524
07-19,0.546,0.376,0.260,0.261,,,,0.616,0.724,0.392,,,,0.792,0.172,0.473,0.253,,0.728,0.319
07-20,,0.916,1.738,0.659,,,,1.481,,0.481,,,,0.161,0.327,0.414,0.085,0.484,0.331,0.557
07-21,,,0.485,0.520,,,,0.595,0.358,0.292,,,,0.399,0.257,,,0.812,0.255,0.284
07-22,,0.158,,0.492,,,,,,0.688,,,0.655,,0.256,,,0.904,0.353,0.341
07-23,,0.140,,1.027,,,,1.507,0.785,0.844,,,0.382,0.616,0.388,,0.223,,,0.477
07-24,,0.490,,,,,,1.662,1.313,0.499,,,0.483,0.453,0.184,,0.323,,0.316,0.322
07-25,,,0.932,0.762,,,,,0.802,0.757,,,1.245,0.506,0.701,,0.720,,,
07-26,,,0.586,,,,,,0.567,0.573,,,1.836,,0.353,0.393,0.768,0.735,,
07-27,,0.253,0.696,0.330,,,,1.381,0.939,,,,0.595,0.298,0.412,0.543,1.268,0.656,,0.322
07-28,,0.612,0.422,0.731,,,,,0.363,0.368,,,0.527,0.524,0.451,0.361,0.358,0.887,,0.207
07-29,,0.647,,1.245,,1.197,,,0.432,0.623,,,0.323,0.402,0.481,0.365,0.273,0.366,,0.364
07-30,,0.705,0.617,0.738,,0.371,,0.814,0.356,0.561,,,0.463,,0.442,0.359,0.422,0.372,,0.376
07-31,,1.568,0.445,1.071,,0.310,,1.405,0.355,0.479,,,0.622,0.478,0.390,0.462,,0.304,,0.591
08-01,,0.287,0.369,,,0.553,,0.715,1.028,0.741,,,0.369,0.368,0.318,0.381,0.577,0.621,,0.409
08-02,,0.613,,1.093,,,,0.619,0.398,0.659,,,0.934,0.460,0.350,0.608,1.033,0.916,,0.557
08-03,,1.580,0.256,0.483,,0.765,,0.467,0.585,0.576,,,0.649,0.452,0.267,0.506,0.578,0.293,,0.218
08-04,,1.696,0.484,0.665,,,,0.743,0.929,0.475,,,0.900,0.510,,1.053,,0.898,,0.567
08-05,,0.667,0.424,0.568,,,,0.539,0.884,0.643,,,0.543,0.400,0.973,0.452,,0.711,,0.538
08-06,,0.600,0.879,,,1.652,,,1.075,0.346,,,0.321,0.564,0.324,0.394,,0.184,,0.443
08-07,,0.783,1.211,0.347,,0.551,,0.375,0.404,0.774,,,0.784,0.477,,0.298,,0.239,,
08-08,,0.556,0.282,0.421,,,,0.712,0.538,0.808,,,0.327,,0.284,0.356,,0.344,,0.161
08-09,,0.726,0.221,0.236,,0.313,,0.786,0.411,0.469,,,,,0.422,0.720,0.529,0.318,,0.663
08-10,,0.729,,0.536,,0.244,,0.536,0.376,0.171,,,,,0.560,0.403,,,,0.283
08-11,,0.864,,0.790,,,,0.325,0.244,0.338,,,,,,0.325,0.224,0.222,,0.369
08-12,,,,0.552,,0.953,,0.750,0.150,0.347,,,,,,0.216,0.575,0.376,,0.225
08-13,,0.366,,0.494,,0.875,,0.321,0.305,0.388,,,,0.235,,0.166,,0.195,,0.263
08-14,,0.646,,,,,,0.403,1.023,0.321,,,,0.254,0.452,0.617,0.477,0.187,,0.294
08-15,,0.541,1.107,0.420,,,,0.774,0.596,0.933,,,,0.245,0.453,,0.382,0.551,,0.307
08-16,,1.474,1.509,,,,,,0.627,0.464,,,,0.391,0.258,0.619,,,,0.278
08-17,,0.746,,0.226,,0.520,,0.222,1.716,0.572,,,,0.143,0.348,0.407,,0.184,,0.321
08-18,,0.588,,1.326,,0.528,,0.688,0.903,,,,,,,0.547,,0.477,,0.501
08-19,,0.502,0.872,0.495,,,,0.795,,0.783,0.468,,,0.302,0.233,0.235,0.225,0.556,,
08-20,,0.607,0.517,0.961,,,,0.593,,0.244,0.402,,,,0.686,0.669,1.062,0.506,,
08-21,,0.593,0.465,,,,,0.852,,1.322,,,,,0.572,,0.629,0.359,,0.276
08-22,,0.288,0.353,0.206,,,,,,0.419,0.142,,0.697,1.041,,,0.660,0.671,,0.644
08-23,,0.463,,0.334,,,,,0.309,0.318,,,,0.475,0.452,0.452,0.744,0.544,,
08-24,,,0.103,0.671,,,,,1.853,0.405,0.652,,,0.322,0.656,0.527,,0.378,,0.631
08-25,,,0.327,0.619,,,,1.008,1.410,0.747,,,0.414,,0.708,0.164,0.768,0.394,,0.542
08-26,,1.318,0.308,0.573,,,,0.629,1.087,0.683,,,0.512,,0.501,0.133,0.680,0.957,,
08-27,,,0.740,0.709,,,,,,,,,,,0.324,0.341,0.980,0.686,,0.242
08-28,,0.251,0.281,0.825,,,,0.384,0.619,0.462,0.544,,0.723,0.959,0.323,,0.890,0.519,,0.660
08-29,,0.689,,0.634,,,,,,,,,0.442,,0.513,0.537,0.932,,,0.560
08-30,,,,0.560,,,,,0.751,,0.421,,0.561,,0.494,0.390,0.766,,,0.272
08-31,,,,0.470,,,,,0.444,,,,0.690,0.923,0.534,0.509,0.771,,,0.255
09-01,,0.463,0.259,0.537,,,,,0.831,0.455,0.311,,,0.375,,0.326,,,,0.296
09-02,,0.426,,0.507,0.941,,,,1.147,0.427,0.792,,0.113,,,1.343,,,,0.544
09-03,,0.835,1.085,1.132,1.615,,,,0.697,0.993,0.344,,0.724,,,2.177,,,,0.519
09-04,,,0.134,0.822,1.368,,,0.733,0.534,0.576,,,0.472,,,1.297,,,,
09-05,,0.701,1.189,0.641,0.834,,,0.688,0.776,,,,0.363,0.866,0.572,0.789,,,,0.488
09-06,,0.429,0.972,0.371,1.371,,,0.868,0.477,,,,0.556,0.556,0.567,0.521,0.253,,,
09-07,,0.729,0.407,1.467,0.492,,,,,1.097,,,0.407,,,0.342,0.635,,,0.667
09-08,,1.067,,,0.475,,,0.289,,1.150,0.168,,0.500,,0.287,0.351,0.359,,,0.523
09-09,,0.685,1.041,0.717,0.407,,,,,0.904,0.604,,0.481,0.337,0.504,0.967,,,,0.404
09-10,,,1.718,0.345,0.422,,,0.692,0.748,1.258,,,0.457,1.757,0.615,,0.974,,,0.713
09-11,,,1.865,,,,,,0.546,0.599,0.878,,0.482,,0.472,0.193,0.733,0.312,,0.585
09-12,,0.118,,,,,,,0.887,0.354,,,0.214,,0.509,2.279,1.583,0.368,,
09-13,,0.914,,0.702,0.610,,,0.662,,0.843,,,0.776,,,,0.739,0.320,,
09-14,,,0.136,0.459,0.395,,,0.778,,0.554,,,0.964,,,,0.646,,,
09-15,,0.745,,,0.471,,,0.281,,,,,0.333,,,0.871,0.487,,,0.350
09-16,,0.506,,,0.446,,,0.329,1.281,,,,0.692,,,,,,,0.625
09-17,,0.419,0.505,,,,,0.929,,0.377,,,0.723,0.183,0.057,,0.704,0.295,,0.545
09-18,,0.838,1.013,,,,,0.709,,,,,1.494,0.594,,1.021,0.489,0.526,,0.169
09-19,,0.212,1.664,0.212,,,,0.791,,0.487,,,0.387,0.604,0.391,0.488,0.341,0.511,,0.360
09-20,,0.503,,0.428,,,,0.951,,0.453,,,0.653,0.502,0.641,0.417,0.257,,,0.779
09-21,,0.493,0.661,0.240,,,,0.690,,0.764,0.415,,1.039,0.790,,,0.320,,,0.496
09-22,,0.263,0.165,,,,,0.387,,0.507,0.754,,0.962,0.172,,0.358,0.363,,,0.620
09-23,,,0.365,,,,,0.172,,0.388,0.392,,0.408,0.703,0.354,0.448,,,,0.478
09-24,,,,0.712,,,,0.345,,0.216,0.936,,0.249,0.866,0.388,0.506,1.374,,,0.654
09-25,,,,1.173,,,,0.283,,,,,0.629,,0.667,0.293,1.378,0.585,,0.750
09-26,,,,0.733,,,,1.025,,,,,0.682,,0.624,,,1.675,,0.952
09-27,,,2.124,0.547,,,,,,,,,1.335,,0.650,,,0.844,,0.511
09-28,,,,,,,,,,0.141,,,0.386,0.286,0.213,,,,,
09-29,,,1.022,,,,,0.677,,,0.150,,0.983,0.492,,,0.551,,,
09-30,,,,,,,,0.667,,0.948,0.228,,1.160,0.445,,,,,,
10-01,,,,1.118,,,,0.219,,0.884,0.123,,1.025,0.569,0.259,,,,,0.459
10-02,,,,0.581,,,,0.373,,0.391,0.148,,,0.398,0.438,0.324,0.292,,,0.443
10-03,,,,,,,,0.384,,0.379,0.265,,0.267,0.577,0.774,0.361,0.447,0.311,,0.419
10-04,,,,0.370,,,,0.505,,1.045,0.314,,0.265,0.756,0.421,0.594,0.831,,,0.807
10-05,,,,0.443,,,,0.447,,0.356,0.506,,0.183,0.390,0.441,,0.287,0.119,,0.592
10-06,,,,,,,,0.563,,,0.496,,0.303,0.496,0.172,,0.368,0.101,,0.463
10-07,,,,,,,,0.838,,0.637,0.440,,0.157,,,,0.408,0.253,,0.238
10-08,,,,,,,,0.676,,0.143,0.573,,0.422,,,,0.144,0.322,,
10-09,,,,0.452,,,,0.181,,0.313,0.754,,0.571,0.652,,,,0.692,,0.392
10-10,,,,,,,,,,0.335,0.625,,0.982,0.482,1.389,,0.722,0.456,,0.339
10-11,,,,,,,,,,0.378,0.562,,0.458,0.405,1.323,,0.854,,,0.556
10-12,,,,0.384,,,,0.426,,0.254,0.555,,0.331,0.422,1.078,,0.460,,,
10-13,,,,0.520,,,,0.463,,0.260,0.181,,0.365,0.312,0.640,,0.203,0.418,,0.338
10-14,,,,1.233,,,,0.243,,,0.201,,0.380,0.560,0.350,,0.249,0.345,,0.374
10-15,,,,0.337,,,,0.461,,,0.574,,0.283,0.532,0.600,,0.623,,,0.668
10-16,,,,0.780,,,,,,0.263,0.366,,0.390,0.582,0.816,0.470,0.432,,,
10-17,,,,0.228,,,,0.945,,,0.573,,0.705,,1.215,,,0.476,,
10-18,,,,,,,,0.915,,,0.523,,0.473,1.370,,,,0.696,,0.202
10-19,,,,0.370,,,,,,0.606,0.607,,0.467,0.799,,,0.356,0.626,,0.164
10-20,,,,,,,,,,0.592,0.478,,0.382,0.522,,0.363,0.502,0.645,,
10-21,,,,0.660,,0.184,,,,0.372,0.331,,0.128,,,,,0.640,,0.108
10-22,,,,0.842,,,,,,0.290,0.571,,0.431,,0.341,0.592,,0.221,,
10-23,,,,0.754,,0.120,,,,0.898,0.590,,0.642,,0.586,0.048,0.194,,,0.409
10-24,,,,1.715,,,,,,,0.255,,0.306,,0.288,,0.465,,,0.473
10-25,,,,0.430,,,,0.412,,0.270,0.189,,0.211,0.391,0.434,0.447,0.590,0.400,,1.305
10-26,,,,1.066,,,,,,,0.382,,,,0.528,,0.373,0.662,,
10-27,,,,0.237,,,,,,,0.565,,,0.115,0.986,0.342,,0.379,,1.049
10-28,,,,0.392,0.657,,,,,,0.330,,,0.660,0.372,0.673,,0.627,,0.998
10-29,,,,0.503,0.654,,,,,,,,,0.600,0.245,0.131,0.380,0.692,,0.534
10-30,,,,0.256,0.867,,,,,,0.726,,0.551,0.153,0.443,,0.340,0.977,,1.331
10-31,,,,0.309,0.893,,,,,,0.542,,0.492,,0.387,,0.346,0.715,,
11-01,,,,0.780,0.455,,,,,0.581,0.524,,0.542,0.558,0.214,0.363,0.429,,,0.555
11-02,,,,1.341,0.239,,,,,0.331,0.321,,,,0.387,0.037,0.437,0.918,,
11-03,,,,0.607,0.193,,,,,0.450,,,0.579,,0.683,0.170,0.615,0.285,,0.330
11-04,,,,0.748,0.458,,,,,,,,,,,0.989,,0.190,,0.857
11-05,,,,0.500,0.434,,,0.262,,0.356,,,,,0.160,,,0.316,,0.547
11-06,,,,0.313,0.320,,,0.304,,0.306,,,,0.153,0.380,0.860,0.528,0.400,,0.526
11-07,,,,0.683,,,,0.317,,0.407,,,0.312,,0.916,0.648,0.314,0.154,,0.368
11-08,,,,,,,,0.429,,0.757,,,0.435,,0.703,,,0.236,,0.283
11-09,,,,0.185,0.419,,,0.526,,0.589,,,0.395,,0.676,0.145,,0.652,,0.212
11-10,,,,0.260,0.260,,,0.316,,0.471,,,,,0.384,,,0.561,,0.324
11-11,,,,0.432,,,,0.282,,,,,1.110,,0.335,,,0.683,,0.745
11-12,,,,0.377,0.571,,,0.388,,0.575,,,0.478,,0.086,0.491,,0.350,,0.539
11-13,,,,,0.692,,,0.452,,0.376,,,0.269,,1.569,0.298,,0.071,,
11-14,,,,0.516,,,,0.512,,0.390,,,0.481,,0.692,,0.417,0.243,,0.213
11-15,,,,0.304,,,,0.259,,0.514,,,0.281,,0.761,,,0.317,,0.535
11-16,,,,0.677,0.521,,,0.489,,0.437,,,0.350,,0.574,0.467,,0.237,,0.718
11-17,,,,0.354,0.743,,,0.552,,0.494,,,0.490,,0.271,0.536,,0.467,,0.383
11-18,,,,0.709,0.432,,,0.698,,0.771,,,0.132,,0.687,0.589,0.881,0.138,,0.378
11-19,,,,,0.449,,,,,0.875,,,0.044,,0.783,1.175,,0.442,,0.593
11-20,,,,0.273,0.534,,,,,0.589,,,0.160,,,,0.263,0.435,,0.737
11-21,,,,0.506,0.656,,,0.695,,0.859,,,0.265,,0.319,,0.231,0.349,,
11-22,,,,0.405,0.622,,,0.553,,0.255,,,0.909,,0.272,,,0.400,,0.463
11-23,,,,0.716,0.389,,,0.504,,0.319,,,0.618,,0.153,,0.465,0.370,,
11-24,,,,0.694,0.183,,,,,0.285,,,0.306,,,,,0.495,,
11-25,,,,0.721,0.413,,,,,1.035,,,0.201,0.316,0.320,0.618,0.621,0.305,,0.308
11-26,,,,0.886,0.290,,,0.354,,0.634,,,0.478,0.107,0.217,,0.366,0.065,,0.222
11-27,,,,0.800,0.204,,,0.674,,,,,0.560,,0.085,,0.523,0.212,,0.432
11-28,,,,0.887,0.418,,,0.366,,,,,0.612,,0.286,,,0.350,,0.203
11-29,,,,0.672,0.492,,,0.642,,,,,0.472,0.738,,,,0.223,,0.318
11-30,1.067,,,0.474,0.467,,,0.488,,0.125,,,0.569,0.633,,,0.301,0.464,,0.438
12-01,0.492,,,0.386,0.546,,,0.685,,0.055,,,0.646,0.348,,0.808,,0.473,,0.145
12-02,0.477,,,0.457,0.605,,,0.229,,0.061,,,0.412,0.110,,0.544,,0.703,,0.420
12-03,0.330,,,0.504,0.558,,,0.200,,0.071,,,0.321,0.254,0.518,,,0.661,,0.246
12-04,0.644,,,0.390,0.422,,,0.389,,,,,0.236,0.333,0.638,,0.048,0.451,,0.247
12-05,0.643,,,1.518,0.357,,,0.407,,,,,0.258,,,,,0.351,,0.366
12-06,0.501,,,,,,,0.454,,0.091,,,0.278,,,0.518,,0.332,,0.152
12-07,0.350,,,0.768,0.811,,,0.485,,0.300,,,0.351,,0.277,,,0.360,,0.260
12-08,0.702,,,0.669,0.400,,,0.646,,0.123,,,0.386,,0.480,,,,,0.378
12-09,0.686,,,0.547,0.422,,,0.504,,0.363,,,0.370,,0.399,,,,,0.173
12-10,0.286,,,1.134,0.714,,,0.534,,0.519,,,0.308,,,1.136,,0.149,,0.433
12-11,0.642,,,0.502,0.250,,,,,0.832,,,0.252,,,,,0.432,,0.928
12-12,0.477,,,0.311,0.441,,,,,0.856,,,0.205,,,,,0.220,,0.496
12-13,0.398,,,0.254,0.333,,,,,0.460,,,,,,,,0.370,,0.345
12-14,0.916,,,0.139,,,,,,0.600,,,0.584,,,,,0.525,,0.186
12-15,0.591,,,0.343,0.791,,,,,0.676,,,0.376,,,,,0.257,,0.397
12-16,0.458,,,0.515,,,,,,,,,0.407,,,,,0.055,,0.289
12-17,0.691,,,0.483,1.146,,,,,0.443,,,,0.309,,,,0.757,,0.510
12-18,0.538,,,0.436,0.708,,,,,,,,0.781,0.393,,,,0.613,,0.940
12-19,0.563,,,0.411,0.830,,,,,,,,0.331,0.303,,,,0.831,,0.935
12-20,0.574,,,0.386,0.399,,,,,1.420,,,0.384,0.338,,,,0.398,,0.466
12-21,0.615,,,0.378,0.195,,,,,0.657,,,0.373,,,,,0.463,,0.468
12-22,0.602,,,0.434,0.225,,,,,0.322,,,0.389,0.056,,,,0.122,,
12-23,0.602,,0.054,0.380,0.192,,,,,0.139,,,0.380,1.115,,,,0.477,,0.638
12-24,0.442,,,,,,,,,0.078,,,0.327,0.744,,,,0.438,,0.145
12-25,0.898,,,,,,,,,0.135,,,0.474,0.894,,,,0.525,,0.362
12-26,,,,0.559,0.238,,,,,0.079,,,0.291,0.478,,,,0.371,,0.355
12-27,0.141,,,0.484,0.308,,,,,0.108,,,0.182,0.278,,,,0.329,,0.691
12-28,,,,0.580,0.372,,,,,0.491,,,0.118,0.166,,,,0.407,,0.245
12-29,,,,,0.409,,,,,0.060,,,0.390,0.135,,,,0.578,,0.176
12-30,,,,0.421,0.306,,,,,0.398,,,0.139,0.092,,,,0.361,,0.077
