Date,Cld. F.
2005-01-01,0.0000
2005-01-02,0.0000
2005-01-03,0.0000
2005-01-03,0.0000
2005-01-04,0.0000
2005-01-05,0.0000
2005-01-06,0.0000
2005-01-07,0.0000
2005-01-08,0.0000
2005-01-09,0.0000
2005-01-10,0.0000
2005-01-11,0.0000
2005-01-12,0.0000
2005-01-12,0.0000
2005-01-13,0.0000
2005-01-14,0.0290
2005-01-15,0.0000
2005-01-16,0.0000
2005-01-17,0.0000
2005-01-18,0.0000
2005-01-19,0.1090
2005-01-19,0.0000
2005-01-21,0.0790
2005-01-22,0.8070
2005-01-23,0.8570
2005-01-24,0.2990
2005-01-25,0.0000
2005-01-26,0.0000
2005-01-27,0.0000
2005-01-28,0.2710
2005-01-28,0.0000
2005-01-29,0.0000
2005-01-30,0.1650
2005-01-31,0.4570
2005-02-01,0.0700
2005-02-02,0.4460
2005-02-03,0.0760
2005-02-04,0.1020
2005-02-04,0.2460
2005-02-05,0.6990
2005-02-06,0.3320
2005-02-07,0.1290
2005-02-08,0.0260
2005-02-09,0.0000
2005-02-10,0.0000
2005-02-11,0.0000
2005-02-12,0.0000
2005-02-13,0.0000
2005-02-13,0.2940
2005-02-14,0.0000
2005-02-15,0.4810
2005-02-16,0.0000
2005-02-17,0.0000
2005-02-18,0.0000
2005-02-19,0.0000
2005-02-20,0.0000
2005-02-20,0.2040
2005-02-22,0.5360
2005-02-23,0.6050
2005-02-24,0.9880
2005-02-25,0.0870
2005-02-26,1.0000
2005-02-27,0.5360
2005-02-28,0.1600
2005-03-01,0.1630
2005-03-01,0.0000
2005-03-02,0.1180
2005-03-03,0.6320
2005-03-04,0.5610
2005-03-05,0.6650
2005-03-06,0.8370
2005-03-07,0.5500
2005-03-08,0.3130
2005-03-08,0.0620
2005-03-09,0.0000
2005-03-10,0.7310
2005-03-11,0.6750
2005-03-12,0.2610
2005-03-13,0.3340
2005-03-14,0.6580
2005-03-15,0.9510
2005-03-16,0.4590
2005-03-17,0.1980
2005-03-17,0.0000
2005-03-18,0.0000
2005-03-19,0.0000
2005-03-20,0.0000
2005-03-21,0.0000
2005-03-22,0.0000
2005-03-23,0.0000
2005-03-24,0.0000
2005-03-24,0.0000
2005-03-26,0.4730
2005-03-27,0.2720
2005-03-28,0.5380
2005-03-29,0.3820
2005-03-30,0.9590
2005-03-31,0.3590
2005-04-01,0.1230
2005-04-02,0.0340
2005-04-02,0.1080
2005-04-03,0.0000
2005-04-04,0.2940
2005-04-05,0.1070
2005-04-06,0.0000
2005-04-07,0.4050
2005-04-08,0.0000
2005-04-09,0.3910
2005-04-09,0.4360
2005-04-10,0.0000
2005-04-11,0.0000
2005-04-12,0.0000
2005-04-13,0.0000
2005-04-14,0.3230
2005-04-15,0.8100
2005-04-16,0.3510
2005-04-17,0.0000
2005-04-18,0.3580
2005-04-18,0.9050
2005-04-19,0.4920
2005-04-20,0.7180
2005-04-21,0.3250
2005-04-22,0.7560
2005-04-23,0.8860
2005-04-24,0.6470
2005-04-25,0.0000
2005-04-25,0.0000
2005-04-27,0.2560
2005-04-28,0.1660
2005-04-29,0.3720
2005-04-30,0.1350
2005-05-01,0.7080
2005-05-02,0.4610
2005-05-03,0.2560
2005-05-04,0.4340
2005-05-04,0.1510
2005-05-05,0.0490
2005-05-06,0.6290
2005-05-07,0.8890
2005-05-08,0.7910
2005-05-09,0.1980
2005-05-10,0.4090
2005-05-11,0.5980
2005-05-11,0.8420
2005-05-12,0.7200
2005-05-13,0.7230
2005-05-14,0.4700
2005-05-15,0.5260
2005-05-16,0.3230
2005-05-17,0.4670
2005-05-18,0.4360
2005-05-19,0.0000
2005-05-20,0.0350
2005-05-20,0.2040
2005-05-21,0.0000
2005-05-22,0.0000
2005-05-23,0.1750
2005-05-24,1.0000
2005-05-25,0.4530
2005-05-26,0.1030
2005-05-27,0.9780
2005-05-27,0.6090
2005-05-29,0.7050
2005-05-30,0.2210
2005-05-31,0.4710
2005-06-01,0.5420
2005-06-02,0.2390
2005-06-03,0.1160
2005-06-04,0.0000
2005-06-05,0.1000
2005-06-05,0.4690
2005-06-06,0.0000
2005-06-07,0.3710
2005-06-08,0.1990
2005-06-09,0.0000
2005-06-10,0.0680
2005-06-11,0.0140
2005-06-12,0.5130
2005-06-12,0.4950
2005-06-13,0.3630
2005-06-14,0.0000
2005-06-15,0.9530
2005-06-16,0.9050
2005-06-17,0.0000
2005-06-18,0.0000
2005-06-19,0.0000
2005-06-20,0.5220
2005-06-21,0.8360
2005-06-21,0.9490
2005-06-22,0.9960
2005-06-23,0.8510
2005-06-24,0.8380
2005-06-25,0.9120
2005-06-26,0.7070
2005-06-27,0.9620
2005-06-28,0.8390
2005-06-28,0.8700
2005-06-30,0.5710
2005-07-01,0.5700
2005-07-02,0.4320
2005-07-03,0.2600
2005-07-04,1.0000
2005-07-05,0.4400
2005-07-06,0.8610
2005-07-07,0.5700
2005-07-07,0.6400
2005-07-08,0.1650
2005-07-09,0.2540
2005-07-10,0.1560
2005-07-11,0.4140
2005-07-12,0.4450
2005-07-13,0.9050
2005-07-14,0.6190
2005-07-14,0.7440
2005-07-15,0.2780
2005-07-16,0.5070
2005-07-17,0.8970
2005-07-18,0.7180
2005-07-19,0.7090
2005-07-20,0.3990
2005-07-21,0.7010
2005-07-22,0.7220
2005-07-23,0.6620
2005-07-23,0.5980
2005-07-24,0.5120
2005-07-25,0.6780
2005-07-26,0.7700
2005-07-27,1.0000
2005-07-28,0.7330
2005-07-29,0.0720
2005-07-30,0.0000
2005-07-30,0.0000
2005-08-01,0.8090
2005-08-02,0.8100
2005-08-03,0.8080
2005-08-04,0.5100
2005-08-05,0.6900
2005-08-06,0.7320
2005-08-07,0.0000
2005-08-08,0.5650
2005-08-08,0.4510
2005-08-09,0.1580
2005-08-10,0.3530
2005-08-11,0.5220
2005-08-12,0.6980
2005-08-13,0.6950
2005-08-14,0.1310
2005-08-15,0.7030
2005-08-15,0.7750
2005-08-16,0.8140
2005-08-17,0.6530
2005-08-18,0.3690
2005-08-19,0.8760
2005-08-20,0.9760
2005-08-21,0.8910
2005-08-22,0.8250
2005-08-23,1.0000
2005-08-24,0.6860
2005-08-24,0.3470
2005-08-25,0.7750
2005-08-26,0.4700
2005-08-27,0.0000
2005-08-28,0.0830
2005-08-29,0.6630
2005-08-30,0.8980
2005-08-31,0.5930
2005-08-31,0.8830
2005-09-02,0.4250
2005-09-03,0.8940
2005-09-04,0.5740
2005-09-05,0.3820
2005-09-06,0.3170
2005-09-07,0.6970
2005-09-08,0.3430
2005-09-09,0.7180
2005-09-09,0.8570
2005-09-10,0.5730
2005-09-11,0.2300
2005-09-12,0.5620
2005-09-13,0.6650
2005-09-14,0.2770
2005-09-15,0.1500
2005-09-16,0.1670
2005-09-17,0.3910
2005-09-18,0.2360
2005-09-19,0.4980
2005-09-20,0.8250
2005-09-21,0.9050
2005-09-22,0.0000
2005-09-23,0.0000
2005-09-24,0.0000
2005-09-25,0.3710
2005-09-25,0.0980
2005-09-26,0.9080
2005-09-27,0.7380
2005-09-28,0.0000
2005-09-29,0.4200
2005-09-30,0.0150
2005-10-01,0.1840
2005-10-02,0.5030
2005-10-02,0.2240
2005-10-04,0.9370
2005-10-05,0.8700
2005-10-06,1.0000
2005-10-07,0.8020
2005-10-08,0.4630
2005-10-09,0.7750
2005-10-10,0.1710
2005-10-11,0.5900
2005-10-11,0.7000
2005-10-12,0.2790
2005-10-13,0.4250
2005-10-14,0.4110
2005-10-15,0.2830
2005-10-16,0.3470
2005-10-17,0.2410
2005-10-18,0.0000
2005-10-18,0.0630
2005-10-19,0.0000
2005-10-20,0.0000
2005-10-21,0.0000
2005-10-22,0.0000
2005-10-23,0.0000
2005-10-24,0.2840
2005-10-25,0.8100
2005-10-26,0.7340
2005-10-27,0.7600
2005-10-27,0.5580
2005-10-28,0.4140
2005-10-29,0.3170
2005-10-30,0.0000
2005-10-31,0.0720
2005-11-01,0.0000
2005-11-02,0.0000
2005-11-03,0.0000
2005-11-05,0.0000
2005-11-06,0.1430
2005-11-07,0.2160
2005-11-08,0.8400
2005-11-09,0.0980
2005-11-10,0.1330
2005-11-11,0.0000
2005-11-12,0.0000
2005-11-12,0.0000
2005-11-13,0.0000
2005-11-14,0.0000
2005-11-15,0.0000
2005-11-16,0.3710
2005-11-17,0.5590
2005-11-18,0.2520
2005-11-19,0.3980
2005-11-19,0.3380
2005-11-20,0.2330
2005-11-21,0.4050
2005-11-22,0.0000
2005-11-23,0.0000
2005-11-24,0.0000
2005-11-25,0.1310
2005-11-26,0.3480
2005-11-27,0.0000
2005-11-28,0.0000
2005-11-28,0.0000
2005-11-29,0.0000
2005-11-30,0.0000
2005-12-01,0.0000
2005-12-02,0.1390
2005-12-03,0.2240
2005-12-04,0.3360
2005-12-05,0.4700
2005-12-05,0.3480
2005-12-07,0.6740
2005-12-08,0.3880
2005-12-09,0.2850
2005-12-10,0.0270
2005-12-11,0.0000
2005-12-12,0.0000
2005-12-13,0.0000
2005-12-14,0.0000
2005-12-14,0.0010
2005-12-15,0.0000
2005-12-16,0.0000
2005-12-17,0.0000
2005-12-18,0.2460
2005-12-19,0.6030
2005-12-20,0.7790
2005-12-21,0.5960
2005-12-21,0.5140
2005-12-22,0.0040
2005-12-23,0.5630
2005-12-24,0.0000
2005-12-25,0.0000
2005-12-26,0.0000
2005-12-27,0.0000
2005-12-28,0.0000
2005-12-29,0.0000
2005-12-30,0.1940
2005-12-30,0.0000
2005-12-31,0.1110
2006-01-01,0.0000
2006-01-02,0.0000
2006-01-03,0.0000
2006-01-04,0.0000
2006-01-05,0.0000
2006-01-06,0.0000
2006-01-06,0.0000
2006-01-08,0.0000
2006-01-09,0.0000
2006-01-10,0.0000
2006-01-11,0.1460
2006-01-12,0.3180
2006-01-13,0.0000
2006-01-14,0.0000
2006-01-15,0.1180
2006-01-15,0.2500
2006-01-16,0.0000
2006-01-17,0.0760
2006-01-18,0.0000
2006-01-19,0.0000
2006-01-20,0.0000
2006-01-21,0.0000
2006-01-22,0.0230
2006-01-22,0.1690
2006-01-23,0.0050
2006-01-24,0.4140
2006-01-25,1.0000
2006-01-26,0.2640
2006-01-27,0.1170
2006-01-28,0.5460
2006-01-29,0.7450
2006-01-30,0.0000
2006-01-31,0.3880
2006-01-31,0.4630
2006-02-01,0.6040
2006-02-02,0.4160
2006-02-03,0.0000
2006-02-04,0.0000
2006-02-05,0.0000
2006-02-06,0.0000
2006-02-07,0.1100
2006-02-07,0.0430
2006-02-09,0.0000
2006-02-10,0.0000
2006-02-11,0.8300
2006-02-12,0.3210
2006-02-13,0.0000
2006-02-14,0.0000
2006-02-15,0.0000
2006-02-16,0.0000
2006-02-16,0.0270
2006-02-17,0.0000
2006-02-18,0.0000
2006-02-19,0.0000
2006-02-20,0.0000
2006-02-21,0.0000
2006-02-22,0.0000
2006-02-23,0.0000
2006-02-23,0.0020
2006-02-24,0.0000
2006-02-25,0.0450
2006-02-26,0.5300
2006-02-27,0.1480
2006-03-03,0.0000
2006-03-04,0.0060
2006-03-04,0.0000
2006-03-05,0.0000
2006-03-06,0.0000
2006-03-07,0.0000
2006-03-08,0.0000
2006-03-09,0.0000
2006-03-10,0.0000
2006-03-11,0.0000
2006-03-11,0.0000
2006-03-12,0.0000
2006-03-13,0.0000
2006-03-14,0.0000
2006-03-15,0.6810
2006-03-16,0.0000
2006-03-17,0.0000
2006-03-18,0.0000
2006-03-19,0.0000
2006-03-20,0.4850
2006-03-20,0.0000
2006-03-21,0.5630
2006-03-22,0.5250
2006-03-23,0.1530
2006-03-24,0.6070
2006-03-25,0.5420
2006-03-26,0.6440
2006-03-27,0.6900
2006-03-27,0.6750
2006-03-28,0.4140
2006-03-29,0.6540
2006-03-30,0.1510
2006-03-31,0.6300
2006-04-01,0.0030
2006-04-02,0.0000
2006-04-03,0.0000
2006-04-04,0.0000
2006-04-05,0.0000
2006-04-05,0.0000
2006-04-06,0.0000
2006-04-07,0.9190
2006-04-08,0.0000
2006-04-09,0.1970
2006-04-10,0.1480
2006-04-11,0.0000
2006-04-12,0.0000
2006-04-12,0.0000
2006-04-13,0.0000
2006-04-14,0.0000
2006-04-15,0.0000
2006-04-16,0.7330
2006-04-17,0.4890
2006-04-18,0.0000
2006-04-19,0.3180
2006-04-20,0.0340
2006-04-21,0.1750
2006-04-21,0.9990
2006-04-22,0.7640
2006-04-23,1.0000
2006-04-24,0.2830
2006-04-25,0.0000
2006-04-26,0.0150
2006-04-27,0.3110
2006-04-28,0.0000
2006-04-28,0.5580
2006-04-29,0.8430
2006-04-30,0.8860
2006-05-01,0.4620
2006-05-02,1.0000
2006-05-03,0.2040
2006-05-04,0.3050
2006-05-05,0.2710
2006-05-06,0.9430
2006-05-07,0.3560
2006-05-07,0.5150
2006-05-08,0.8340
2006-05-09,0.9850
2006-05-10,0.0080
2006-05-11,0.0060
2006-05-12,0.1260
2006-05-13,0.7470
2006-05-14,0.1940
2006-05-14,1.0000
2006-05-15,0.0610
2006-05-16,0.4480
2006-05-17,0.5730
2006-05-18,0.3060
2006-05-19,0.4200
2006-05-20,0.4240
2006-05-21,0.1740
2006-05-22,0.0000
2006-05-23,0.0000
2006-05-23,0.0000
2006-05-24,0.0000
2006-05-25,0.0000
2006-05-26,0.0970
2006-05-27,0.3890
2006-05-28,0.6690
2006-05-29,0.7250
2006-05-30,0.6450
2006-05-30,0.8880
2006-05-31,0.0000
2006-06-01,0.6660
2006-06-02,0.0050
2006-06-03,0.9590
2006-06-04,0.8580
2006-06-05,0.8340
2006-06-06,0.5120
2006-06-07,0.1370
2006-06-08,0.0000
2006-06-08,0.0000
2006-06-09,0.0000
2006-06-10,0.1100
2006-06-11,0.1230
2006-06-12,0.5670
2006-06-13,0.0000
2006-06-14,0.0000
2006-06-15,0.5490
2006-06-15,0.5170
2006-06-17,0.3850
2006-06-18,0.6780
2006-06-19,0.3260
2006-06-20,0.0000
2006-06-21,0.3540
2006-06-22,0.7810
2006-06-23,0.6750
2006-06-24,0.4290
2006-06-24,0.7900
2006-06-25,0.0450
2006-06-26,0.0000
2006-06-27,0.1820
2006-06-28,0.5980
2006-06-29,0.8060
2006-06-30,1.0000
2006-07-01,0.5340
2006-07-01,0.7710
2006-07-02,0.5290
2006-07-03,0.6500
2006-07-04,0.6410
2006-07-05,0.6910
2006-07-06,0.3600
2006-07-07,0.6740
2006-07-08,0.6240
2006-07-09,0.6480
2006-07-10,0.8980
2006-07-10,1.0000
2006-07-11,0.3080
2006-07-12,0.5420
2006-07-13,0.3790
2006-07-14,0.2130
2006-07-15,0.8460
2006-07-16,0.8620
2006-07-17,0.4170
2006-07-17,0.4300
2006-07-19,0.4160
2006-07-20,0.6800
2006-07-21,1.0000
2006-07-22,0.8420
2006-07-23,0.9600
2006-07-24,0.9230
2006-07-25,0.5970
2006-07-26,0.5560
2006-07-26,0.7330
2006-07-27,0.2330
2006-07-28,0.8530
2006-07-29,0.3640
2006-07-30,0.0380
2006-07-31,0.4040
2006-08-01,0.6690
2006-08-02,0.8060
2006-08-02,0.7300
2006-08-03,0.9030
2006-08-04,0.7870
2006-08-05,0.7130
2006-08-06,1.0000
2006-08-07,0.8110
2006-08-08,0.9580
2006-08-09,0.7440
2006-08-10,0.5510
2006-08-11,0.5890
2006-08-11,0.8660
2006-08-12,0.4470
2006-08-13,0.8060
2006-08-14,0.5020
2006-08-15,0.9330
2006-08-16,0.1310
2006-08-17,0.0000
2006-08-18,0.0370
2006-08-18,0.4810
2006-08-20,0.7820
2006-08-21,0.7550
2006-08-22,0.7310
2006-08-23,0.6850
2006-08-24,0.8990
2006-08-25,0.7820
2006-08-26,0.4520
2006-08-27,0.4720
2006-08-27,0.4480
2006-08-28,0.0000
2006-08-29,0.7510
2006-08-30,0.8580
2006-08-31,0.8650
2006-09-01,0.7810
2006-09-02,0.2150
2006-09-03,0.4960
2006-09-03,0.5930
2006-09-04,0.6270
2006-09-05,1.0000
2006-09-06,0.3880
2006-09-07,0.9580
2006-09-08,0.2380
2006-09-09,0.1710
2006-09-10,0.4810
2006-09-11,0.2770
2006-09-12,0.5770
2006-09-12,0.4970
2006-09-13,0.8530
2006-09-14,0.6760
2006-09-15,0.4400
2006-09-16,0.6070
2006-09-17,0.2340
2006-09-18,0.2820
2006-09-19,0.7600
2006-09-21,0.8180
2006-09-22,0.2810
2006-09-23,0.6030
2006-09-24,0.0710
2006-09-25,1.0000
2006-09-26,0.5070
2006-09-27,0.0000
2006-09-28,0.4140
2006-09-28,0.4190
2006-09-29,0.1070
2006-09-30,0.6550
2006-10-01,0.5460
2006-10-02,0.5000
2006-10-03,0.5080
2006-10-04,0.2030
2006-10-05,0.8270
2006-10-05,0.7410
2006-10-06,0.9500
2006-10-07,0.5890
2006-10-08,0.2020
2006-10-09,0.6260
2006-10-10,0.2950
2006-10-11,0.0000
2006-10-12,0.6810
2006-10-13,0.7040
2006-10-14,0.8340
2006-10-14,0.6350
2006-10-15,0.0520
2006-10-16,0.7140
2006-10-17,0.7140
2006-10-18,0.1040
2006-10-19,0.6340
2006-10-20,0.9580
2006-10-21,0.1800
2006-10-24,0.0000
2006-10-25,0.6890
2006-10-26,0.5650
2006-10-27,0.9540
2006-10-28,0.3660
2006-10-29,0.0000
2006-10-31,0.0000
2006-11-02,0.0000
2006-11-03,0.3860
2006-11-04,0.7730
2006-11-05,0.0000
2006-11-06,0.7010
2006-11-06,0.4010
2006-11-07,0.6460
2006-11-08,0.5770
2006-11-09,0.7840
2006-11-10,0.8860
2006-11-11,0.6880
2006-11-12,0.1060
2006-11-13,0.5840
2006-11-14,0.8900
2006-11-15,0.0620
2006-11-15,0.1370
2006-11-16,0.4910
2006-11-17,0.0810
2006-11-18,0.4930
2006-11-19,0.8710
2006-11-20,0.8830
2006-11-21,0.0000
2006-11-22,0.0000
2006-11-22,0.0000
2006-11-24,0.0000
2006-11-25,0.0000
2006-11-26,0.0000
2006-11-27,0.0000
2006-11-28,0.0000
2006-11-29,0.0000
2006-11-30,0.0000
2006-12-01,0.4760
2006-12-01,0.1320
2006-12-02,0.0000
2006-12-03,1.0000
2006-12-04,0.0760
2006-12-05,0.0000
2006-12-06,0.0000
2006-12-07,0.0000
2006-12-08,0.7020
2006-12-08,0.5890
2006-12-09,0.0420
2006-12-10,0.2970
2006-12-11,0.0000
2006-12-12,0.0540
2006-12-13,0.0460
2006-12-14,0.0410
2006-12-15,0.0000
2006-12-16,0.0000
2006-12-17,0.0240
2006-12-17,0.3170
2006-12-18,0.0000
2006-12-19,0.1980
2006-12-20,0.3200
2006-12-21,0.3130
2006-12-22,0.0850
2006-12-23,0.0000
2006-12-24,0.0000
2006-12-24,0.0000
2006-12-26,0.0000
2006-12-27,0.0000
2006-12-28,0.0000
2006-12-29,0.0000
2006-12-30,0.0000
2006-12-31,0.3830
2007-01-01,0.4520
2007-01-02,0.7000
2007-01-02,0.3910
2007-01-03,0.1370
2007-01-04,0.0000
2007-01-05,0.0000
2007-01-06,0.0000
2007-01-07,0.0310
2007-01-08,0.0000
2007-01-09,0.3390
2007-01-09,0.2130
2007-01-10,0.0000
2007-01-11,0.0170
2007-01-12,0.0000
2007-01-13,0.0640
2007-01-14,0.0000
2007-01-15,0.0000
2007-01-16,0.0000
2007-01-17,0.1620
2007-01-18,0.1130
2007-01-18,0.0000
2007-01-19,0.0000
2007-01-20,0.0000
2007-01-21,0.0000
2007-01-22,0.4190
2007-01-23,0.3470
2007-01-24,0.7600
2007-01-25,0.3060
2007-01-25,0.6710
2007-01-27,0.8990
2007-01-28,0.0000
2007-01-29,0.0560
2007-01-30,0.4810
2007-01-31,0.0000
2007-02-01,0.1950
2007-02-02,0.0000
2007-02-03,0.9150
2007-02-03,0.7820
2007-02-04,0.8760
2007-02-05,0.9270
2007-02-06,0.1400
2007-02-07,0.2590
2007-02-08,0.0000
2007-02-09,0.6090
2007-02-10,0.9790
2007-02-10,0.5590
2007-02-11,0.0000
2007-02-12,0.0000
2007-02-13,0.0000
2007-02-14,0.0000
2007-02-15,0.0000
2007-02-16,0.0000
2007-02-17,0.0000
2007-02-18,0.0000
2007-02-19,0.0000
2007-02-19,0.2790
2007-02-20,0.0000
2007-02-21,0.0000
2007-02-22,0.0000
2007-02-23,0.0000
2007-02-24,0.0000
2007-02-25,0.0000
2007-02-26,0.0000
2007-02-26,0.0000
2007-02-28,0.0000
2007-03-01,0.0000
2007-03-02,0.0000
2007-03-03,0.0000
2007-03-04,0.0000
2007-03-05,0.0000
2007-03-06,0.0000
2007-03-07,0.0000
2007-03-07,0.0000
2007-03-08,0.0000
2007-03-09,0.6560
2007-03-10,0.8650
2007-03-11,0.8240
2007-03-12,0.8910
2007-03-13,0.5410
2007-03-14,0.0790
2007-03-14,0.3620
2007-03-15,0.0000
2007-03-16,0.0000
2007-03-17,0.0000
2007-03-18,0.0000
2007-03-19,0.0000
2007-03-20,0.0950
2007-03-21,0.2440
2007-03-22,0.0000
2007-03-23,0.1220
2007-03-23,0.0930
2007-03-24,0.0000
2007-03-25,0.6820
2007-03-26,0.0350
2007-03-27,0.4980
2007-03-28,0.4520
2007-03-29,0.1800
2007-03-30,0.2970
2007-03-30,0.5080
2007-04-01,0.9610
2007-04-02,0.7990
2007-04-03,1.0000
2007-04-04,0.9900
2007-04-05,0.3050
2007-04-06,0.0000
2007-04-07,0.6270
2007-04-08,0.5880
2007-04-08,0.1490
2007-04-09,0.3810
2007-04-10,0.0000
2007-04-11,0.1040
2007-04-12,0.0000
2007-04-13,0.0000
2007-04-14,0.0000
2007-04-15,0.0790
2007-04-15,0.0290
2007-04-16,0.0000
2007-04-17,0.2390
2007-04-18,0.5700
2007-04-19,0.4690
2007-04-20,0.4920
2007-04-21,0.9530
2007-04-22,0.3410
2007-04-23,0.3150
2007-04-24,0.6190
2007-04-24,1.0000
2007-04-25,0.3760
2007-04-26,0.8130
2007-04-27,1.0000
2007-04-28,0.7710
2007-04-29,0.6900
2007-04-30,0.3650
2007-05-01,0.4060
2007-05-01,0.6070
2007-05-03,0.5530
2007-05-04,0.0830
2007-05-05,0.9140
2007-05-06,0.5280
2007-05-07,0.1670
2007-05-08,0.0000
2007-05-09,0.8580
2007-05-10,0.4680
2007-05-10,0.5700
2007-05-11,0.5660
2007-05-12,0.9580
2007-05-13,0.4270
2007-05-14,0.5590
2007-05-15,0.0000
2007-05-16,0.0000
2007-05-17,0.2340
2007-05-17,0.6400
2007-05-18,0.2540
2007-05-19,0.3070
2007-05-20,0.8830
2007-05-21,0.9540
2007-05-22,0.7770
2007-05-23,1.0000
2007-05-24,0.5820
2007-05-25,0.8370
2007-05-26,0.4080
2007-05-26,0.6110
2007-05-27,0.8100
2007-05-28,0.3010
2007-05-29,0.0310
2007-05-30,0.5080
2007-05-31,0.0340
2007-06-01,0.0000
2007-06-02,0.0000
2007-06-02,0.0040
2007-06-04,0.1390
2007-06-05,0.1350
2007-06-06,0.2610
2007-06-07,0.0000
2007-06-08,1.0000
2007-06-09,0.7640
2007-06-10,0.1010
2007-06-11,0.0090
2007-06-11,0.0870
2007-06-12,0.0000
2007-06-13,0.0000
2007-06-14,0.0000
2007-06-15,0.9630
2007-06-16,0.8400
2007-06-17,0.2860
2007-06-18,0.7340
2007-06-18,0.7660
2007-06-19,0.7560
2007-06-20,0.9380
2007-06-21,0.6920
2007-06-22,0.9120
2007-06-23,0.5540
2007-06-24,0.1520
2007-06-25,0.5940
2007-06-26,0.5980
2007-06-27,0.3810
2007-06-27,0.7870
2007-06-28,0.2820
2007-06-29,1.0000
2007-06-30,0.7210
2007-07-01,0.8040
2007-07-02,0.4000
2007-07-03,0.4490
2007-07-04,0.5740
2007-07-04,0.7560
2007-07-06,0.9020
2007-07-07,0.3650
2007-07-08,0.3150
2007-07-09,0.0030
2007-07-10,0.0000
2007-07-11,0.1750
2007-07-12,0.0000
2007-07-13,0.2290
2007-07-13,0.1360
2007-07-14,0.0000
2007-07-15,0.2250
2007-07-16,0.6140
2007-07-17,0.9800
2007-07-18,0.8220
2007-07-19,0.4130
2007-07-20,0.6310
2007-07-20,0.8290
2007-07-21,0.8540
2007-07-22,0.8800
2007-07-23,0.3170
2007-07-24,0.8120
2007-07-25,0.8100
2007-07-26,0.8170
2007-07-27,0.4230
2007-07-28,0.5240
2007-07-29,0.3600
2007-07-29,0.5250
2007-07-30,0.2600
2007-07-31,0.4290
2007-08-01,0.0000
2007-08-02,0.0000
2007-08-03,0.5060
2007-08-04,0.4420
2007-08-05,0.0210
2007-08-05,0.6070
2007-08-07,0.8500
2007-08-08,0.3430
2007-08-09,0.5710
2007-08-10,0.0000
2007-08-11,0.7710
2007-08-12,0.3760
2007-08-13,0.5260
2007-08-14,0.3280
2007-08-14,0.4230
2007-08-15,0.4980
2007-08-16,0.6500
2007-08-17,0.5850
2007-08-18,0.4350
2007-08-19,0.7210
2007-08-20,0.0650
2007-08-21,0.2260
2007-08-21,0.5100
2007-08-22,1.0000
2007-08-23,0.7310
2007-08-24,0.6610
2007-08-25,0.3820
2007-08-26,0.8430
2007-08-27,0.5730
2007-08-28,0.4440
2007-08-29,0.9600
2007-08-30,1.0000
2007-08-30,0.7730
2007-08-31,0.7650
2007-09-01,0.8190
2007-09-02,0.8170
2007-09-03,0.6570
2007-09-04,0.5170
2007-09-05,0.5600
2007-09-06,0.4020
2007-09-08,0.7580
2007-09-09,0.8050
2007-09-10,1.0000
2007-09-11,0.8310
2007-09-12,0.5760
2007-09-13,0.5990
2007-09-14,0.5470
2007-09-15,0.7690
2007-09-16,0.0000
2007-09-17,0.3350
2007-09-18,0.4260
2007-09-19,0.1050
2007-09-20,0.4600
2007-09-21,0.0000
2007-09-22,0.0000
2007-09-23,0.1750
2007-09-24,0.0000
2007-09-25,0.0000
2007-09-26,0.3820
2007-09-27,0.8540
2007-09-28,0.9310
2007-09-29,0.6910
2007-09-30,0.2120
2007-10-01,0.7610
2007-10-01,0.7010
2007-10-02,0.0000
2007-10-03,0.0000
2007-10-04,0.0000
2007-10-05,0.4260
2007-10-06,0.1700
2007-10-07,0.2290
2007-10-08,0.3430
2007-10-08,0.3160
2007-10-10,0.6430
2007-10-11,0.2770
2007-10-12,0.0000
2007-10-13,0.0000
2007-10-14,0.0000
2007-10-15,0.0000
2007-10-16,0.0000
2007-10-17,0.3740
2007-10-17,0.6140
2007-10-18,0.5250
2007-10-19,0.4020
2007-10-20,0.8360
2007-10-21,0.7140
2007-10-22,0.6260
2007-10-23,0.9240
2007-10-24,0.0000
2007-10-24,0.3020
2007-10-25,0.0000
2007-10-26,0.0000
2007-10-27,0.0000
2007-10-28,0.8380
2007-10-29,0.4930
2007-10-30,0.0680
2007-10-31,0.0000
2007-11-01,0.0000
2007-11-02,0.3410
2007-11-03,0.0000
2007-11-04,0.0000
2007-11-05,0.0000
2007-11-06,0.0000
2007-11-07,0.2950
2007-11-08,0.0000
2007-11-09,0.0000
2007-11-09,0.0000
2007-11-11,0.0000
2007-11-12,0.0000
2007-11-13,0.0000
2007-11-14,0.0000
2007-11-15,0.0740
2007-11-16,0.0000
2007-11-17,0.0000
2007-11-18,0.5060
2007-11-18,0.7330
2007-11-19,0.6340
2007-11-20,0.3150
2007-11-21,0.0780
2007-11-22,0.7970
2007-11-23,0.4110
2007-11-24,0.4640
2007-11-25,0.2570
2007-11-25,0.3070
2007-11-26,0.0000
2007-11-27,0.5490
2007-11-28,0.3180
2007-11-29,0.3580
2007-11-30,0.0230
2007-12-01,0.0000
2007-12-02,0.0000
2007-12-03,0.6160
2007-12-04,0.1570
2007-12-04,0.4900
2007-12-05,0.7760
2007-12-06,0.5480
2007-12-07,0.0000
2007-12-08,0.0000
2007-12-09,0.0000
2007-12-10,0.0000
2007-12-11,0.1070
2007-12-11,0.0770
2007-12-13,0.0690
2007-12-14,0.0000
2007-12-15,0.0430
2007-12-16,0.0670
2007-12-17,0.0090
2007-12-18,0.0000
2007-12-20,0.0000
2007-12-20,0.0000
2007-12-21,0.0000
2007-12-22,0.1300
2007-12-23,0.0000
2007-12-24,0.4490
2007-12-25,0.6110
2007-12-26,0.1990
2007-12-27,0.2650
2007-12-27,0.2130
2007-12-28,0.0000
2007-12-29,0.0210
2007-12-30,0.0000
2007-12-31,0.0000
2008-01-01,0.2980
2008-01-02,0.7280
2008-01-03,0.0520
2008-01-04,0.0000
2008-01-05,0.0000
2008-01-05,0.1580
2008-01-06,0.0000
2008-01-07,0.0000
2008-01-08,0.0000
2008-01-09,0.0000
2008-01-10,0.0660
2008-01-11,0.0000
2008-01-12,0.3760
2008-01-12,0.0660
2008-01-14,0.3880
2008-01-15,0.9240
2008-01-16,0.2400
2008-01-17,0.5930
2008-01-18,0.8190
2008-01-19,0.7120
2008-01-20,0.7040
2008-01-21,0.0240
2008-01-22,0.0000
2008-01-23,0.0000
2008-01-24,0.0000
2008-01-25,0.0000
2008-01-26,0.0000
2008-01-27,0.0000
2008-01-28,0.0000
2008-01-28,0.0000
2008-01-29,0.0000
2008-01-30,0.0540
2008-01-31,0.0000
2008-02-01,0.0000
2008-02-02,0.0210
2008-02-03,0.0000
2008-02-04,0.0000
2008-02-05,0.0000
2008-02-06,0.0000
2008-02-07,0.1500
2008-02-08,0.4670
2008-02-09,0.7270
2008-02-10,0.6600
2008-02-11,0.6010
2008-02-12,0.1460
2008-02-13,0.2400
2008-02-13,0.2590
2008-02-15,0.3490
2008-02-16,0.0000
2008-02-17,0.0000
2008-02-18,0.0000
2008-02-19,0.0000
2008-02-20,0.0000
2008-02-20,0.0000
2008-02-21,0.0000
2008-02-22,0.0000
2008-02-23,0.0000
2008-02-24,0.0000
2008-02-25,0.0000
2008-02-26,0.0000
2008-02-27,0.0000
2008-02-28,0.2280
2008-02-29,0.5530
2008-02-29,0.6620
2008-03-01,0.0000
2008-03-02,0.5330
2008-03-03,0.0000
2008-03-04,0.5540
2008-03-05,0.0000
2008-03-06,0.0000
2008-03-07,0.0000
2008-03-07,0.0000
2008-03-08,0.0000
2008-03-09,0.6480
2008-03-10,0.1900
2008-03-11,0.2660
2008-03-12,0.2580
2008-03-13,0.6800
2008-03-14,0.1710
2008-03-15,0.0000
2008-03-16,0.0910
2008-03-16,0.0000
2008-03-18,0.0390
2008-03-19,0.0000
2008-03-20,0.0000
2008-03-21,0.0000
2008-03-22,0.0000
2008-03-23,0.5050
2008-03-24,0.7090
2008-03-25,0.4330
2008-03-26,0.3920
2008-03-27,0.0000
2008-03-28,0.1860
2008-03-29,0.3750
2008-03-30,0.3830
2008-03-31,0.0000
2008-04-01,0.0000
2008-04-01,0.4710
2008-04-02,0.0000
2008-04-03,0.0000
2008-04-04,0.0000
2008-04-05,0.3150
2008-04-06,0.0000
2008-04-07,0.0020
2008-04-08,0.2500
2008-04-08,0.4420
2008-04-09,0.2300
2008-04-10,0.0050
2008-04-11,0.0000
2008-04-12,0.9630
2008-04-13,0.7360
2008-04-14,0.1630
2008-04-15,0.7040
2008-04-16,0.4570
2008-04-17,0.5560
2008-04-17,0.6370
2008-04-19,0.4390
2008-04-20,0.0000
2008-04-21,0.0740
2008-04-22,0.2240
2008-04-23,0.4320
2008-04-24,0.2550
2008-04-24,0.7170
2008-04-25,0.0000
2008-04-26,0.9730
2008-04-27,0.9670
2008-04-28,0.9710
2008-04-29,0.8840
2008-04-30,0.7910
2008-05-01,0.5510
2008-05-02,0.2480
2008-05-03,0.4360
2008-05-03,0.5950
2008-05-04,0.3640
2008-05-05,0.2060
2008-05-06,0.0950
2008-05-07,0.0330
2008-05-08,0.4410
2008-05-09,0.0670
2008-05-10,0.1820
2008-05-10,0.1670
2008-05-11,0.0380
2008-05-12,0.7840
2008-05-13,0.7890
2008-05-14,0.4080
2008-05-15,0.3570
2008-05-16,0.7130
2008-05-17,0.8220
2008-05-18,0.9930
2008-05-19,0.6110
2008-05-19,0.6230
2008-05-21,0.3290
2008-05-22,0.0000
2008-05-23,0.0000
2008-05-24,0.0470
2008-05-25,0.3250
2008-05-26,0.4920
2008-05-26,0.7320
2008-05-27,0.1670
2008-05-28,0.0500
2008-05-29,0.0000
2008-05-30,0.7830
2008-05-31,0.3210
2008-06-01,0.2940
2008-06-02,0.0000
2008-06-03,0.8420
2008-06-04,0.3670
2008-06-04,0.6510
2008-06-05,0.1310
2008-06-06,0.5680
2008-06-07,0.7160
2008-06-08,0.4150
2008-06-09,0.7920
2008-06-10,0.7290
2008-06-11,0.6610
2008-06-11,0.8460
2008-06-12,0.9360
2008-06-13,0.4060
2008-06-14,0.3400
2008-06-15,0.7620
2008-06-16,0.6040
2008-06-17,0.3550
2008-06-18,0.3390
2008-06-19,0.0000
2008-06-20,0.0000
2008-06-22,1.0000
2008-06-23,0.7080
2008-06-24,0.7620
2008-06-25,0.5710
2008-06-26,0.4630
2008-06-27,0.3390
2008-06-27,0.4980
2008-06-28,0.5630
2008-06-29,0.8710
2008-06-30,0.9330
2008-07-01,1.0000
2008-07-02,0.8920
2008-07-03,0.9580
2008-07-04,0.9150
2008-07-05,0.7970
2008-07-06,0.7180
2008-07-06,0.6570
2008-07-07,0.9550
2008-07-08,0.9850
2008-07-09,0.8220
2008-07-10,0.9120
2008-07-11,0.9230
2008-07-12,0.7970
2008-07-13,0.5010
2008-07-13,0.5910
2008-07-14,0.1880
2008-07-15,0.2330
2008-07-16,0.4470
2008-07-17,0.7160
2008-07-18,0.4830
2008-07-19,0.0000
2008-07-20,0.9140
2008-07-21,0.0000
2008-07-22,0.4560
2008-07-22,0.7420
2008-07-24,0.7090
2008-07-25,0.5590
2008-07-26,0.7870
2008-07-27,0.5640
2008-07-28,0.9380
2008-07-29,0.4220
2008-07-29,0.6720
2008-07-30,0.5050
2008-07-31,0.8550
2008-08-01,0.3010
2008-08-02,0.9660
2008-08-03,0.8310
2008-08-04,0.3120
2008-08-05,0.4740
2008-08-06,0.7610
2008-08-07,0.6860
2008-08-07,0.8710
2008-08-08,0.1750
2008-08-09,0.3000
2008-08-10,0.0000
2008-08-11,0.4470
2008-08-12,0.4940
2008-08-13,0.8740
2008-08-14,0.4850
2008-08-14,0.7100
2008-08-15,0.4040
2008-08-16,0.7190
2008-08-17,0.5000
2008-08-18,0.3640
2008-08-19,0.8060
2008-08-20,0.4280
2008-08-21,0.5230
2008-08-22,0.5550
2008-08-23,0.3980
2008-08-23,0.5390
2008-08-25,0.6680
2008-08-26,0.8240
2008-08-27,0.7000
2008-08-28,0.5400
2008-08-29,0.8850
2008-08-30,0.3560
2008-08-31,0.3360
2008-09-01,0.4390
2008-09-02,0.7330
2008-09-03,0.6930
2008-09-04,0.0000
2008-09-05,0.8490
2008-09-06,0.9160
2008-09-07,0.9030
2008-09-08,0.7490
2008-09-09,0.9940
2008-09-10,0.8950
2008-09-11,0.2500
2008-09-12,0.2470
2008-09-13,0.7510
2008-09-14,0.7750
2008-09-15,0.9110
2008-09-16,0.9050
2008-09-18,0.9310
2008-09-19,0.7340
2008-09-20,0.7140
2008-09-21,0.8850
2008-09-22,0.7370
2008-09-23,0.7680
2008-09-24,0.8260
2008-09-24,0.7540
2008-09-26,0.7850
2008-09-30,0.0000
2008-10-01,0.0000
2008-10-01,0.0000
2008-10-02,0.0000
2008-10-03,0.5030
2008-10-04,0.3710
2008-10-05,0.3520
2008-10-06,0.3020
2008-10-07,0.7740
2008-10-08,0.5410
2008-10-09,0.0760
2008-10-10,0.8570
2008-10-10,0.7010
2008-10-11,0.7750
2008-10-12,0.6020
2008-10-13,0.0050
2008-10-14,0.0000
2008-10-15,0.1730
2008-10-16,0.8250
2008-10-17,0.8030
2008-10-18,0.9530
2008-10-20,0.4410
2008-10-21,0.0000
2008-10-22,0.0000
2008-10-23,0.0000
2008-10-24,0.0000
2008-10-25,0.0000
2008-10-28,0.1980
2008-10-29,0.0000
2008-10-30,0.0000
2008-10-31,0.0000
2008-11-01,0.1990
2008-11-02,0.0000
2008-11-03,0.0060
2008-11-05,0.0000
2008-11-06,0.0000
2008-11-07,0.2850
2008-11-08,0.0450
2008-11-09,0.3440
2008-11-10,0.0930
2008-11-11,0.0000
2008-11-11,0.0010
2008-11-12,0.2640
2008-11-13,0.0000
2008-11-14,0.0000
2008-11-15,0.2720
2008-11-16,0.0000
2008-11-17,0.0000
2008-11-18,0.0000
2008-11-18,0.0000
2008-11-19,0.0000
2008-11-20,0.0000
2008-11-21,0.3960
2008-11-22,0.0000
2008-11-23,0.0000
2008-11-24,0.0000
2008-11-25,0.1750
2008-11-26,0.0000
2008-11-27,0.0000
2008-11-27,0.0000
2008-11-29,0.1400
2008-11-30,0.0000
2008-12-01,0.0100
2008-12-02,0.0000
2008-12-03,0.0000
2008-12-04,0.0000
2008-12-04,0.0000
2008-12-05,0.0000
2008-12-06,0.0000
2008-12-07,0.0000
2008-12-08,0.0000
2008-12-09,0.1550
2008-12-10,0.0000
2008-12-11,0.2650
2008-12-12,0.0000
2008-12-13,0.0000
2008-12-13,0.0000
2008-12-14,0.0000
2008-12-15,0.0000
2008-12-16,0.0000
2008-12-17,0.0000
2008-12-18,0.0000
2008-12-19,0.0000
2008-12-20,0.0000
2008-12-20,0.0000
2008-12-21,0.0000
2008-12-22,0.0000
2008-12-23,0.0000
2008-12-24,0.0420
2008-12-25,0.0000
2008-12-26,0.0000
2008-12-27,0.0000
2008-12-28,0.0000
2008-12-29,0.8520
2008-12-29,0.1310
2008-12-31,0.2820
2009-01-01,0.0000
2009-01-02,0.0000
2009-01-03,0.2150
2009-01-04,0.0000
2009-01-05,0.0000
2009-01-05,0.0000
2009-01-06,0.0000
2009-01-07,0.0000
2009-01-08,0.0000
2009-01-09,0.0000
2009-01-10,0.0000
2009-01-11,0.0430
2009-01-12,0.7070
2009-01-13,0.7690
2009-01-14,0.6170
2009-01-14,0.6690
2009-01-15,1.0000
2009-01-16,0.8760
2009-01-17,0.0320
2009-01-18,0.0000
2009-01-19,0.0000
2009-01-20,0.0000
2009-01-21,0.0000
2009-01-21,0.0050
2009-01-22,0.0000
2009-01-23,0.0000
2009-01-24,0.0000
2009-01-25,0.0000
2009-01-26,0.0000
2009-01-28,0.0000
2009-01-29,0.1300
2009-01-30,0.9230
2009-01-30,0.7640
2009-02-01,0.0740
2009-02-02,0.0000
2009-02-03,0.1340
2009-02-04,0.0480
2009-02-06,0.0000
2009-02-07,0.0000
2009-02-08,0.0000
2009-02-09,0.4060
2009-02-10,0.0000
2009-02-11,0.0000
2009-02-13,0.0000
2009-02-14,0.0000
2009-02-15,0.4500
2009-02-15,0.0000
2009-02-16,0.0000
2009-02-17,0.0000
2009-02-18,0.0000
2009-02-19,0.0350
2009-02-20,0.0270
2009-02-22,0.7540
2009-02-22,0.1900
2009-02-23,0.0000
2009-02-24,0.0000
2009-02-25,0.0000
2009-02-26,0.0000
2009-02-27,0.0000
2009-03-01,0.0000
2009-03-02,0.0000
2009-03-05,0.0000
2009-03-06,0.0000
2009-03-07,0.0000
2009-03-08,0.0260
2009-03-10,0.1910
2009-03-10,0.1390
2009-03-11,0.0240
2009-03-12,0.7830
2009-03-13,0.0000
2009-03-14,0.4520
2009-03-15,0.0000
2009-03-17,0.3340
2009-03-18,0.5370
2009-03-19,0.2530
2009-03-19,0.0040
2009-03-20,0.0000
2009-03-21,0.5970
2009-03-22,0.0000
2009-03-23,0.0000
2009-03-24,0.0000
2009-03-26,0.0420
2009-03-26,0.0920
2009-03-27,0.0000
2009-03-28,0.0000
2009-03-29,0.0000
2009-03-30,0.0000
2009-03-31,0.0000
2009-04-02,0.0000
2009-04-03,0.0000
2009-04-04,0.0000
2009-04-04,0.0000
2009-04-06,0.1980
2009-04-07,0.2530
2009-04-08,0.0000
2009-04-09,0.1950
2009-04-11,0.3000
2009-04-11,0.3680
2009-04-12,0.6720
2009-04-13,0.7510
2009-04-14,0.6430
2009-04-15,0.0460
2009-04-16,0.0000
2009-04-17,0.0000
2009-04-18,0.0000
2009-04-19,0.3690
2009-04-20,0.8660
2009-04-20,0.4060
2009-04-21,0.1650
2009-04-22,0.6440
2009-04-23,0.7390
2009-04-25,0.1730
2009-04-27,0.0790
2009-04-27,0.4670
2009-04-28,0.0000
2009-04-29,0.0000
2009-04-30,0.0000
2009-05-01,0.0000
2009-05-02,0.0000
2009-05-03,0.0010
2009-05-04,0.4560
2009-05-05,0.0000
2009-05-06,0.0000
2009-05-06,0.2560
2009-05-08,0.0000
2009-05-09,0.0000
2009-05-10,0.3130
2009-05-11,0.5480
2009-05-13,0.5390
2009-05-13,0.8010
2009-05-14,0.9040
2009-05-15,0.9730
2009-05-16,0.6600
2009-05-17,0.9120
2009-05-18,0.7860
2009-05-20,0.7740
2009-05-21,0.7150
2009-05-22,0.5910
2009-05-23,0.0340
2009-05-24,0.3830
2009-05-25,0.4730
2009-05-27,0.1400
2009-05-29,0.4450
2009-05-29,0.6980
2009-05-30,0.4110
2009-05-31,0.9570
2009-06-01,0.8160
2009-06-02,0.8800
2009-06-03,0.0220
2009-06-04,0.1250
2009-06-05,0.0000
2009-06-06,0.0000
2009-06-07,0.0000
2009-06-07,0.1900
2009-06-09,0.1680
2009-06-10,0.1860
2009-06-11,0.0000
2009-06-12,0.0000
2009-06-14,0.1900
2009-06-14,0.3670
2009-06-15,0.4090
2009-06-16,0.7600
2009-06-17,0.9270
2009-06-18,1.0000
2009-06-19,0.3580
2009-06-20,0.6970
2009-06-21,0.6300
2009-06-22,0.8680
2009-06-23,0.7500
2009-06-23,0.4820
2009-06-24,0.5830
2009-06-25,0.9500
2009-06-26,0.4590
2009-06-27,0.9900
2009-06-28,0.8140
2009-06-30,0.2960
2009-06-30,0.6610
2009-07-01,0.0000
2009-07-02,0.5240
2009-07-03,0.4130
2009-07-04,0.5820
2009-07-05,0.1080
2009-07-06,0.1800
2009-07-07,0.1580
2009-07-08,0.0000
2009-07-09,0.1530
2009-07-09,0.2210
2009-07-11,0.7660
2009-07-12,0.3210
2009-07-13,0.7310
2009-07-14,0.3060
2009-07-16,0.1430
2009-07-16,0.3410
2009-07-17,0.8130
2009-07-18,0.1330
2009-07-19,0.0000
2009-07-20,0.4750
2009-07-21,0.0240
2009-07-22,0.2970
2009-07-23,0.3550
2009-07-24,0.0000
2009-07-25,0.4260
2009-07-25,0.8490
2009-07-26,0.0000
2009-07-27,0.5800
2009-07-28,0.3400
2009-07-29,0.5060
2009-07-30,0.0000
2009-08-01,0.1970
2009-08-01,0.1520
2009-08-02,0.0000
2009-08-03,0.6780
2009-08-04,0.1490
2009-08-05,0.6350
2009-08-06,0.3230
2009-08-07,0.0000
2009-08-08,0.7230
2009-08-09,0.5040
2009-08-10,0.4950
2009-08-10,0.5610
2009-08-12,0.0000
2009-08-13,0.2710
2009-08-14,0.1550
2009-08-15,0.5220
2009-08-17,0.4400
2009-08-17,0.7430
2009-08-18,0.9570
2009-08-19,0.7750
2009-08-20,0.3630
2009-08-21,0.7940
2009-08-22,0.1340
2009-08-23,0.0000
2009-08-24,0.1380
2009-08-25,1.0000
2009-08-26,0.9260
2009-08-27,0.1670
2009-08-28,0.9420
2009-08-29,0.8590
2009-08-30,0.9670
2009-08-31,0.5930
2009-09-02,0.4970
2009-09-02,0.7270
2009-09-03,0.5080
2009-09-04,0.9530
2009-09-05,0.9590
2009-09-06,0.7640
2009-09-07,0.7820
2009-09-08,0.4950
2009-09-09,0.7990
2009-09-10,0.7020
2009-09-11,0.4730
2009-09-11,0.9280
2009-09-13,0.7310
2009-09-14,0.8200
2009-09-15,0.9630
2009-09-16,0.9010
2009-09-18,0.5440
2009-09-18,0.7000
2009-09-19,0.0000
2009-09-20,0.6960
2009-09-21,0.2470
2009-09-22,0.1850
2009-09-23,0.7150
2009-09-25,0.8750
2009-09-26,0.7710
2009-09-27,0.6200
2009-09-27,0.7010
2009-09-28,0.2370
2009-09-29,0.0840
2009-09-30,0.2960
2009-10-02,0.0000
2009-10-04,0.3080
2009-10-04,0.6960
2009-10-05,0.0000
2009-10-06,0.0020
2009-10-07,0.2160
2009-10-08,0.1270
2009-10-09,0.4730
2009-10-11,0.5110
2009-10-12,0.8780
2009-10-13,0.3170
2009-10-13,0.2210
2009-10-16,0.0000
2009-10-18,0.7680
2009-10-20,0.3980
2009-10-21,0.0000
2009-10-22,0.6190
2009-10-23,0.3260
2009-10-25,0.8830
2009-10-27,0.8360
2009-10-28,0.6280
2009-10-29,0.0750
2009-10-29,0.7170
2009-10-30,0.5850
2009-11-01,0.1350
2009-11-03,0.0130
2009-11-05,0.3290
2009-11-05,0.3620
2009-11-06,0.5880
2009-11-07,0.4440
2009-11-08,0.1100
2009-11-10,0.6020
2009-11-12,0.0810
2009-11-13,0.0000
2009-11-14,0.0000
2009-11-14,0.0000
2009-11-16,0.0000
2009-11-17,0.5290
2009-11-19,0.2350
2009-11-21,0.1770
2009-11-21,0.2450
2009-11-22,0.0000
2009-11-23,0.0000
2009-11-24,0.1170
2009-11-25,0.3870
2009-11-26,0.6310
2009-11-28,0.2850
2009-11-29,0.3820
2009-11-30,0.5510
2009-11-30,0.1750
2009-12-01,0.4200
2009-12-02,0.0000
2009-12-03,0.3670
2009-12-05,0.7800
2009-12-07,0.1840
2009-12-07,0.2060
2009-12-08,0.0730
2009-12-09,0.0000
2009-12-10,0.0000
2009-12-12,0.1350
2009-12-14,0.3640
2009-12-15,0.5700
2009-12-16,1.0000
2009-12-16,0.8040
2009-12-18,0.2370
2009-12-19,0.8450
2009-12-21,0.0000
2009-12-23,0.5490
2009-12-23,0.5050
2009-12-24,0.0000
2009-12-25,0.2900
2009-12-26,0.0000
2009-12-28,0.0000
2009-12-30,0.3140
2009-12-31,0.0960
2010-01-01,0.9800
2010-01-01,0.1660
2010-01-02,0.7840
2010-01-03,0.9560
2010-01-04,0.5990
2010-01-06,0.4240
2010-01-08,1.0000
2010-01-08,1.0000
2010-01-09,1.0000
2010-01-10,0.4440
2010-01-11,0.7890
2010-01-13,0.6040
2010-01-16,0.2410
2010-01-17,0.0000
2010-01-19,0.0000
2010-01-20,0.0000
2010-01-22,0.0000
2010-01-24,0.0000
2010-01-24,0.0000
2010-01-25,0.0000
2010-01-26,0.0000
2010-01-27,0.0000
2010-01-29,0.5600
2010-01-31,0.7450
2010-02-01,0.8180
2010-02-02,0.8980
2010-02-02,0.9300
2010-02-03,0.8640
2010-02-04,1.0000
2010-02-05,0.0000
2010-02-07,0.0000
2010-02-09,0.0000
2010-02-09,0.0000
2010-02-10,0.0000
2010-02-11,0.4950
2010-02-12,0.0000
2010-02-14,0.0440
2010-02-16,0.4440
2010-02-18,1.0000
2010-02-18,1.0000
2010-02-20,0.0000
2010-02-21,0.0790
2010-02-23,0.1750
2010-02-25,0.0000
2010-02-25,0.0000
2010-02-26,0.0000
2010-02-27,0.0000
2010-02-28,0.1070
2010-03-02,0.0000
2010-03-04,0.0000
2010-03-06,0.7620
2010-03-06,0.4080
2010-03-07,0.0000
2010-03-08,0.6320
2010-03-09,0.1270
2010-03-10,0.0000
2010-03-11,0.0000
2010-03-13,0.0000
2010-03-13,0.0000
2010-03-14,0.0000
2010-03-15,0.5880
2010-03-16,0.8330
2010-03-17,0.2820
2010-03-18,0.2000
2010-03-19,0.0600
2010-03-20,0.0000
2010-03-21,0.0000
2010-03-22,0.0000
2010-03-22,0.0000
2010-03-24,0.0000
2010-03-25,0.0000
2010-03-26,0.0000
2010-03-27,0.0000
2010-03-29,0.3820
2010-03-29,0.5380
2010-03-30,0.3280
2010-03-31,0.3950
2010-04-01,0.0000
2010-04-03,0.2250
2010-04-04,0.2710
2010-04-05,0.0000
2010-04-06,0.0000
2010-04-07,0.5860
2010-04-08,0.7220
2010-04-09,0.4960
2010-04-10,0.1460
2010-04-11,0.4060
2010-04-12,0.8460
2010-04-14,0.2460
2010-04-14,0.3490
2010-04-15,0.0000
2010-04-16,0.6650
2010-04-17,0.7060
2010-04-19,0.0000
2010-04-20,0.0000
2010-04-21,0.0000
2010-04-23,0.5630
2010-04-23,0.8180
2010-04-26,0.0000
2010-04-27,0.0000
2010-04-28,0.0250
2010-04-30,0.0000
2010-04-30,0.0000
2010-05-01,0.0000
2010-05-02,0.0000
2010-05-03,0.0000
2010-05-05,0.0000
2010-05-06,0.0000
2010-05-07,0.0000
2010-05-09,0.2910
2010-05-09,0.6970
2010-05-10,0.0000
2010-05-11,0.3730
2010-05-12,0.0110
2010-05-13,0.6260
2010-05-14,0.8200
2010-05-16,0.7540
2010-05-16,0.9390
2010-05-17,0.7820
2010-05-18,0.7220
2010-05-19,0.2630
2010-05-21,0.0050
2010-05-23,0.1730
2010-05-25,0.4450
2010-05-25,0.5720
2010-05-27,0.7000
2010-05-28,0.7480
2010-05-30,0.0000
2010-06-01,0.1800
2010-06-01,0.3100
2010-06-02,0.6540
2010-06-03,0.6260
2010-06-04,0.0540
2010-06-06,0.0310
2010-06-07,0.2080
2010-06-08,0.3390
2010-06-10,0.0200
2010-06-10,0.7790
2010-06-11,0.8310
2010-06-12,1.0000
2010-06-13,0.4730
2010-06-14,0.7450
2010-06-15,0.3330
2010-06-17,0.8650
2010-06-17,0.7850
2010-06-18,0.3940
2010-06-19,0.2140
2010-06-20,0.2010
2010-06-22,0.1580
2010-06-23,0.0070
2010-06-24,0.7600
2010-06-26,0.8690
2010-06-28,0.3260
2010-06-29,0.5940
2010-06-30,0.7650
2010-07-01,0.6480
2010-07-03,0.8120
2010-07-03,0.9780
2010-07-04,0.4070
2010-07-05,0.7470
2010-07-06,0.7400
2010-07-08,0.8730
2010-07-09,0.8180
2010-07-10,0.8880
2010-07-12,0.6960
2010-07-13,0.5740
2010-07-14,0.6070
2010-07-15,0.4670
2010-07-16,0.0310
2010-07-17,0.6490
2010-07-19,0.5620
2010-07-19,0.6630
2010-07-20,0.9140
2010-07-21,0.8170
2010-07-22,1.0000
2010-07-24,1.0000
2010-07-25,0.8110
2010-07-26,0.7780
2010-07-28,0.9180
2010-07-28,0.9670
2010-07-30,0.6150
2010-07-31,0.0760
2010-08-01,0.5800
2010-08-02,0.0000
2010-08-04,0.5100
2010-08-04,0.4580
2010-08-05,0.7490
2010-08-06,0.4340
2010-08-07,0.5430
2010-08-09,0.5190
2010-08-10,0.1850
2010-08-11,0.4670
2010-08-13,0.6000
2010-08-13,0.8200
2010-08-14,0.7430
2010-08-15,0.5070
2010-08-16,0.8770
2010-08-17,0.9220
2010-08-18,0.8160
2010-08-20,0.5210
2010-08-20,0.5810
2010-08-21,0.7430
2010-08-22,0.9390
2010-08-23,0.8810
2010-08-25,0.9220
2010-08-26,0.3890
2010-08-27,0.7390
2010-08-28,0.0670
2010-08-29,0.6870
2010-08-29,0.7760
2010-08-31,0.8890
2010-09-01,0.6330
2010-09-02,0.1530
2010-09-03,0.3430
2010-09-05,0.9180
2010-09-05,0.8360
2010-09-06,0.9240
2010-09-07,0.7710
2010-09-08,0.7600
2010-09-10,0.2610
2010-09-11,0.7350
2010-09-12,0.8170
2010-09-14,0.6100
2010-09-15,0.6520
2010-09-17,1.0000
2010-09-18,0.9340
2010-09-19,0.8490
2010-09-21,0.6120
2010-09-22,0.1770
2010-09-24,0.7760
2010-09-26,0.4710
2010-09-28,0.6590
2010-09-30,0.0000
2010-09-30,0.0000
2010-10-02,0.1310
2010-10-03,0.1560
2010-10-05,0.1210
2010-10-07,0.1910
2010-10-07,0.2750
2010-10-08,0.0000
2010-10-09,0.0720
2010-10-10,0.0000
2010-10-12,0.0780
2010-10-13,0.0000
2010-10-14,0.5620
2010-10-16,0.1840
2010-10-16,0.0000
2010-10-17,0.0000
2010-10-18,0.0000
2010-10-19,0.1310
2010-10-21,0.0000
2010-10-23,0.0000
2010-10-23,0.0600
2010-10-24,0.0000
2010-10-25,0.0000
2010-10-26,0.0000
2010-10-28,0.0000
2010-10-30,0.4880
2010-11-01,0.0820
2010-11-01,0.2510
2010-11-04,0.0000
2010-11-06,0.0000
2010-11-08,0.0260
2010-11-08,0.0000
2010-11-09,0.0000
2010-11-10,0.0000
2010-11-11,0.0000
2010-11-13,0.0000
2010-11-15,0.0000
2010-11-17,0.2390
2010-11-17,0.0000
2010-11-18,0.8080
2010-11-19,0.5860
2010-11-20,0.0000
2010-11-22,0.3040
2010-11-24,0.0000
2010-11-24,0.0000
2010-11-25,0.0000
2010-11-26,0.0000
2010-11-27,0.2480
2010-11-29,0.0240
2010-12-01,0.1890
2010-12-03,0.0230
2010-12-03,0.0000
2010-12-05,0.0000
2010-12-06,0.0000
2010-12-08,0.0000
2010-12-10,0.0000
2010-12-10,0.0000
2010-12-11,0.0000
2010-12-12,0.0000
2010-12-13,0.0000
2010-12-15,0.0000
2010-12-17,0.0000
2010-12-19,0.1930
2010-12-19,0.0000
2010-12-20,0.0000
2010-12-21,0.0000
2010-12-22,0.0000
2010-12-24,0.0000
2010-12-26,0.2410
2010-12-26,0.2580
2010-12-27,0.1500
2010-12-28,0.1980
2010-12-29,0.1650
2010-12-31,0.0000
2011-01-02,0.0000
2011-01-04,0.0060
2011-01-04,0.0000
2011-01-06,0.0000
2011-01-07,0.0000
2011-01-09,0.0000
2011-01-11,0.0000
2011-01-11,0.0000
2011-01-12,0.0000
2011-01-13,0.4330
2011-01-14,0.0000
2011-01-16,0.0000
2011-01-18,0.0000
2011-01-20,0.0000
2011-01-20,0.0000
2011-01-21,0.0000
2011-01-22,0.0000
2011-01-23,0.0000
2011-01-25,0.0000
2011-01-27,0.0000
2011-01-27,0.0240
2011-01-28,0.0000
2011-01-29,0.0900
2011-01-30,0.0000
2011-02-01,0.2910
2011-02-03,0.1850
2011-02-05,0.7580
2011-02-05,0.5050
2011-02-07,0.0000
2011-02-08,0.0000
2011-02-10,0.0000
2011-02-12,0.3510
2011-02-12,0.5770
2011-02-13,0.0000
2011-02-14,0.0000
2011-02-15,0.0000
2011-02-17,0.0000
2011-02-19,0.0000
2011-02-21,0.0000
2011-02-21,0.1240
2011-02-22,0.0000
2011-02-23,0.0000
2011-02-24,0.0000
2011-02-26,0.2330
2011-02-28,0.0000
2011-02-28,0.0080
2011-03-01,0.0000
2011-03-02,0.0000
2011-03-03,0.0000
2011-03-05,0.1540
2011-03-06,0.3160
2011-03-07,0.0840
2011-03-09,0.0000
2011-03-09,0.0000
2011-03-11,0.0000
2011-03-12,0.0000
2011-03-13,0.1860
2011-03-14,0.3980
2011-03-16,0.0810
2011-03-16,0.4430
2011-03-17,0.0000
2011-03-18,0.0000
2011-03-19,0.0000
2011-03-21,0.0000
2011-03-22,0.0000
2011-03-23,0.0000
2011-03-25,0.0000
2011-03-25,0.0000
2011-03-26,0.0000
2011-03-27,0.6630
2011-03-28,0.0560
2011-03-29,0.2570
2011-03-30,0.1860
2011-04-01,0.1080
2011-04-01,0.4330
2011-04-02,0.5330
2011-04-03,0.5910
2011-04-04,0.0000
2011-04-06,0.4110
2011-04-07,0.0940
2011-04-08,0.0000
2011-04-09,0.0000
2011-04-10,0.0010
2011-04-12,0.0000
2011-04-13,0.0000
2011-04-14,0.0000
2011-04-15,0.6870
2011-04-17,0.3840
2011-04-18,0.8360
2011-04-19,0.6170
2011-04-20,0.0000
2011-04-21,0.0030
2011-04-22,0.0000
2011-04-23,0.2010
2011-04-24,0.5220
2011-04-26,0.0410
2011-04-26,0.2660
2011-04-27,0.0000
2011-04-28,0.0000
2011-04-29,0.0000
2011-04-30,0.2700
2011-05-01,0.3040
2011-05-03,0.3790
2011-05-03,0.3990
2011-05-04,0.1830
2011-05-05,0.8790
2011-05-06,0.3170
2011-05-07,0.0630
2011-05-08,0.0000
2011-05-09,0.6440
2011-05-10,0.3130
2011-05-12,0.2410
2011-05-12,0.2630
2011-05-14,0.8740
2011-05-15,0.4020
2011-05-16,0.5380
2011-05-17,0.3010
2011-05-19,0.3690
2011-05-19,0.4500
2011-05-20,0.0000
2011-05-21,0.5740
2011-05-22,0.2090
2011-05-24,0.0000
2011-05-25,0.0670
2011-05-26,0.2160
2011-05-28,0.0000
2011-05-28,0.0510
2011-05-29,0.0000
2011-05-30,0.8540
2011-05-31,0.1920
2011-06-01,0.3200
2011-06-02,0.0000
2011-06-04,0.0000
2011-06-04,0.0000
2011-06-05,0.2940
2011-06-06,0.0000
2011-06-07,0.0000
2011-06-09,0.2930
2011-06-10,0.0580
2011-06-11,0.0000
2011-06-13,0.2090
2011-06-13,0.4290
2011-06-15,0.3580
2011-06-16,0.3240
2011-06-17,0.3950
2011-06-18,0.5550
2011-06-20,0.7220
2011-06-20,0.5310
2011-06-21,0.8030
2011-06-22,0.5260
2011-06-23,1.0000
2011-06-24,0.8630
2011-06-25,0.9380
2011-06-26,1.0000
2011-06-27,0.4220
2011-06-29,1.0000
2011-06-29,0.7660
2011-06-30,1.0000
2011-07-01,0.7210
2011-07-02,0.9670
2011-07-04,0.7160
2011-07-06,0.5850
2011-07-06,0.8600
2011-07-07,0.2780
2011-07-08,0.7930
2011-07-09,0.9640
2011-07-10,0.6980
2011-07-11,0.6690
2011-07-13,0.7580
2011-07-15,0.8550
2011-07-17,0.8920
2011-07-18,0.8070
2011-07-20,0.7060
2011-07-22,0.4800
2011-07-22,0.9520
2011-07-23,0.0000
2011-07-24,0.9240
2011-07-25,0.1070
2011-07-26,0.9950
2011-07-27,0.6970
2011-07-29,0.5530
2011-07-31,0.9020
2011-07-31,0.7980
2011-08-01,0.9000
2011-08-02,0.5220
2011-08-03,0.8360
2011-08-04,0.0850
2011-08-05,0.0340
2011-08-07,0.6410
2011-08-07,0.5060
2011-08-08,0.5210
2011-08-09,0.3120
2011-08-10,0.0290
2011-08-11,0.7290
2011-08-12,0.1660
2011-08-14,0.4640
2011-08-16,0.6720
2011-08-16,0.7380
2011-08-18,0.3080
2011-08-19,0.0000
2011-08-21,0.3820
2011-08-23,0.7470
2011-08-23,0.7230
2011-08-24,0.0660
2011-08-25,0.1230
2011-08-26,0.6320
2011-08-27,0.6380
2011-08-28,0.7060
2011-08-30,0.5990
2011-09-01,0.9100
2011-09-02,0.5920
2011-09-03,0.8770
2011-09-04,0.8350
2011-09-06,0.7800
2011-09-08,0.5170
2011-09-08,0.2300
2011-09-09,0.0000
2011-09-10,0.0000
2011-09-11,0.8780
2011-09-12,0.4740
2011-09-13,0.0000
2011-09-15,0.3850
2011-09-17,0.1110
2011-09-17,0.2520
2011-09-19,0.2080
2011-09-20,0.4990
2011-09-22,0.8800
2011-09-24,0.2800
2011-09-24,0.4520
2011-09-25,0.0000
2011-09-26,0.0740
2011-09-27,0.0000
2011-09-28,0.0000
2011-09-29,0.0000
2011-10-01,0.6450
2011-10-03,0.7400
2011-10-03,0.6710
2011-10-04,0.0000
2011-10-05,0.4170
2011-10-06,0.3840
2011-10-08,0.4700
2011-10-10,0.7790
2011-10-10,0.8900
2011-10-11,0.5230
2011-10-12,0.5720
2011-10-13,0.5420
2011-10-14,0.0860
2011-10-15,0.0000
2011-10-17,0.0000
2011-10-19,0.0000
2011-10-19,0.1190
2011-10-21,0.0000
2011-10-22,0.0000
2011-10-23,0.0000
2011-10-24,0.0000
2011-10-26,0.0000
2011-10-26,0.0000
2011-10-27,0.0000
2011-10-29,0.0000
2011-10-30,0.0000
2011-10-31,0.0000
2011-11-02,0.0140
2011-11-04,0.7220
2011-11-05,0.3270
2011-11-06,0.7750
2011-11-07,0.2880
2011-11-08,0.6490
2011-11-09,0.5290
2011-11-11,0.2590
2011-11-11,0.3380
2011-11-12,0.1830
2011-11-13,0.0810
2011-11-14,0.0000
2011-11-15,0.0000
2011-11-16,0.0000
2011-11-18,0.7270
2011-11-20,0.2060
2011-11-20,0.3300
2011-11-22,0.2390
2011-11-23,0.4220
2011-11-24,0.0000
2011-11-25,0.0000
2011-11-27,0.8320
2011-11-27,0.9930
2011-11-28,0.0000
2011-11-29,0.0000
2011-11-30,0.0000
2011-12-01,0.0000
2011-12-02,0.0000
2011-12-03,0.0000
2011-12-04,0.0000
2011-12-06,0.8110
2011-12-06,0.0000
2011-12-07,0.0000
2011-12-08,0.1620
2011-12-09,0.0000
2011-12-10,0.0000
2011-12-11,0.0000
2011-12-13,0.0000
2011-12-13,0.0000
2011-12-14,0.0000
2011-12-15,0.0000
2011-12-16,0.0360
2011-12-17,0.5600
2011-12-18,0.0000
2011-12-19,0.0000
2011-12-20,0.0000
2011-12-22,0.2370
2011-12-22,0.0000
2011-12-24,0.0000
2011-12-25,0.0000
2011-12-26,0.0000
2011-12-27,0.0000
2011-12-29,0.3250
2011-12-29,0.5630
2011-12-30,0.0000
2011-12-31,0.8020
2012-01-01,0.3380
2012-01-02,0.9240
2012-01-03,0.0240
2012-01-04,0.0000
2012-01-05,0.3640
2012-01-07,0.0000
2012-01-07,0.0000
2012-01-08,0.0000
2012-01-09,0.0000
2012-01-10,0.4590
2012-01-11,0.0000
2012-01-12,0.0000
2012-01-14,0.4640
2012-01-14,0.7460
2012-01-15,0.6970
2012-01-16,0.3470
2012-01-17,0.0000
2012-01-18,0.0000
2012-01-19,0.0000
2012-01-20,0.1170
2012-01-21,0.1500
2012-01-23,0.1410
2012-01-23,0.0610
2012-01-25,0.0000
2012-01-26,0.0900
2012-01-27,0.0000
2012-01-28,0.1470
2012-01-30,0.7060
2012-01-30,0.3850
2012-01-31,0.7390
2012-02-01,0.6350
2012-02-02,0.4140
2012-02-03,0.0430
2012-02-04,0.1170
2012-02-05,0.2260
2012-02-06,0.4890
2012-02-08,0.9110
2012-02-08,0.6940
2012-02-09,0.5840
2012-02-10,1.0000
2012-02-11,0.9280
2012-02-12,0.7070
2012-02-13,0.8270
2012-02-15,0.5070
2012-02-15,0.6640
2012-02-16,0.0000
2012-02-17,0.3760
2012-02-18,0.3180
2012-02-19,0.0000
2012-02-20,0.2830
2012-02-21,0.0440
2012-02-22,0.3810
2012-02-24,0.2860
2012-02-24,0.3660
2012-02-26,0.4050
2012-02-27,0.0560
2012-02-28,0.0000
2012-02-29,0.0000
2012-03-02,0.0000
2012-03-02,0.0340
2012-03-03,0.0000
2012-03-04,0.3590
2012-03-05,0.0000
2012-03-06,0.0000
2012-03-07,0.0000
2012-03-08,0.0000
2012-03-09,0.0450
2012-03-11,0.4790
2012-03-11,0.7780
2012-03-12,0.0000
2012-03-13,0.2790
2012-03-14,0.0000
2012-03-15,0.0000
2012-03-16,0.0000
2012-03-18,0.5650
2012-03-18,0.7250
2012-03-19,0.0000
2012-03-20,0.0000
2012-03-21,0.0000
2012-03-22,0.0000
2012-03-23,0.0570
2012-03-24,0.1390
2012-03-25,0.0000
2012-03-27,0.1570
2012-03-27,0.7250
2012-03-29,0.6010
2012-03-30,0.5040
2012-03-31,0.7370
2012-04-01,0.5880
2012-04-03,0.0000
2012-04-03,0.0930
2012-04-04,0.0000
2012-04-05,0.4760
2012-04-06,0.8220
2012-04-07,0.1030
2012-04-08,0.5650
2012-04-09,0.0910
2012-04-10,0.6240
2012-04-12,0.4970
2012-04-12,0.6190
2012-04-13,0.7600
2012-04-14,0.2860
2012-04-15,0.4430
2012-04-16,0.5190
2012-04-17,0.3610
2012-04-19,0.4090
2012-04-19,0.5810
2012-04-20,0.2940
2012-04-21,0.1060
2012-04-22,0.0000
2012-04-23,0.0000
2012-04-24,0.0000
2012-04-25,0.0000
2012-04-26,0.0000
2012-04-27,0.0000
2012-04-28,0.0540
2012-04-28,0.3920
2012-04-30,0.2120
2012-05-01,0.0000
2012-05-02,0.1340
2012-05-03,0.0460
2012-05-05,0.2540
2012-05-05,1.0000
2012-05-06,0.6890
2012-05-07,0.7810
2012-05-08,0.7590
2012-05-09,0.8300
2012-05-10,0.8500
2012-05-11,0.6710
2012-05-12,0.6090
2012-05-14,0.5440
2012-05-15,0.3190
2012-05-16,0.8850
2012-05-17,0.5130
2012-05-18,0.0000
2012-05-19,0.0000
2012-05-21,0.0000
2012-05-21,0.2420
2012-05-22,0.0000
2012-05-23,0.5050
2012-05-24,0.4500
2012-05-25,0.8190
2012-05-26,0.0000
2012-05-27,0.1790
2012-05-28,0.0000
2012-05-30,0.0000
2012-05-30,0.0000
2012-06-01,0.6710
2012-06-02,0.3240
2012-06-03,1.0000
2012-06-04,0.3500
2012-06-06,0.6650
2012-06-06,0.9660
2012-06-07,0.1880
2012-06-08,0.6870
2012-06-09,0.0000
2012-06-10,0.0000
2012-06-11,0.0000
2012-06-12,0.4120
2012-06-13,0.0680
2012-06-15,0.5880
2012-06-15,0.4930
2012-06-16,0.9720
2012-06-17,0.9370
2012-06-18,0.0550
2012-06-19,0.9630
2012-06-20,0.9450
2012-06-22,0.7000
2012-06-22,0.8550
2012-06-23,0.7700
2012-06-24,0.7620
2012-06-25,0.0750
2012-06-26,0.4450
2012-06-27,0.8280
2012-06-28,0.4870
2012-06-29,0.5600
2012-07-01,0.7080
2012-07-01,0.8880
2012-07-03,0.7670
2012-07-04,0.8070
2012-07-05,0.6820
2012-07-06,0.5310
2012-07-08,0.2760
2012-07-08,0.4890
2012-07-09,0.8340
2012-07-10,0.6110
2012-07-11,0.4020
2012-07-12,0.6930
2012-07-13,0.9570
2012-07-14,0.9120
2012-07-15,0.8990
2012-07-17,0.5640
2012-07-17,1.0000
2012-07-18,0.9840
2012-07-19,0.5870
2012-07-20,0.8490
2012-07-21,0.0760
2012-07-22,0.2690
2012-07-24,0.5540
2012-07-24,1.0000
2012-07-25,0.6570
2012-07-26,0.5490
2012-07-27,0.4580
2012-07-28,0.3360
2012-07-29,0.0890
2012-07-30,0.0000
2012-07-31,0.1290
2012-08-02,0.2530
2012-08-02,0.3000
2012-08-04,0.8980
2012-08-05,0.3930
2012-08-06,0.0510
2012-08-07,0.0000
2012-08-09,0.9960
2012-08-09,1.0000
2012-08-10,0.8640
2012-08-11,0.7460
2012-08-12,0.9570
2012-08-13,1.0000
2012-08-14,0.0960
2012-08-15,0.0000
2012-08-16,0.3990
2012-08-18,0.7970
2012-08-18,0.8390
2012-08-19,0.3790
2012-08-20,0.7750
2012-08-21,0.8120
2012-08-22,0.4750
2012-08-23,0.8610
2012-08-25,0.7320
2012-08-25,0.9520
2012-08-26,0.2430
2012-08-27,0.5690
2012-08-28,0.1310
2012-08-29,0.0940
2012-08-30,0.2880
2012-08-31,0.0000
2012-09-01,0.9000
2012-09-02,0.0000
2012-09-03,0.2350
2012-09-05,0.2130
2012-09-06,0.1380
2012-09-07,0.0490
2012-09-08,0.2850
2012-09-10,0.5020
2012-09-10,0.6590
2012-09-11,0.5340
2012-09-12,0.9870
2012-09-13,0.5620
2012-09-14,0.3040
2012-09-15,0.5930
2012-09-16,0.4360
2012-09-17,0.7800
2012-09-19,0.3150
2012-09-19,0.6030
2012-09-20,0.1770
2012-09-21,0.8000
2012-09-22,0.3360
2012-09-23,0.4410
2012-09-24,0.7890
2012-09-26,0.7340
2012-09-26,0.8520
2012-09-27,0.2690
2012-09-28,0.5490
2012-09-29,0.3960
2012-09-30,0.9410
2012-10-01,0.3860
2012-10-03,0.0000
2012-10-05,0.0000
2012-10-05,0.0000
2012-10-07,0.0000
2012-10-08,0.6270
2012-10-09,0.7960
2012-10-10,0.7080
2012-10-12,0.7720
2012-10-12,0.9730
2012-10-13,0.0470
2012-10-14,0.0560
2012-10-15,0.0000
2012-10-16,0.0000
2012-10-17,0.2050
2012-10-19,0.5040
2012-10-21,0.0610
2012-10-21,0.0000
2012-10-22,0.0000
2012-10-23,0.1290
2012-10-24,0.0000
2012-10-25,0.0000
2012-10-26,0.0000
2012-10-28,0.2700
2012-10-28,0.4910
2012-10-29,0.2720
2012-10-30,0.9000
2012-10-31,0.4570
2012-11-01,0.6820
2012-11-02,0.9140
2012-11-04,1.0000
2012-11-06,0.6500
2012-11-08,0.1910
2012-11-09,0.0000
2012-11-10,0.0000
2012-11-11,0.1240
2012-11-13,0.6130
2012-11-13,0.4020
2012-11-14,0.0210
2012-11-15,0.1720
2012-11-16,0.0000
2012-11-17,0.3670
2012-11-18,0.0000
2012-11-19,0.0000
2012-11-20,0.0000
2012-11-22,0.3460
2012-11-22,0.3720
2012-11-23,0.0000
2012-11-24,0.1620
2012-11-25,0.1740
2012-11-26,0.0000
2012-11-27,0.0000
2012-11-29,0.1530
2012-11-29,0.4190
2012-11-30,0.0000
2012-12-01,0.3510
2012-12-02,0.0340
2012-12-03,0.0000
2012-12-04,0.1550
2012-12-06,0.0000
2012-12-08,0.1170
2012-12-08,0.0000
2012-12-10,0.2190
2012-12-11,0.1180
2012-12-12,0.5020
2012-12-13,0.3750
2012-12-15,0.0000
2012-12-15,0.1170
2012-12-16,0.0000
2012-12-17,0.0000
2012-12-18,0.0000
2012-12-19,0.0000
2012-12-20,0.0000
2012-12-22,0.0000
2012-12-24,0.0000
2012-12-24,0.0000
2012-12-25,0.0000
2012-12-26,0.1400
2012-12-27,0.0450
2012-12-28,0.0000
2012-12-29,0.0000
2012-12-31,0.3480
2012-12-31,0.0980
2013-01-01,0.0000
2013-01-02,0.7560
2013-01-03,0.1450
2013-01-04,0.2850
2013-01-05,0.3190
2013-01-07,0.0410
2013-01-09,0.1820
2013-01-09,0.0000
2013-01-11,0.0000
2013-01-12,0.0330
2013-01-13,0.0600
2013-01-14,0.0000
2013-01-16,0.1870
2013-01-16,0.2940
2013-01-17,0.0000
2013-01-18,0.2730
2013-01-19,0.0000
2013-01-20,0.4630
2013-01-21,0.9540
2013-01-22,0.7720
2013-01-23,0.5200
2013-01-25,0.0000
2013-01-25,0.0000
2013-01-26,0.0000
2013-01-27,0.0930
2013-01-28,0.0930
2013-01-29,0.0000
2013-01-30,0.1460
2013-02-01,0.0000
2013-02-01,0.0000
2013-02-02,0.0000
2013-02-03,0.0000
2013-02-04,0.0000
2013-02-05,0.0000
2013-02-06,0.0000
2013-02-07,0.1280
2013-02-08,0.3130
2013-02-10,0.0000
2013-02-10,0.0000
2013-02-12,0.0000
2013-02-13,0.0000
2013-02-14,0.0000
2013-02-15,0.0000
2013-02-17,0.0500
2013-02-18,0.0000
2013-02-19,0.2160
2013-02-20,0.0000
2013-02-21,0.0000
2013-02-22,0.0000
2013-02-23,0.0000
2013-02-24,0.0000
2013-02-26,0.6050
2013-02-26,0.0000
2013-02-27,0.0000
2013-02-28,0.0000
2013-03-01,0.4940
2013-03-02,0.0000
2013-03-03,0.0000
2013-03-05,0.0000
2013-03-05,0.0000
2013-03-06,0.0000
2013-03-07,0.2970
2013-03-08,0.3360
2013-03-09,0.2610
2013-03-10,0.7100
2013-03-11,0.0140
2013-03-12,0.1780
2013-03-14,0.7390
2013-03-14,0.5920
2013-03-16,0.8410
2013-03-17,0.0000
2013-03-18,0.0530
2013-03-19,0.0000
2013-03-21,0.4090
2013-03-21,0.0000
2013-03-22,0.7060
2013-03-23,0.0000
2013-03-24,0.0000
2013-03-25,0.0000
2013-03-26,0.0660
2013-03-27,0.1880
2013-03-28,0.6430
2013-03-30,0.3740
2013-03-31,0.1680
2013-04-01,0.4760
2013-04-02,0.5350
2013-04-03,0.1530
2013-04-04,0.0000
2013-04-06,0.3450
2013-04-06,0.4600
2013-04-07,0.8760
2013-04-08,0.0450
2013-04-09,0.0000
2013-04-10,0.0000
2013-04-11,0.3880
2013-04-12,0.0000
2013-04-13,0.0000
2013-04-15,0.0000
2013-04-15,0.0000
2013-04-17,0.1180
2013-04-18,0.0000
2013-04-19,0.5760
2013-04-20,0.2880
2013-04-22,0.1400
2013-04-22,0.3780
2013-04-23,0.6280
2013-04-24,1.0000
2013-04-25,0.9510
2013-04-26,0.8920
2013-04-27,0.4410
2013-04-28,0.8370
2013-04-29,0.1980
2013-05-01,0.0660
2013-05-01,0.0540
2013-05-02,0.0000
2013-05-03,0.1480
2013-05-04,0.2100
2013-05-05,0.0000
2013-05-06,0.0960
2013-05-08,0.3270
2013-05-08,0.6050
2013-05-09,0.2600
2013-05-10,0.5770
2013-05-11,0.4650
2013-05-12,0.8100
2013-05-13,0.8190
2013-05-14,0.2540
2013-05-15,0.4060
2013-05-17,0.4550
2013-05-19,0.3940
2013-05-20,0.1600
2013-05-21,0.6920
2013-05-22,0.2770
2013-05-24,0.2560
2013-05-24,0.5420
2013-05-25,0.6170
2013-05-26,0.8410
2013-05-27,0.8780
2013-05-28,0.1950
2013-05-29,0.2390
2013-05-30,0.4660
2013-05-31,0.0700
2013-06-02,0.5750
2013-06-02,0.6680
2013-06-03,0.0000
2013-06-04,0.3590
2013-06-05,0.0000
2013-06-06,0.0000
2013-06-07,0.0000
2013-06-09,0.7790
2013-06-09,0.6040
2013-06-10,0.8800
2013-06-11,0.8980
2013-06-12,0.8960
2013-06-13,0.6050
2013-06-14,1.0000
2013-06-15,0.6460
2013-06-16,0.2460
2013-06-18,0.0180
2013-06-18,0.0590
2013-06-20,0.8660
2013-06-21,0.8800
2013-06-22,0.8300
2013-06-23,0.4060
2013-06-25,0.4240
2013-06-25,0.3570
2013-06-26,0.7130
2013-06-27,0.4590
2013-06-28,0.0860
2013-06-29,0.7960
2013-06-30,0.4590
2013-07-01,0.0600
2013-07-02,0.3580
2013-07-04,0.2380
2013-07-04,0.9990
2013-07-05,1.0000
2013-07-06,0.8160
2013-07-07,0.7460
2013-07-08,0.9150
2013-07-09,0.2150
2013-07-11,0.3160
2013-07-11,0.7200
2013-07-12,0.6640
2013-07-13,0.7600
2013-07-14,0.1800
2013-07-15,0.4020
2013-07-16,0.7200
2013-07-17,0.7970
2013-07-18,0.5970
2013-07-20,0.4290
2013-07-20,0.9380
2013-07-22,0.8580
2013-07-23,0.0360
2013-07-24,0.8720
2013-07-25,0.5740
2013-07-27,0.0000
2013-07-27,0.0180
2013-07-28,0.5200
2013-07-29,0.0800
2013-07-30,0.0970
2013-07-31,0.3700
2013-08-01,0.5260
2013-08-02,0.3620
2013-08-03,0.7270
2013-08-04,0.0000
2013-08-05,0.8250
2013-08-06,0.2480
2013-08-07,0.4940
2013-08-08,0.6850
2013-08-09,0.4380
2013-08-10,0.7430
2013-08-12,0.7570
2013-08-12,0.9450
2013-08-13,0.3820
2013-08-14,0.6590
2013-08-15,0.2120
2013-08-16,0.0000
2013-08-17,0.3010
2013-08-18,0.1710
2013-08-19,0.5630
2013-08-21,0.6480
2013-08-21,0.8200
2013-08-23,0.9490
2013-08-24,0.4930
2013-08-25,0.8050
2013-08-26,0.8870
2013-08-28,0.3640
2013-08-28,0.2430
2013-08-29,0.7460
2013-08-30,0.5040
2013-08-31,0.5940
2013-09-01,0.0620
2013-09-02,0.6800
2013-09-03,0.9750
2013-09-04,0.8400
2013-09-06,0.8990
2013-09-06,0.9160
2013-09-07,0.9960
2013-09-08,0.9020
2013-09-09,0.9060
2013-09-10,0.4890
2013-09-11,0.5670
2013-09-13,0.9160
2013-09-13,0.8090
2013-09-14,1.0000
2013-09-15,0.8890
2013-09-16,0.9740
2013-09-17,0.4680
2013-09-18,0.8340
2013-09-19,0.6640
2013-09-20,0.8810
2013-09-22,0.6670
2013-09-22,0.8650
2013-09-24,0.6090
2013-09-25,0.8780
2013-09-26,0.9450
2013-09-27,0.2240
2013-09-29,0.2060
2013-09-29,0.2950
2013-09-30,0.0000
2013-10-01,0.3230
2013-10-02,0.0000
2013-10-03,0.0400
2013-10-04,0.0000
2013-10-05,0.5250
2013-10-06,0.4740
2013-10-07,0.4770
2013-10-08,0.5420
2013-10-09,0.4770
2013-10-10,0.9650
2013-10-11,0.3990
2013-10-12,0.4880
2013-10-13,0.0000
2013-10-15,0.3880
2013-10-15,0.3440
2013-10-16,0.0000
2013-10-17,0.5620
2013-10-18,0.5490
2013-10-19,0.9150
2013-10-20,0.8570
2013-10-22,1.0000
2013-10-24,0.4230
2013-10-24,0.5710
2013-10-26,0.4610
2013-10-27,0.6370
2013-10-28,0.0000
2013-10-29,0.1980
2013-10-31,0.3940
2013-10-31,0.6320
2013-11-01,0.1990
2013-11-02,0.9220
2013-11-03,0.2030
2013-11-04,0.4960
2013-11-05,0.3370
2013-11-07,0.4890
2013-11-09,0.8170
2013-11-09,0.5520
2013-11-10,0.5480
2013-11-11,0.8740
2013-11-12,0.9490
2013-11-13,0.7160
2013-11-14,0.6980
2013-11-16,0.0010
2013-11-16,0.3040
2013-11-17,0.0000
2013-11-18,0.5140
2013-11-19,0.3030
2013-11-20,0.8330
2013-11-21,0.3950
2013-11-23,0.4140
2013-11-25,0.3320
2013-11-27,0.2830
2013-11-28,0.0000
2013-11-29,0.0000
2013-11-30,0.0000
2013-12-02,0.1960
2013-12-02,0.0000
2013-12-03,0.0000
2013-12-04,0.0000
2013-12-05,0.0000
2013-12-06,0.0000
2013-12-07,0.0000
2013-12-09,0.1530
2013-12-11,0.2060
2013-12-11,0.1700
2013-12-12,0.0000
2013-12-13,0.5420
2013-12-14,0.3850
2013-12-15,0.0000
2013-12-16,0.0000
2013-12-18,0.0000
2013-12-18,0.1480
2013-12-19,0.0000
2013-12-20,0.0610
2013-12-21,0.0000
2013-12-22,0.1430
2013-12-23,0.4480
2013-12-25,0.8570
2013-12-27,0.9790
2013-12-27,0.7090
2013-12-29,0.9420
2013-12-30,0.1450
2013-12-31,0.0680
2014-01-01,0.1460
2014-01-03,0.0830
2014-01-03,0.4150
2014-01-04,0.0000
2014-01-05,0.0000
2014-01-06,0.1130
2014-01-07,0.7760
2014-01-08,0.2490
2014-01-10,0.6670
2014-01-12,0.2190
2014-01-12,0.0000
2014-01-13,0.0000
2014-01-14,0.2770
2014-01-15,0.4130
2014-01-16,0.7240
2014-01-17,0.0000
2014-01-19,0.0080
2014-01-19,0.1640
2014-01-20,0.0000
2014-01-21,0.0000
2014-01-22,0.0000
2014-01-23,0.2290
2014-01-24,0.0000
2014-01-26,0.1520
2014-01-28,0.8540
2014-01-28,0.5070
2014-01-30,0.0000
2014-01-31,0.0000
2014-02-01,0.0000
2014-02-02,0.0000
2014-02-04,0.0000
2014-02-04,0.0000
2014-02-05,0.0000
2014-02-06,0.2090
2014-02-07,0.2110
2014-02-08,0.1040
2014-02-09,0.0000
2014-02-11,0.4210
2014-02-13,0.0000
2014-02-14,0.0000
2014-02-15,0.0000
2014-02-16,0.0000
2014-02-17,0.0000
2014-02-18,0.0000
2014-02-20,0.0000
2014-02-20,0.1010
2014-02-21,0.0000
2014-02-22,0.3690
2014-02-23,0.6170
2014-02-24,0.3580
2014-02-25,0.2510
2014-02-27,0.1650
2014-03-01,0.1690
2014-03-01,0.1360
2014-03-03,0.4670
2014-03-04,0.5040
2014-03-05,0.0000
2014-03-06,0.0000
2014-03-08,0.0000
2014-03-08,0.1400
2014-03-09,0.5830
2014-03-10,0.8020
2014-03-11,0.0000
2014-03-12,0.0000
2014-03-13,0.0190
2014-03-15,0.0000
2014-03-17,0.3870
2014-03-17,0.2790
2014-03-18,0.0000
2014-03-19,0.0180
2014-03-20,0.0000
2014-03-21,0.2830
2014-03-22,0.0000
2014-03-24,0.0000
2014-03-24,0.2190
2014-03-25,0.7080
2014-03-26,0.3980
2014-03-27,0.0090
2014-03-28,0.0000
2014-03-29,0.2990
2014-03-30,0.8060
2014-03-31,0.0570
2014-04-01,0.0000
2014-04-02,0.1890
2014-04-02,0.6010
2014-04-04,0.2280
2014-04-05,0.2230
2014-04-06,0.0000
2014-04-07,0.1820
2014-04-09,0.0000
2014-04-09,0.0000
2014-04-10,0.0000
2014-04-11,0.0000
2014-04-12,0.0000
2014-04-13,0.2530
2014-04-14,0.1450
2014-04-15,0.7680
2014-04-16,0.3190
2014-04-18,0.8280
2014-04-19,0.0000
2014-04-20,0.6190
2014-04-21,0.0000
2014-04-22,0.6370
2014-04-23,0.5920
2014-04-25,0.8790
2014-04-25,0.7680
2014-04-26,0.8130
2014-04-27,0.4970
2014-04-28,0.0000
2014-04-29,0.8380
2014-04-30,0.7420
2014-05-01,0.7940
2014-05-02,0.4980
2014-05-04,0.8840
2014-05-06,0.8590
2014-05-07,0.4780
2014-05-08,1.0000
2014-05-09,0.0000
2014-05-11,0.3950
2014-05-11,0.5170
2014-05-12,0.1460
2014-05-13,1.0000
2014-05-14,0.2140
2014-05-15,0.0580
2014-05-16,0.0000
2014-05-17,0.0000
2014-05-18,0.4680
2014-05-20,0.1020
2014-05-20,0.0000
2014-05-21,0.4010
2014-05-22,0.5650
2014-05-23,0.8140
2014-05-24,0.7870
2014-05-25,0.8890
2014-05-27,0.5670
2014-05-27,1.0000
2014-05-28,0.8930
2014-05-29,0.9570
2014-05-30,0.9930
2014-05-31,0.8280
2014-06-01,0.4750
2014-06-02,0.5790
2014-06-03,0.5730
2014-06-05,0.7690
2014-06-05,0.7090
2014-06-07,0.8740
2014-06-08,0.8540
2014-06-09,0.2290
2014-06-10,0.3530
2014-06-12,0.2690
2014-06-12,0.3460
2014-06-13,0.0000
2014-06-14,0.2070
2014-06-15,0.0000
2014-06-16,0.2050
2014-06-17,0.3950
2014-06-18,0.5490
2014-06-19,0.6510
2014-06-21,0.1760
2014-06-21,0.6750
2014-06-22,0.4220
2014-06-23,0.7980
2014-06-24,0.7070
2014-06-25,0.9200
2014-06-26,0.8270
2014-06-28,0.4470
2014-06-28,0.6110
2014-06-29,0.7970
2014-06-30,0.8390
2014-07-01,0.9420
2014-07-02,0.6320
2014-07-03,0.8580
2014-07-04,0.5560
2014-07-05,0.7630
2014-07-07,0.7650
2014-07-07,0.9340
2014-07-09,0.9840
2014-07-10,0.9220
2014-07-11,0.2670
2014-07-12,0.2840
2014-07-14,0.4080
2014-07-14,0.6890
2014-07-15,0.8590
2014-07-16,1.0000
2014-07-17,0.7580
2014-07-18,1.0000
2014-07-19,0.0000
2014-07-20,0.0000
2014-07-21,0.0170
2014-07-23,0.9570
2014-07-24,0.3910
2014-07-25,0.1430
2014-07-26,0.0000
2014-07-27,0.2140
2014-07-28,0.2290
2014-07-30,0.3930
2014-07-30,0.5100
2014-07-31,0.0540
2014-08-01,0.0000
2014-08-02,0.0000
2014-08-03,0.0000
2014-08-04,0.5540
2014-08-05,0.6040
2014-08-06,0.7240
2014-08-08,0.5790
2014-08-08,0.9120
2014-08-10,0.8260
2014-08-11,0.6670
2014-08-12,0.8370
2014-08-13,0.5590
2014-08-15,0.2850
2014-08-15,0.3650
2014-08-16,0.2490
2014-08-17,0.2090
2014-08-18,0.9620
2014-08-19,1.0000
2014-08-20,0.2700
2014-08-21,0.5360
2014-08-22,0.7310
2014-08-24,0.2720
2014-08-24,1.0000
2014-08-25,0.4360
2014-08-26,0.3100
2014-08-27,0.0000
2014-08-28,0.0000
2014-08-29,0.0000
2014-08-31,0.2580
2014-08-31,0.3760
2014-09-01,0.4700
2014-09-02,0.5250
2014-09-03,1.0000
2014-09-04,1.0000
2014-09-05,0.2930
2014-09-06,0.0740
2014-09-07,0.8330
2014-09-09,0.5630
2014-09-09,0.9260
2014-09-11,0.8140
2014-09-12,0.7820
2014-09-13,0.8880
2014-09-14,0.9180
2014-09-16,0.8400
2014-09-16,0.8090
2014-09-17,0.3250
2014-09-18,0.0110
2014-09-19,0.7390
2014-09-20,0.4400
2014-09-21,0.6530
2014-09-23,0.5940
2014-09-24,0.0000
2014-09-25,0.3760
2014-09-25,0.4310
2014-09-26,0.2920
2014-09-27,0.7750
2014-09-28,0.8450
2014-09-30,0.3970
2014-10-02,0.4940
2014-10-02,0.6930
2014-10-03,0.9470
2014-10-04,0.9430
2014-10-05,0.6520
2014-10-06,0.8210
2014-10-07,0.0000
2014-10-09,0.2980
2014-10-11,0.4020
2014-10-11,0.8890
2014-10-13,0.4480
2014-10-14,0.8400
2014-10-16,0.7460
2014-10-18,0.9490
2014-10-18,1.0000
2014-10-19,0.8820
2014-10-20,0.9030
2014-10-21,0.7880
2014-10-22,0.2330
2014-10-23,0.5670
2014-10-25,0.0600
2014-10-27,0.0000
2014-10-27,0.1090
2014-10-28,0.0000
2014-10-29,0.0000
2014-10-30,0.1740
2014-11-01,0.7470
2014-11-03,0.2920
2014-11-03,0.1640
2014-11-04,0.0610
2014-11-05,0.0000
2014-11-06,0.0000
2014-11-07,0.2520
2014-11-08,0.7560
2014-11-10,0.7660
2014-11-12,1.0000
2014-11-12,0.5090
2014-11-14,0.5350
2014-11-15,0.3050
2014-11-17,0.3290
2014-11-19,0.3030
2014-11-19,0.4590
2014-11-20,0.9650
2014-11-21,0.9880
2014-11-22,0.3090
2014-11-23,0.0000
2014-11-24,0.5840
2014-11-26,0.0000
2014-11-28,0.7290
2014-11-28,0.0000
2014-11-29,0.0720
2014-11-30,0.0000
2014-12-01,0.0000
2014-12-02,0.0000
2014-12-03,0.0000
2014-12-05,0.0000
2014-12-05,0.0000
2014-12-06,0.0000
2014-12-07,0.0000
2014-12-08,0.0000
2014-12-09,0.1190
2014-12-10,0.6070
2014-12-12,0.7450
2014-12-14,0.4080
2014-12-14,0.4650
2014-12-16,0.3810
2014-12-17,0.2580
2014-12-19,0.0000
2014-12-21,0.0000
2014-12-21,0.1350
2014-12-22,0.5380
2014-12-23,0.7920
2014-12-24,0.9800
2014-12-25,0.4020
2014-12-26,0.3530
2014-12-28,0.2230
2014-12-30,0.6070
2014-12-30,0.0000
2014-12-31,0.0000
2015-01-01,0.1350
2015-01-02,0.0000
2015-01-04,0.4990
2015-01-06,0.6320
2015-01-06,0.6890
2015-01-07,0.0000
2015-01-08,0.6500
2015-01-09,0.0980
2015-01-10,0.2930
2015-01-11,0.0000
2015-01-13,0.2770
2015-01-15,0.2570
2015-01-17,0.2470
2015-01-18,0.0000
2015-01-20,0.0720
2015-01-22,0.0000
2015-01-22,0.0270
2015-01-23,0.0000
2015-01-24,0.3390
2015-01-25,0.6820
2015-01-26,0.3870
2015-01-27,0.0000
2015-01-29,0.0000
2015-01-31,0.4830
2015-01-31,0.0000
2015-02-01,0.5210
2015-02-02,0.8870
2015-02-03,0.9740
2015-02-05,0.1470
2015-02-07,0.0000
2015-02-07,0.0000
2015-02-08,0.0000
2015-02-09,0.0000
2015-02-10,0.0000
2015-02-11,0.7070
2015-02-12,0.8030
2015-02-14,0.9200
2015-02-16,0.6220
2015-02-16,0.1240
2015-02-18,0.0000
2015-02-19,0.0000
2015-02-21,0.1020
2015-02-23,0.0000
2015-02-23,0.0000
2015-02-24,0.0000
2015-02-25,0.1850
2015-02-26,0.0000
2015-02-27,0.0250
2015-02-28,0.0000
2015-03-02,0.0000
2015-03-04,0.0000
2015-03-04,0.0000
2015-03-05,0.0000
2015-03-06,0.4590
2015-03-07,0.2580
2015-03-09,0.4270
2015-03-11,0.6910
2015-03-11,0.5100
2015-03-12,0.5250
2015-03-13,0.6290
2015-03-14,0.6270
2015-03-15,0.7250
2015-03-16,0.1850
2015-03-18,0.4850
2015-03-20,0.5710
2015-03-22,0.3000
2015-03-23,0.5200
2015-03-24,0.5510
2015-03-25,0.6870
2015-03-27,0.7190
2015-03-27,0.7880
2015-03-28,0.5650
2015-03-29,0.6310
2015-03-30,0.0000
2015-03-31,0.0620
2015-04-01,0.3930
2015-04-03,0.2120
2015-04-05,0.2050
2015-04-06,0.0000
2015-04-07,0.0000
2015-04-08,0.1180
2015-04-09,0.0000
2015-04-10,0.0000
2015-04-12,0.6170
2015-04-12,0.6150
2015-04-13,0.6500
2015-04-14,0.6540
2015-04-15,0.3150
2015-04-16,0.2770
2015-04-17,0.2900
2015-04-19,0.2740
2015-04-20,0.0000
2015-04-21,0.2840
2015-04-23,0.2850
2015-04-24,0.0000
2015-04-25,0.0000
2015-04-26,0.1140
2015-04-28,0.4700
2015-04-28,0.6140
2015-04-29,1.0000
2015-04-30,0.7670
2015-05-01,0.7050
2015-05-02,0.9900
2015-05-03,0.2700
2015-05-04,0.7070
2015-05-05,0.2310
2015-05-07,0.0520
2015-05-07,0.0600
2015-05-08,0.0000
2015-05-09,0.5340
2015-05-10,0.2640
2015-05-11,0.0530
2015-05-12,0.7120
2015-05-14,0.5050
2015-05-14,0.6140
2015-05-15,0.7980
2015-05-16,1.0000
2015-05-17,0.1580
2015-05-18,0.0310
2015-05-19,0.0980
2015-05-20,0.6020
2015-05-21,0.3590
2015-05-23,0.4100
2015-05-23,0.6080
2015-05-25,0.6920
2015-05-26,0.3220
2015-05-27,0.4640
2015-05-28,0.6250
2015-05-30,0.8260
2015-05-30,0.9730
2015-05-31,0.8500
2015-06-01,0.6000
2015-06-02,0.4720
2015-06-03,0.4360
2015-06-04,0.2720
2015-06-05,0.9910
2015-06-06,0.8720
2015-06-08,0.0000
2015-06-08,0.0000
2015-06-09,0.0000
2015-06-10,0.2870
2015-06-11,0.0000
2015-06-13,0.4100
2015-06-15,0.7290
2015-06-15,0.6370
2015-06-16,0.4270
2015-06-17,0.6580
2015-06-18,0.8540
2015-06-19,0.7900
2015-06-20,0.7190
2015-06-21,0.6350
2015-06-22,0.2100
2015-06-24,0.4430
2015-06-24,0.5440
2015-06-26,0.9350
2015-06-27,0.4560
2015-06-28,0.9770
2015-06-29,0.7260
2015-07-01,0.7950
2015-07-01,0.7220
2015-07-02,1.0000
2015-07-03,0.6980
2015-07-04,0.8750
2015-07-05,0.5510
2015-07-06,0.4660
2015-07-08,0.4550
2015-07-10,0.4090
2015-07-10,0.9150
2015-07-11,0.4080
2015-07-12,0.9470
2015-07-13,0.0000
2015-07-14,0.3230
2015-07-15,0.3470
2015-07-17,0.7300
2015-07-17,0.8080
2015-07-18,0.9990
2015-07-19,0.2580
2015-07-20,0.3680
2015-07-21,0.8600
2015-07-22,0.6910
2015-07-24,0.3680
2015-07-26,0.2940
2015-07-28,0.3230
2015-07-29,0.0000
2015-07-31,0.1260
2015-08-02,0.3850
2015-08-02,0.4810
2015-08-03,0.0640
2015-08-04,0.4560
2015-08-05,0.3880
2015-08-06,0.3550
2015-08-07,0.6870
2015-08-08,0.7420
2015-08-09,0.1810
2015-08-11,0.4550
2015-08-11,0.7400
2015-08-12,0.6080
2015-08-13,0.8310
2015-08-14,0.1530
2015-08-15,0.3820
2015-08-16,0.3520
2015-08-18,0.7380
2015-08-18,0.9570
2015-08-19,0.1920
2015-08-20,0.8330
2015-08-21,0.9660
2015-08-22,0.7460
2015-08-23,0.1430
2015-08-25,0.6330
2015-08-27,0.6460
2015-08-27,0.6820
2015-08-29,0.7890
2015-08-30,0.6850
2015-08-31,0.9740
2015-09-03,0.7860
2015-09-03,0.8330
2015-09-04,0.4250
2015-09-05,0.4040
2015-09-06,0.0850
2015-09-07,0.1830
2015-09-08,0.0120
2015-09-09,0.0250
2015-09-10,0.7270
2015-09-12,0.8530
2015-09-12,0.8090
2015-09-13,0.8570
2015-09-14,0.9880
2015-09-15,0.4250
2015-09-16,0.9520
2015-09-17,0.6910
2015-09-19,0.1170
2015-09-19,0.1650
2015-09-20,0.8430
2015-09-21,0.5280
2015-09-22,0.0000
2015-09-23,0.0000
2015-09-24,0.3600
2015-09-25,0.7430
2015-09-26,0.9980
2015-09-28,0.8680
2015-09-28,0.9270
2015-09-30,0.9030
2015-10-01,0.6280
2015-10-02,0.0000
2015-10-03,0.0000
2015-10-05,0.1420
2015-10-05,0.3790
2015-10-06,0.0000
2015-10-07,0.1450
2015-10-08,0.0000
2015-10-09,0.3140
2015-10-10,0.0000
2015-10-12,0.3130
2015-10-14,0.8730
2015-10-14,0.5240
2015-10-15,0.0280
2015-10-16,0.4040
2015-10-17,0.9720
2015-10-19,0.4840
2015-10-21,0.7140
2015-10-21,0.4660
2015-10-22,0.6460
2015-10-23,0.2240
2015-10-24,0.7650
2015-10-25,1.0000
2015-10-26,0.8520
2015-10-28,0.9830
2015-10-30,0.5440
2015-10-30,0.9720
2015-11-01,0.1910
2015-11-02,0.5100
2015-11-04,0.3080
2015-11-06,0.1820
2015-11-06,0.3390
2015-11-07,0.0000
2015-11-08,0.8650
2015-11-09,0.0000
2015-11-10,0.2840
2015-11-11,0.0000
2015-11-13,0.5010
2015-11-15,0.7900
2015-11-15,0.4210
2015-11-16,0.0000
2015-11-17,0.2770
2015-11-18,0.6260
2015-11-20,0.0000
2015-11-22,0.7100
2015-11-22,0.5470
2015-11-23,0.0000
2015-11-24,0.7100
2015-11-25,0.3700
2015-11-26,0.0000
2015-11-27,0.7170
2015-11-29,0.0000
2015-12-01,0.2370
2015-12-01,0.0000
2015-12-03,1.0000
2015-12-04,0.2320
2015-12-06,0.0000
2015-12-08,0.3230
2015-12-08,0.5230
2015-12-09,0.1330
2015-12-10,0.1150
2015-12-11,0.0030
2015-12-12,0.0000
2015-12-13,0.6770
2015-12-15,0.0000
2015-12-17,0.7740
2015-12-17,0.0000
2015-12-18,0.4350
2015-12-19,0.0000
2015-12-20,0.0000
2015-12-22,0.7260
2015-12-24,0.0000
2015-12-24,0.2310
2015-12-25,0.0000
2015-12-26,0.0970
2015-12-27,0.0000
2015-12-28,0.0000
2015-12-29,0.0000
2015-12-31,0.1820
2016-01-02,0.7450
2016-01-02,0.2400
2016-01-04,0.8590
2016-01-05,0.3030
2016-01-07,0.0230
2016-01-09,0.0000
2016-01-09,0.0000
2016-01-10,0.5680
2016-01-11,0.0000
2016-01-12,0.9600
2016-01-13,0.9490
2016-01-14,0.2080
2016-01-16,0.7560
2016-01-18,0.6330
2016-01-18,0.0000
2016-01-19,0.6400
2016-01-20,0.0000
2016-01-21,0.0000
2016-01-23,0.0000
2016-01-25,0.0000
2016-01-25,0.0940
2016-01-26,0.7600
2016-01-27,0.0000
2016-01-28,0.5060
2016-01-29,0.8430
2016-01-30,0.7310
2016-02-01,0.0000
2016-02-03,0.5490
2016-02-03,0.0000
2016-02-05,0.0000
2016-02-06,0.0000
2016-02-08,0.0000
2016-02-10,0.5790
2016-02-10,0.6910
2016-02-11,0.0000
2016-02-12,0.0000
2016-02-13,0.0000
2016-02-14,0.0000
2016-02-15,0.3680
2016-02-17,0.0000
2016-02-19,0.3470
2016-02-19,0.0000
2016-02-20,0.0000
2016-02-21,0.0000
2016-02-22,0.0000
2016-02-24,0.0000
2016-02-26,0.5630
2016-02-26,0.5440
2016-02-27,0.6380
2016-02-28,0.7730
2016-02-29,0.5180
2016-03-02,1.0000
2016-03-04,0.7250
2016-03-06,0.2890
2016-03-06,0.3350
2016-03-08,0.0850
2016-03-09,1.0000
2016-03-11,0.0000
2016-03-13,0.0000
2016-03-13,0.0000
2016-03-14,0.0000
2016-03-15,0.2340
2016-03-16,0.3420
2016-03-17,0.6080
2016-03-18,0.3990
2016-03-20,0.6490
2016-03-22,0.5850
2016-03-22,0.4690
2016-03-23,0.8830
2016-03-24,0.0000
2016-03-25,0.0000
2016-03-27,0.4190
2016-03-29,0.0000
2016-03-29,0.0970
2016-03-30,0.0000
2016-03-31,0.0000
2016-04-01,0.0000
2016-04-02,0.0000
2016-04-03,0.3570
2016-04-05,0.0000
2016-04-07,0.5670
2016-04-07,0.0200
2016-04-09,0.0000
2016-04-10,0.3290
2016-04-11,0.2050
2016-04-12,0.2160
2016-04-14,0.3490
2016-04-14,0.4300
2016-04-15,0.0000
2016-04-16,0.3850
2016-04-17,0.5920
2016-04-18,1.0000
2016-04-19,0.8020
2016-04-20,1.0000
2016-04-21,0.5040
2016-04-22,0.8180
2016-04-23,0.8220
2016-04-24,0.4200
2016-04-25,0.0000
2016-04-26,0.5960
2016-04-27,0.1120
2016-04-28,0.2020
2016-04-30,0.6720
2016-04-30,0.3970
2016-05-01,0.0000
2016-05-02,0.2420
2016-05-03,0.5280
2016-05-04,0.4530
2016-05-05,0.0750
2016-05-07,0.0000
2016-05-08,0.2570
2016-05-09,0.8590
2016-05-11,0.8950
2016-05-12,0.3970
2016-05-13,0.0000
2016-05-14,0.4880
2016-05-16,0.7780
2016-05-16,0.6760
2016-05-17,0.7450
2016-05-18,0.7850
2016-05-19,0.4560
2016-05-20,0.3000
2016-05-21,0.2380
2016-05-23,0.3490
2016-05-24,0.4460
2016-05-25,0.2160
2016-05-26,0.4160
2016-05-27,1.0000
2016-05-28,0.1200
2016-06-14,0.7130
2016-06-15,0.4750
2016-06-17,0.2440
2016-06-17,0.3970
2016-06-18,0.0690
2016-06-19,0.6680
2016-06-20,0.6630
2016-06-21,0.5470
2016-06-22,0.2140
2016-06-23,0.4490
2016-06-24,0.6340
2016-06-25,1.0000
2016-06-26,0.8280
2016-06-27,0.3160
2016-06-28,0.6550
2016-06-29,0.1560
2016-06-30,0.5940
2016-07-01,0.4590
2016-07-03,0.3700
2016-07-03,0.5960
2016-07-04,0.4080
2016-07-05,0.8900
2016-07-06,0.5640
2016-07-07,0.8750
2016-07-08,0.0000
2016-07-09,0.0000
2016-07-10,0.5710
2016-07-11,1.0000
2016-07-12,0.5740
2016-07-14,0.9030
2016-07-15,0.3990
2016-07-16,0.5230
2016-07-17,0.5580
2016-07-19,0.5240
2016-07-19,0.5440
2016-07-20,0.8340
2016-07-21,0.9990
2016-07-22,0.4070
2016-07-23,0.4340
2016-07-24,0.4270
2016-07-26,0.3740
2016-07-27,0.8390
2016-07-28,0.9470
2016-07-29,0.2150
2016-07-30,0.8400
2016-07-31,0.7820
2016-08-01,0.3770
2016-08-02,0.4940
2016-08-04,0.0000
2016-08-04,0.1450
2016-08-05,0.8580
2016-08-06,0.8350
2016-08-07,0.7080
2016-08-08,0.8810
2016-08-09,0.3330
2016-08-10,0.6580
2016-08-11,0.4990
2016-08-12,0.7130
2016-08-13,0.3710
2016-08-15,0.4370
2016-08-16,0.8340
2016-08-17,0.2910
2016-08-18,0.7200
2016-08-20,0.6110
2016-08-20,0.7840
2016-08-21,0.7540
2016-08-22,0.9830
2016-08-23,0.5000
2016-08-24,0.4950
2016-08-25,0.1650
2016-08-26,0.5960
2016-08-27,0.3710
2016-08-28,0.3230
2016-08-29,0.5060
2016-08-30,0.0000
2016-08-31,0.0000
2016-09-01,0.4270
2016-09-02,0.5800
2016-09-03,0.8050
2016-09-05,0.7670
2016-09-05,0.8300
2016-09-06,0.2870
2016-09-07,0.3790
2016-09-08,0.0000
2016-09-09,0.0910
2016-09-10,0.0890
2016-09-11,0.0000
2016-09-12,0.7290
2016-09-13,0.8070
2016-09-14,0.0700
2016-09-16,0.6990
2016-09-17,0.4710
2016-09-18,0.3860
2016-09-19,0.3480
2016-09-21,0.5950
2016-09-21,0.7360
2016-09-22,0.9050
2016-09-23,1.0000
2016-09-24,0.5690
2016-09-25,0.7000
2016-09-26,0.7970
2016-09-27,1.0000
2016-09-28,0.8860
2016-09-29,0.5330
2016-09-30,0.4990
2016-10-01,0.0830
2016-10-02,0.3800
2016-10-03,0.0000
2016-10-04,0.3310
2016-10-05,0.3130
2016-10-07,0.0000
2016-10-07,0.0580
2016-10-08,0.0000
2016-10-09,0.8590
2016-10-10,0.0050
2016-10-11,0.0790
2016-10-12,0.4190
2016-10-13,0.4570
2016-10-14,0.0000
2016-10-15,0.2750
2016-10-16,0.2160
2016-10-16,0.3280
2016-10-18,0.7410
2016-10-19,0.0000
2016-10-20,0.0000
2016-10-21,0.7850
2016-10-23,0.5260
2016-10-23,0.5590
2016-10-24,0.0000
2016-10-25,0.1630
2016-10-26,0.0000
2016-10-27,0.6760
2016-10-28,0.8150
2016-10-29,0.4420
2016-10-30,0.5650
2016-10-31,0.8570
2016-11-01,0.0000
2016-11-01,0.7710
2016-11-02,0.0290
2016-11-03,0.3610
2016-11-04,0.2720
2016-11-05,0.0690
2016-11-06,0.3300
2016-11-08,0.7540
2016-11-08,0.8510
2016-11-09,1.0000
2016-11-10,0.8230
2016-11-11,0.9360
2016-11-12,0.4780
2016-11-13,0.6710
2016-11-14,0.1920
2016-11-15,0.5270
2016-11-16,0.8170
2016-11-17,0.8840
2016-11-19,0.3750
2016-11-20,0.3540
2016-11-22,0.1230
2016-11-24,0.0000
2016-11-24,0.0000
2016-11-25,0.0000
2016-11-26,0.0000
2016-11-27,0.0000
2016-11-28,0.0000
2016-11-29,0.0000
2016-12-01,0.0490
2016-12-03,0.0000
2016-12-03,0.0180
2016-12-04,0.3390
2016-12-05,0.0000
2016-12-06,0.0000
2016-12-07,0.0000
2016-12-08,0.0560
2016-12-10,0.4680
2016-12-10,0.5060
2016-12-11,0.0000
2016-12-12,0.0370
2016-12-13,0.0000
2016-12-14,0.0000
2016-12-15,0.1980
2016-12-17,0.3770
2016-12-19,0.2890
2016-12-21,0.0000
2016-12-22,0.0000
2016-12-24,0.0000
2016-12-26,0.1940
2016-12-26,0.3290
2016-12-27,0.0000
2016-12-28,0.0000
2016-12-29,0.0000
2016-12-30,0.3880
2016-12-31,0.0560
2017-01-02,0.0000
2017-01-04,0.1540
2017-01-04,0.0000
2017-01-05,0.0000
2017-01-06,0.0000
2017-01-07,0.0680
2017-01-09,0.0000
2017-01-11,0.0540
2017-01-11,0.1960
2017-01-12,0.0000
2017-01-13,0.0000
2017-01-14,0.0000
2017-01-16,0.0000
2017-01-18,0.0000
2017-01-20,0.1260
2017-01-22,0.0000
2017-01-23,0.0000
2017-01-25,0.0000
2017-01-27,0.0000
2017-01-27,0.0000
2017-01-28,0.0000
2017-01-29,0.2480
2017-01-30,0.0860
2017-01-31,0.4640
2017-02-01,0.3320
2017-02-03,0.2140
2017-02-05,0.4600
2017-02-05,0.4460
2017-02-06,0.3520
2017-02-07,0.0000
2017-02-08,0.0000
2017-02-10,0.0000
2017-02-12,0.0000
2017-02-12,0.0000
2017-02-13,0.0000
2017-02-14,0.0550
2017-02-15,0.0000
2017-02-17,0.0000
2017-02-19,0.0650
2017-02-21,0.0000
2017-02-23,0.0000
2017-02-24,0.0000
2017-02-26,0.0000
2017-02-28,0.0000
2017-02-28,0.0000
2017-03-01,0.0000
2017-03-02,0.0000
2017-03-03,0.0000
2017-03-05,0.3250
2017-03-07,0.7520
2017-03-09,0.5570
2017-03-10,0.2130
2017-03-11,0.8150
2017-03-17,0.1160
2017-03-18,0.0000
2017-03-19,0.0000
2017-03-21,0.0000
2017-03-23,0.0000
2017-03-25,0.5840
2017-03-27,0.4050
2017-03-28,0.1360
2017-03-29,0.0000
2017-03-30,0.0000
2017-04-01,0.0000
2017-04-01,0.0000
2017-04-02,0.0000
2017-04-03,0.0000
2017-04-04,0.0000
2017-04-05,0.0000
2017-04-06,0.4090
2017-04-07,0.1900
2017-04-08,0.4330
2017-04-09,0.5240
2017-04-10,0.1690
2017-04-10,0.4280
2017-04-11,0.0410
2017-04-12,0.4590
2017-04-13,0.6320
2017-04-14,0.8190
2017-04-15,0.3080
2017-04-17,0.5520
2017-04-17,0.8600
2017-04-18,0.6750
2017-04-19,0.1300
2017-04-20,0.0000
2017-04-21,0.5550
2017-04-22,0.0000
2017-04-23,0.7250
2017-04-24,0.3370
2017-04-25,0.0210
2017-04-26,0.0000
2017-04-28,0.6630
2017-04-29,0.5580
2017-04-30,0.0000
2017-05-01,0.3070
2017-05-03,0.7880
2017-05-03,0.8860
2017-05-04,0.6140
2017-05-05,0.7060
2017-05-06,0.5010
2017-05-07,0.9160
2017-05-08,0.7250
2017-05-10,0.3200
2017-05-11,0.2100
2017-05-12,0.8810
2017-05-13,0.0000
2017-05-14,0.3840
2017-05-15,0.3340
2017-05-16,0.4090
2017-05-17,0.1170
2017-05-19,0.0550
2017-05-19,0.3130
2017-05-20,0.0850
2017-05-21,0.2030
2017-05-22,0.0270
2017-05-23,0.0000
2017-05-24,0.2270
2017-05-26,0.1760
2017-05-27,0.6660
2017-05-28,0.5120
2017-05-30,0.7230
2017-05-31,0.9170
2017-06-01,0.9330
2017-06-02,0.3130
2017-06-04,0.0140
2017-06-04,0.2540
2017-06-05,0.4630
2017-06-06,0.6360
2017-06-07,0.4910
2017-06-08,0.8640
2017-06-09,0.4650
2017-06-11,0.4690
2017-06-13,0.0000
2017-06-14,0.8170
2017-06-15,0.7450
2017-06-16,0.2950
2017-06-18,0.0000
2017-06-20,0.0860
2017-06-20,0.5770
2017-06-21,0.0590
2017-06-22,0.5800
2017-06-23,0.0000
2017-06-24,0.9280
2017-06-25,0.8670
2017-06-27,0.6570
2017-06-28,0.8220
2017-06-29,0.8360
2017-07-01,0.7530
2017-07-02,0.3380
2017-07-04,0.7100
2017-07-06,0.4480
2017-07-06,0.5510
2017-07-07,0.7220
2017-07-08,0.8930
2017-07-09,0.8600
2017-07-10,0.8350
2017-07-11,0.8330
2017-07-13,0.2660
2017-07-14,0.6540
2017-07-15,0.3220
2017-07-16,0.1830
2017-07-17,0.5360
2017-07-18,0.9420
2017-07-19,0.5150
2017-07-20,0.5850
2017-07-22,0.4350
2017-07-22,0.6350
2017-07-23,0.8160
2017-07-24,0.7680
2017-07-25,0.6790
2017-07-26,0.7970
2017-07-27,0.5680
2017-07-29,0.2790
2017-07-30,0.0000
2017-07-31,0.0000
2017-08-02,0.7180
2017-08-03,0.5760
2017-08-04,0.3220
2017-08-05,0.2740
2017-08-07,0.0000
2017-08-07,0.2300
2017-08-08,0.0000
2017-08-09,0.9010
2017-08-10,1.0000
2017-08-11,0.5570
2017-08-12,0.6150
2017-08-14,0.4840
2017-08-15,0.6100
2017-08-16,0.5910
2017-08-17,0.0000
2017-08-18,0.7720
2017-08-19,0.4050
2017-08-20,0.0000
2017-08-21,0.4030
2017-08-23,0.3970
2017-08-23,0.5950
2017-08-24,0.2420
2017-08-25,0.9550
2017-08-26,0.4730
2017-08-27,0.6970
2017-08-28,0.8010
2017-08-30,0.8740
2017-08-31,0.9890
2017-09-01,0.6690
2017-09-03,0.9070
2017-09-04,0.9740
2017-09-05,0.7130
2017-09-06,0.8710
2017-09-08,0.8130
2017-09-08,0.8150
2017-09-09,0.6680
2017-09-10,0.7960
2017-09-11,0.0230
2017-09-12,0.0000
2017-09-13,0.6010
2017-09-15,0.0000
2017-09-16,0.0110
2017-09-17,0.7160
2017-09-18,0.1540
2017-09-19,0.3050
2017-09-20,0.8440
2017-09-21,0.3890
2017-09-22,0.5840
2017-09-24,0.6510
2017-09-24,0.8300
2017-09-25,0.8340
2017-09-26,0.4830
2017-09-27,0.5430
2017-09-28,0.9620
2017-09-29,0.8880
2017-10-01,0.5780
2017-10-02,0.2180
2017-10-03,0.8590
2017-10-03,0.6680
2017-10-05,0.2740
2017-10-06,0.0550
2017-10-07,0.0000
2017-10-08,0.6400
2017-10-10,0.4740
2017-10-10,0.3290
2017-10-11,0.8210
2017-10-12,0.8330
2017-10-13,0.4190
2017-10-14,0.4500
2017-10-15,0.5180
2017-10-17,0.3930
2017-10-19,0.0440
2017-10-19,0.9370
2017-10-20,0.0630
2017-10-21,0.3750
2017-10-22,0.2380
2017-10-24,0.3830
2017-10-26,0.0000
2017-10-26,0.0130
2017-10-27,0.0000
2017-10-28,0.1980
2017-10-29,0.4030
2017-10-30,0.4970
2017-10-31,0.4840
2017-11-02,0.3000
2017-11-04,0.0030
2017-11-04,0.0000
2017-11-06,0.0000
2017-11-07,0.0000
2017-11-09,0.0000
2017-11-11,0.0000
2017-11-11,0.0840
2017-11-12,0.0000
2017-11-13,0.0000
2017-11-14,0.0000
2017-11-15,0.0000
2017-11-16,0.0000
2017-11-18,0.0000
2017-11-20,0.4040
2017-11-20,0.2330
2017-11-21,0.0000
2017-11-22,0.5270
2017-11-23,0.0000
2017-11-25,0.0000
2017-11-27,0.0000
2017-11-27,0.0000
2017-11-28,0.0000
2017-11-29,0.0000
2017-11-30,0.0000
2017-12-01,0.0000
2017-12-02,0.1000
2017-12-04,0.0840
2017-12-06,0.2730
2017-12-06,0.0000
2017-12-08,0.0000
2017-12-09,0.0000
2017-12-11,0.0000
2017-12-13,0.0000
2017-12-13,0.0000
2017-12-14,0.0000
2017-12-15,0.0000
2017-12-16,0.0000
2017-12-17,0.0820
2017-12-18,0.0000
2017-12-20,0.0000
2017-12-22,0.1490
2017-12-22,0.0000
2017-12-23,0.0000
2017-12-24,0.0000
2017-12-25,0.0000
2017-12-27,0.0000
2017-12-29,0.0000
2017-12-29,0.0290
2017-12-30,0.0000
2017-12-31,0.3510
2018-01-01,0.0870
2018-01-02,0.1900
2018-01-03,0.2340
2018-01-05,0.0950
2018-01-07,0.0000
2018-01-07,0.0000
2018-01-09,0.0000
2018-01-10,0.0000
2018-01-12,0.0000
2018-01-14,0.0000
2018-01-14,0.0000
2018-01-15,0.0000
2018-01-16,0.0000
2018-01-17,0.1410
2018-01-18,0.0480
2018-01-19,0.1590
2018-01-21,0.0000
2018-01-23,0.7450
2018-01-23,0.3480
2018-01-24,0.6640
2018-01-25,0.6690
2018-01-26,0.4340
2018-01-28,0.8230
2018-01-30,0.7830
2018-01-30,0.7630
2018-01-31,0.3320
2018-02-01,0.2250
2018-02-02,0.0000
2018-02-03,0.1730
2018-02-04,0.0280
2018-02-06,0.1330
2018-02-08,0.9740
2018-02-08,0.4210
2018-02-10,0.5640
2018-02-11,0.3500
2018-02-13,0.0990
2018-02-15,0.0000
2018-02-15,0.0000
2018-02-16,0.0000
2018-02-17,0.0000
2018-02-18,0.0000
2018-02-20,0.3150
2018-02-22,0.1700
2018-02-24,0.0330
2018-02-24,0.4100
2018-02-25,0.0000
2018-02-26,0.4250
2018-02-27,0.0000
2018-03-01,0.1020
2018-03-03,0.0000
2018-03-03,0.0000
2018-03-04,0.0000
2018-03-05,0.1720
2018-03-06,0.5530
2018-03-07,0.3830
2018-03-08,0.4360
2018-03-10,0.0000
2018-03-12,0.4300
2018-03-14,0.5130
2018-03-15,0.1020
2018-03-17,0.2210
2018-03-19,0.0000
2018-03-19,0.0000
2018-03-20,0.0000
2018-03-21,0.4210
2018-03-22,0.0000
2018-03-24,0.0000
2018-03-26,0.0760
2018-03-28,0.0000
2018-03-29,0.0000
2018-03-30,0.9080
2018-03-31,0.1410
2018-04-02,0.1130
2018-04-04,0.4290
2018-04-04,0.5950
2018-04-05,0.0290
2018-04-06,0.7660
2018-04-07,0.2840
2018-04-09,0.6050
2018-04-11,0.5920
2018-04-12,0.7420
2018-04-13,0.1980
2018-04-15,0.1450
2018-04-16,0.3700
2018-04-17,0.2130
2018-04-18,0.2930
2018-04-20,0.0000
2018-04-20,0.0000
2018-04-21,0.1260
2018-04-22,0.4350
2018-04-23,0.3940
2018-04-24,0.9420
2018-04-25,0.5140
2018-04-27,0.3760
2018-04-28,0.3870
2018-04-29,0.4560
2018-04-30,0.9570
2018-05-01,0.7940
2018-05-02,0.7380
2018-05-03,0.2640
2018-05-04,0.2140
2018-05-06,0.2940
2018-05-06,0.4390
2018-05-07,0.2090
2018-05-08,0.9410
2018-05-09,0.0000
2018-05-10,0.8350
2018-05-11,0.1690
2018-05-13,0.1290
2018-05-14,0.3270
2018-05-15,0.0000
2018-05-17,0.5180
2018-05-18,0.0000
2018-05-19,0.2800
2018-05-20,0.1540
2018-05-22,0.2500
2018-05-22,0.5860
2018-05-23,0.0000
2018-05-24,0.3400
2018-05-25,0.0000
2018-05-26,0.0000
2018-05-27,0.0000
2018-05-29,0.0000
2018-05-30,0.0000
2018-05-31,0.0000
2018-06-01,0.0000
2018-06-02,0.0000
2018-06-03,0.5550
2018-06-04,0.0000
2018-06-05,0.0000
2018-06-07,0.3610
2018-06-07,0.4960
2018-06-08,0.1770
2018-06-09,0.5580
2018-06-10,0.0000
2018-06-11,0.8150
2018-06-12,1.0000
2018-06-14,0.9120
2018-06-15,0.8910
2018-06-16,0.7820
2018-06-18,0.9890
2018-06-19,0.4700
2018-06-20,0.7800
2018-06-21,0.8020
2018-06-23,0.4810
2018-06-23,0.7880
2018-06-24,0.9740
2018-06-25,0.9360
2018-06-26,0.2890
2018-06-27,0.4420
2018-06-28,0.5720
2018-06-30,0.1370
2018-07-01,0.1420
2018-07-02,0.5440
2018-07-03,0.6640
2018-07-04,0.5070
2018-07-05,0.0550
2018-07-06,0.3840
2018-07-07,0.4140
2018-07-09,0.0860
2018-07-09,0.4790
2018-07-10,0.6320
2018-07-11,0.7680
2018-07-12,0.2080
2018-07-13,0.4850
2018-07-14,0.6750
2018-07-16,0.2970
2018-07-17,1.0000
2018-07-18,0.2360
2018-07-20,0.6900
2018-07-21,0.0000
2018-07-22,0.0000
2018-07-23,0.0480
2018-07-25,0.1230
2018-07-25,0.6500
2018-07-26,0.4820
2018-07-27,0.8790
2018-07-28,0.0950
2018-07-29,0.0000
2018-07-30,0.0000
2018-08-01,0.2880
2018-08-02,0.6040
2018-08-03,0.8300
2018-08-04,0.8840
2018-08-05,0.6230
2018-08-06,0.7020
2018-08-07,0.0550
2018-08-08,0.2510
2018-08-10,0.7410
2018-08-10,0.8490
2018-08-11,0.5850
2018-08-12,1.0000
2018-08-13,0.1330
2018-08-14,0.8220
2018-08-15,0.7370
2018-08-17,0.0980
2018-08-18,0.3940
2018-08-19,0.4440
2018-08-21,0.9520
2018-08-22,0.5360
2018-08-23,0.4540
2018-08-24,0.3120
2018-08-26,0.6130
2018-08-26,0.8720
2018-08-27,0.1670
2018-08-28,0.9880
2018-08-29,0.8660
2018-08-30,0.5270
2018-08-31,0.4000
2018-09-02,0.4060
2018-09-03,0.0930
2018-09-04,0.5100
2018-09-05,0.6040
2018-09-06,0.8940
2018-09-07,0.5450
2018-09-08,0.6840
2018-09-09,0.2720
2018-09-11,0.8010
2018-09-11,0.7090
2018-09-12,0.5860
2018-09-13,1.0000
2018-09-14,0.6480
2018-09-15,0.5410
2018-09-16,0.9420
2018-09-18,0.7510
2018-09-19,0.5020
2018-09-20,0.2390
2018-09-22,0.9750
2018-09-23,0.4310
2018-09-24,0.1260
2018-09-25,0.3490
2018-09-27,0.6360
2018-09-27,0.7630
2018-09-28,0.8410
2018-09-29,0.7950
2018-09-30,0.2020
2018-10-01,0.4770
2018-10-02,0.6320
2018-10-04,0.6050
2018-10-05,0.2150
2018-10-06,0.9200
2018-10-07,0.8700
2018-10-08,0.7540
2018-10-09,0.3190
2018-10-10,0.4820
2018-10-11,0.5100
2018-10-13,0.8400
2018-10-13,0.6790
2018-10-14,0.0000
2018-10-15,0.5910
2018-10-16,0.6240
2018-10-17,0.8850
2018-10-18,0.9860
2018-10-20,0.8100
2018-10-21,0.1000
2018-10-22,0.0000
2018-10-24,0.3460
2018-10-25,0.1690
2018-10-27,0.7690
2018-10-29,0.4230
2018-10-29,0.6780
2018-10-30,0.0790
2018-10-31,0.7150
2018-11-01,0.8090
2018-11-02,0.8200
2018-11-03,0.6870
2018-11-05,0.1740
2018-11-06,0.0000
2018-11-07,0.3430
2018-11-08,0.0000
2018-11-09,0.2250
2018-11-10,0.1380
2018-11-12,0.4060
2018-11-14,1.0000
2018-11-14,1.0000
2018-11-15,0.0000
2018-11-16,0.0210
2018-11-17,0.0000
2018-11-18,0.1600
2018-11-19,0.0000
2018-11-21,0.0420
2018-11-22,0.0000
2018-11-23,0.0690
2018-11-23,0.0000
2018-11-25,0.0000
2018-11-26,0.5810
2018-11-28,0.7040
2018-11-30,0.4450
2018-11-30,0.4870
2018-12-01,0.0000
2018-12-02,0.0000
2018-12-03,0.0000
2018-12-04,0.2710
2018-12-05,0.6850
2018-12-07,0.0000
2018-12-08,0.0000
2018-12-09,0.2160
2018-12-10,0.1380
2018-12-11,0.2830
2018-12-12,0.6800
2018-12-14,0.2110
2018-12-16,0.0000
2018-12-16,0.0000
2018-12-17,0.1140
2018-12-18,0.0000
2018-12-19,0.0000
2018-12-20,0.0000
2018-12-21,0.0000
2018-12-23,0.0000
2018-12-24,0.0000
2018-12-25,0.2630
2018-12-25,0.0000
2018-12-27,0.3120
2018-12-28,0.4980
2018-12-30,0.0000
2019-01-01,0.0000
2019-01-01,0.0510
2019-01-02,0.4900
2019-01-03,0.2210
2019-01-04,0.0000
2019-01-05,0.0580
2019-01-06,0.0000
2019-01-08,0.0000
2019-01-10,0.3960
2019-01-11,0.0000
2019-01-12,0.7900
2019-01-13,0.4940
2019-01-15,0.3570
2019-01-17,0.6990
2019-01-17,0.4980
2019-01-18,0.3330
2019-01-19,0.4000
2019-01-20,0.0000
2019-01-21,0.0000
2019-01-22,0.0000
2019-01-24,0.0000
2019-01-25,0.0000
2019-01-26,0.0000
2019-01-28,0.0000
2019-01-29,0.0000
2019-01-31,0.0000
2019-02-02,0.0000
2019-02-03,0.0000
2019-02-04,0.0140
2019-02-05,0.0000
2019-02-06,0.0000
2019-02-07,0.0000
2019-02-09,0.3700
2019-02-10,0.0000
2019-02-11,0.1950
2019-02-12,0.0930
2019-02-13,0.0430
2019-02-14,0.1070
2019-02-16,0.0000
2019-02-18,0.0000
2019-02-18,0.0000
2019-02-19,0.0000
2019-02-20,0.0000
2019-02-21,0.0000
2019-02-23,0.0820
2019-02-25,0.5380
2019-02-27,0.0000
2019-03-01,0.0000
2019-03-02,0.0000
2019-03-04,0.3360
2019-03-06,0.0370
2019-03-07,0.0000
2019-03-08,0.3610
2019-03-09,0.2000
2019-03-11,0.0000
2019-03-13,0.0000
2019-03-15,0.2640
2019-03-16,0.4330
2019-03-17,0.3930
2019-03-18,0.5240
2019-03-20,0.0000
2019-03-22,0.2990
2019-03-22,0.5560
2019-03-23,0.2360
2019-03-24,0.0000
2019-03-25,0.0000
2019-03-26,0.0000
2019-03-27,0.0000
2019-03-29,0.0000
2019-03-30,0.0000
2019-03-31,0.8440
2019-03-31,0.1780
2019-04-02,0.0340
2019-04-03,0.2560
2019-04-04,0.2890
2019-04-05,0.5390
2019-04-07,0.1320
2019-04-07,0.2700
2019-04-08,0.3590
2019-04-09,0.3510
2019-04-10,0.0000
2019-04-11,0.0000
2019-04-12,0.0000
2019-04-14,0.0000
2019-04-15,0.0000
2019-04-16,0.0440
2019-04-17,0.0000
2019-04-18,0.0000
2019-04-19,0.1560
2019-04-20,0.0000
2019-04-21,0.0000
2019-04-23,0.1360
2019-04-23,0.4820
2019-04-24,0.0000
2019-04-25,0.0000
2019-04-26,0.1200
2019-04-27,0.9240
2019-04-28,0.6980
2019-04-30,0.2970
2019-05-01,0.4750
2019-05-02,0.7530
2019-05-04,0.5790
2019-05-05,0.6800
2019-05-06,0.3830
2019-05-07,0.1940
2019-05-09,0.0000
2019-05-09,0.0390
2019-05-10,0.0000
2019-05-11,0.0920
2019-05-12,0.2830
2019-05-13,0.1710
2019-05-14,0.0000
2019-05-16,0.5800
2019-05-17,0.9250
2019-05-18,0.2430
2019-05-19,0.0000
2019-05-20,0.1690
2019-05-21,0.0000
2019-05-22,0.1390
2019-05-23,0.0000
2019-05-25,0.2840
2019-05-25,0.4880
2019-05-26,0.1990
2019-05-27,0.2710
2019-05-28,0.0280
2019-05-29,0.1700
2019-05-30,0.1530
2019-06-01,0.8020
2019-06-02,0.9730
2019-06-03,0.8080
2019-06-05,0.9390
2019-06-06,0.2750
2019-06-08,0.2100
2019-06-10,0.0000
2019-06-10,0.0000
2019-06-11,0.2700
2019-06-12,0.5200
2019-06-13,0.7380
2019-06-14,0.8220
2019-06-15,0.0340
2019-06-17,0.1180
2019-06-18,0.6800
2019-06-19,0.8900
2019-06-20,0.1060
2019-06-21,0.7130
2019-06-22,0.8150
2019-06-23,0.0850
2019-06-24,0.7800
2019-06-26,0.5930
2019-06-26,0.9290
2019-06-27,0.4300
2019-06-28,0.5490
2019-06-29,0.3750
2019-06-30,0.3440
2019-07-01,0.7910
2019-07-03,0.5950
2019-07-04,0.6940
2019-07-05,0.1930
2019-07-07,0.2850
2019-07-08,0.3880
2019-07-09,0.0890
2019-07-10,0.6680
2019-07-12,0.7390
2019-07-12,0.7890
2019-07-13,0.5260
2019-07-14,0.5100
2019-07-15,0.0790
2019-07-16,0.0480
2019-07-17,0.9740
2019-07-19,0.6340
2019-07-20,0.7200
2019-07-21,0.9820
2019-07-22,0.4270
2019-07-23,0.8410
2019-07-24,0.9650
2019-07-25,0.8640
2019-07-26,0.8490
2019-07-28,0.2170
2019-07-28,0.5520
2019-07-29,0.8680
2019-07-30,0.3720
2019-07-31,0.0760
2019-08-01,0.0000
2019-08-02,0.4100
2019-08-04,0.6490
2019-08-05,0.8270
2019-08-06,0.9180
2019-08-08,0.1850
2019-08-09,0.3430
2019-08-10,0.3470
2019-08-11,0.7390
2019-08-13,0.1580
2019-08-13,0.2730
2019-08-14,0.0000
2019-08-15,0.3230
2019-08-16,0.0000
2019-08-17,0.3260
2019-08-18,0.4520
2019-08-20,0.4740
2019-08-21,0.2020
2019-08-22,0.8430
2019-08-23,0.4880
2019-08-24,0.8880
2019-08-25,0.1690
2019-08-26,0.0330
2019-08-27,0.2480
2019-08-29,0.0910
2019-08-29,0.0240
2019-08-30,0.0500
2019-08-31,0.0000
2019-09-01,0.0000
2019-09-02,0.1710
2019-09-03,0.3330
2019-09-05,0.5640
2019-09-06,0.5450
2019-09-07,0.8270
2019-09-09,0.8490
2019-09-10,0.7550
2019-09-11,0.8290
2019-09-12,0.6040
2019-09-14,0.6320
2019-09-14,0.5160
2019-09-15,0.0280
2019-09-16,0.4950
2019-09-17,0.1360
2019-09-18,0.8520
2019-09-19,0.7730
2019-09-21,0.0000
2019-09-22,0.1530
2019-09-23,0.1270
2019-09-24,0.3390
2019-09-25,1.0000
2019-09-26,0.2510
2019-09-27,0.0000
2019-09-28,0.6850
2019-09-30,0.5220
2019-09-30,0.7180
2019-10-01,0.1360
2019-10-02,0.0740
2019-10-03,0.0270
2019-10-04,0.7730
2019-10-05,0.2240
2019-10-07,0.1530
2019-10-08,0.9070
2019-10-09,0.2200
2019-10-11,0.3130
2019-10-12,0.7580
2019-10-13,0.0890
2019-10-14,0.0000
2019-10-16,0.9290
2019-10-16,0.8790
2019-10-17,0.7320
2019-10-18,0.9020
2019-10-19,0.6260
2019-10-20,0.1620
2019-10-21,0.5890
2019-10-23,0.3220
2019-10-24,0.5510
2019-10-25,0.9060
2019-10-26,0.9040
2019-10-27,0.9220
2019-10-28,0.6910
2019-10-30,0.4610
2019-11-01,0.3290
2019-11-01,0.5430
2019-11-02,0.8890
2019-11-03,0.7290
2019-11-04,0.1900
2019-11-05,0.8400
2019-11-06,0.0170
2019-11-08,0.0000
2019-11-09,0.0000
2019-11-10,0.4130
2019-11-10,0.5070
2019-11-12,0.4930
2019-11-13,0.3360
2019-11-15,0.3890
2019-11-17,0.4320
2019-11-17,0.8470
2019-11-18,0.0000
2019-11-19,0.4380
2019-11-20,0.2760
2019-11-21,0.2750
2019-11-22,0.0000
2019-11-24,0.2240
2019-11-25,0.0000
2019-11-26,0.0000
2019-11-26,0.2300
2019-11-27,0.0000
2019-11-28,0.0000
2019-11-29,0.0000
2019-12-01,0.0000
2019-12-03,0.0000
2019-12-03,0.0000
2019-12-04,0.0000
2019-12-05,0.0000
2019-12-06,0.0000
2019-12-07,0.0000
2019-12-08,0.0000
2019-12-10,0.0000
2019-12-12,0.2600
2019-12-12,0.1870
2019-12-13,0.0000
2019-12-14,0.0000
2019-12-15,0.0000
2019-12-17,0.1290
2019-12-19,0.0840
2019-12-19,0.0810
2019-12-20,0.7690
2019-12-21,0.7350
2019-12-22,0.8090
2019-12-23,0.2300
2019-12-24,0.0000
2019-12-26,0.0640
2019-12-28,0.2830
2019-12-28,0.3780
2019-12-29,0.6410
2019-12-30,0.0000
2019-12-31,0.0000
