,2005,2006,2007,2008,2009,2010,2011,2012,2013,2014,2015,2016,2017,2018,2019
01-01,248.76,232.78,230.85,215.15,254.94,232.63,,249.12,224.43,243.29,247.77,,,264.07,228.125
01-02,247.81,232.3,243.695,221.69,255.83,223.09,244.7,260.87,225.92,,245.82,251.96499999999997,234.88,249.99,214.54
01-03,241.865,228.33,241.45,231.25,247.75,229.52,,255.84,224.72,257.82000000000005,,,,249.28,218.06
01-04,238.65,230.38,252.24,231.5,244.71,227.74,241.22,258.83,232.12,256.42,238.41,239.52,243.765,,213.63
01-05,247.66,229.22,253.32,234.89,243.06,,,254.73,242.2,254.94,,240.25,244.3,249.78,213.46
01-06,258.24,229.365,245.74,237.68,238.73,235.21,230.69,,,246.27,235.16500000000002,,243.63,,217.28
01-07,259.65,,241.68,227.89,244.45,,228.36,253.955,237.32,259.98,246.88,241.55,256.95,257.26,
01-08,264.17,235.06,239.33,234.44,247.49,234.94,,251.06,,257.73,242.61,,,,213.66
01-09,261.43,227.6,246.185,229.39,247.01,236.76,242.13,240.63,247.62,,247.11,228.375,247.63,253.22,
01-10,247.48,229.31,246.31,223.94,246.24,243.66,,235.24,,259.4,249.77,234.31,,259.87,221.54
01-11,246.12,218.24,251.66,224.26,248.34,243.27,240.75,250.1,237.29,,249.09,243.03,244.52499999999998,,225.29
01-12,250.495,218.76,242.18,221.98000000000002,247.44,,235.53,250.48,234.51,252.87,,233.64,239.65,269.51,223.27
01-13,244.51,221.98,243.45,,255.15,253.96,237.54,,227.95,249.25,235.09,231.35,231.09,,229.98
01-14,239.92,218.62,243.44,231.76,258.03,,235.86,243.23000000000002,224.29,245.49,,237.53,226.04,259.69,
01-15,240.78,224.175,240.7,234.54,248.28,,,227.35,,244.59,241.83,,,264.17,216.19
01-16,242.2,229.05,242.8,225.23,258.2,233.87,246.07,238.17,222.445,262.62,,240.37,238.25,266.48,
01-17,233.09,233.45,239.57,213.96,271.09,241.96,,242.95,220.85,259.67,248.0,,,253.14,212.47500000000002
01-18,241.88,234.25,249.32999999999998,213.0,273.94,,250.43,239.31,221.88,,252.85,259.055,240.93,257.63,219.83
01-19,253.41500000000002,236.54,250.63,211.58,275.23,246.88,,243.21,221.69,262.34000000000003,,241.46,,249.13,217.53
01-20,,230.69,248.87,210.38,276.35,246.08,237.64499999999998,239.57,219.55,265.34,244.33,239.45,243.68,,223.5
01-21,255.39,230.7,251.02,214.7,265.19500000000005,,234.02,237.69,213.17,266.03,,251.14,,247.87,225.05
01-22,253.2,222.08,245.57,219.18,256.42,231.61,238.14,,233.55,264.56,246.735,,244.06,,230.94
01-23,253.88,224.95,239.84,227.63,245.4,,234.76,246.76999999999998,221.24,248.33,242.71,256.04,244.31,257.485,
01-24,254.98,221.7,239.72,224.77,236.41,231.09,,,,263.6,251.33,,,247.69,234.18
01-25,256.25,225.04,244.995,222.79,227.37,238.29,233.64,241.64,227.58999999999997,,240.18,237.14,248.01,251.36,225.45
01-26,259.38,230.22,,230.72,233.46,241.41,,243.55,226.91,254.91,245.79,238.5,,244.61,232.01
01-27,256.37,225.84,245.9,230.63,,233.18,229.665,251.99,225.49,,249.0,241.54,247.165,,
01-28,250.76999999999998,225.15,258.56,231.57999999999998,227.06,,245.64,246.96,224.87,260.55499999999995,,231.6,240.0,248.82,241.8
01-29,248.98,226.09,244.74,232.55,227.46,246.59,243.46,,225.36,,254.88,239.9,237.78,,244.87
01-30,242.8,233.59,244.3,228.12,215.62,,249.79,244.49,223.49,264.62,,231.36,239.62,246.875,
01-31,243.3,237.07999999999998,246.88,228.62,,251.01,,246.25,,259.51,256.87,,244.6,242.78,241.53
02-01,247.01,238.85,239.02,227.45,226.51,250.8,236.32,245.92,229.505,262.1,247.72,227.67,244.69,246.85,
02-02,246.33,239.89,242.65,232.45,225.64,243.41500000000002,,249.7,222.08,262.05,246.14,,,253.31,245.68
02-03,253.5,245.83,242.46,227.67,239.95,232.01,244.41,255.17,237.73,,244.0,231.82999999999998,244.67,251.96,244.72
02-04,247.625,241.33,234.82,230.06,249.35,229.63,,251.71,241.76,259.315,,,,256.3,242.74
02-05,242.29,242.31,238.45,226.68,,241.08,249.995,257.45,247.95,256.8,248.98,228.5,252.065,,238.47
02-06,255.93,242.82,239.56,230.36,242.13,,,264.21,245.58,256.98,,229.76,239.33,257.21,241.82
02-07,263.74,238.07999999999998,240.61,234.03,242.54,234.94,260.48,,246.15,252.36,286.435,,241.93,,235.69
02-08,262.28,,252.65,245.39,242.65,,257.94,260.875,248.42,252.14,273.04,244.41,250.29,248.72,
02-09,264.09,235.79,260.25,247.05,233.55,229.655,,244.02,,254.81,274.92,,,,229.27
02-10,258.77,232.28,264.335,255.15,240.15,227.14,272.0,240.86,229.035,,268.88,256.95,251.99,239.99,236.48
02-11,261.4,228.34,273.46,250.71,243.57,227.96,,239.13,,252.46,281.64,260.23,,242.85,233.72
02-12,258.7,233.01,256.14,244.32,,245.12,269.83500000000004,244.23,218.96,,261.01,264.55,252.465,,230.01
02-13,264.17499999999995,236.47,233.82,246.425,240.29,,267.17,243.83,219.5,262.76,,263.56,249.5,245.65,237.72
02-14,261.97,241.18,238.13,,234.61,248.28,272.54,,224.9,265.64,251.09,259.4,246.31,,238.95
02-15,262.38,239.72,228.04,249.65,241.79000000000002,,271.75,242.12,224.9,267.57,,264.85,243.88,250.385,
02-16,267.35,233.67000000000002,224.01,244.08,245.81,235.69,,238.66,,259.15,252.28000000000003,,,248.89,249.68
02-17,265.46,232.93,236.01,248.54,248.72,,276.71,241.26,234.39,260.76,,268.27,263.83,259.21,
02-18,258.19,232.77,231.35,245.06,249.18,239.055,,234.4,235.02,263.16,249.83,,,257.4,239.22
02-19,255.82,239.09,238.47,242.09,249.18,,260.2,240.69,239.02,,257.81,254.32,254.26,,234.77
02-20,254.41500000000002,240.04,237.26,243.18,243.69,236.99,,239.54,233.35,251.64,,259.86,,243.48,231.81
02-21,,238.14,240.1,237.21,,224.63,261.45,244.76,236.27,257.4,256.73,261.83,256.66,,229.55
02-22,265.19,236.7,244.83,244.44,256.205,,257.14,245.45,238.23,256.33,,261.23,,256.77,
02-23,260.62,241.335,246.53,245.45,252.27,222.21,258.07,,237.18,246.92,259.45500000000004,,264.79,,222.82
02-24,264.98,243.24,242.49,242.62,256.53,,249.36,254.865,235.56,252.21,261.61,257.51,259.62,260.935,
02-25,257.6,241.18,245.17,242.13,257.54,250.055,,,,251.09,264.73,,,263.55,227.32
02-26,254.18,232.51,251.07999999999998,245.18,269.21,246.17,252.42,244.84,239.28,,262.3,246.49,255.16,256.9,
02-27,256.68,250.98,,254.09,274.16,240.05,,244.99,240.47,264.31,261.44,249.23,,257.56,244.21
02-28,250.12,,264.42,243.08,,241.34,256.515,255.09,244.55,,264.87,258.86,244.135,,
03-01,258.975,,263.49,242.19,269.54,,251.13,,234.34,266.09000000000003,,,244.81,264.3,252.99
03-02,248.61,,262.85,242.5,264.24,273.24,253.98,256.13,246.09,,270.67,241.14,240.08,,251.82
03-03,259.76,244.56,264.79,242.83,,,263.14,261.19,260.98,252.55,,,242.18,267.615,
03-04,264.36,249.005,269.98,237.36,,255.13,,259.61,,245.25,273.23,244.12,,262.5,241.65
03-05,262.4,244.48,272.48,245.58,272.38,,274.15,256.17,245.82,259.96,267.95,,237.21,262.09,
03-06,261.3,247.38,270.95,240.97,275.07,253.75,279.05,267.97,261.24,267.95,269.43,258.73,,265.91,246.68
03-07,271.07,243.18,271.375,246.94,269.31,253.73,284.52,266.43,242.39,,273.6,,248.03,269.16,254.77
03-08,269.28499999999997,244.23,272.99,245.68,262.11,253.32,,260.62,233.71,268.85,,256.45,,262.43,241.96
03-09,268.25,236.54,266.29,248.68,,244.28,294.68,256.78,236.19,257.74,273.43,247.4,257.68,,241.14
03-10,265.76,239.57,264.13,233.0,254.65500000000003,247.48,,,228.93,259.95,,,255.25,259.08,
03-11,264.45,239.255,281.92,243.38,258.46,254.59,290.33,262.445,239.86,259.1,284.83000000000004,270.76,258.04,,232.71
03-12,264.3,248.57,267.22,240.52,261.54,,289.71,255.52,244.15,260.11,305.1,,,261.34,
03-13,255.23,248.35,270.17,250.5,262.57,260.38,282.36,261.46,,262.67,280.08,250.525,,,236.79
03-14,257.75,255.83,271.905,247.04,259.55,252.47,276.88,263.4,248.32,,269.63,252.76,,266.89,
03-15,246.74,255.99,264.26,253.35,258.74,253.06,,273.2,,262.97,269.01,250.16,,257.82,235.48
03-16,252.67,262.42,269.43,244.69,,256.86,280.40999999999997,276.93,253.55,,260.75,247.0,,,234.67
03-17,265.92,267.69,266.78,,254.86,271.28,279.96,,250.51,263.31,,257.55,263.56,261.4,239.04
03-18,260.87,270.21,272.08,240.94,253.86,259.37,276.42,260.16,245.6,255.28,263.6,252.85,260.74,,247.69
03-19,260.2,258.16,269.9,251.94,265.255,260.04,268.91,274.71,243.98,253.88,,,261.62,266.375,
03-20,272.95,260.085,264.38,259.59,261.52,262.94,,279.64,,260.55,263.89,254.86,,270.51,254.47
03-21,265.64,260.74,262.4,260.31,266.02,256.63,270.6,280.46,245.70499999999998,256.53,,,267.5,268.39,
03-22,268.49,257.54,262.61,258.09,270.47,259.92,271.25,280.72,262.71,263.21,262.31,257.115,,271.21,244.845
03-23,264.1,262.48,267.91999999999996,247.83,264.66,,265.53,284.4,242.7,,251.64,258.4,266.63,,240.48
03-24,254.59000000000003,261.25,268.83,246.53,268.91,254.06,,288.6,243.39,260.735,259.76,250.51,,268.98,247.22
03-25,,259.07,263.19,248.27,,257.76,265.33500000000004,287.91,242.36,261.16,263.23,249.81,267.89,,245.15
03-26,246.89,275.87,268.84,248.29,271.605,258.84,266.7,,247.76,255.43,,,,275.51,251.5
03-27,239.17,255.835,269.66,253.74,271.14,261.22,263.24,284.44,238.01,258.18,271.20000000000005,246.9,268.85,,251.46
03-28,254.07,259.25,266.18,244.56,269.97,,269.7,,239.45,267.57,280.37,,261.8,283.18,
03-29,246.86,254.28,260.92,246.46,263.54,252.175,264.63,270.27,,265.52,285.4,245.2,263.17,275.07,267.14
03-30,256.81,252.66,266.03,242.76,260.6,259.35,261.9,265.38,234.93,263.63,280.0,243.47,261.16,273.94,265.68
03-31,255.59,254.1,,246.36,259.63,266.31,,270.71,236.95,265.82,278.91,239.37,,267.14,269.69
04-01,263.43,256.98,270.21,252.01999999999998,,258.24,275.695,263.58,233.13,271.12,274.47,236.8,266.225,,
04-02,283.72,262.88,263.35,251.18,259.42,,281.26,,238.64,267.14,,235.55,265.38,270.63,258.81
04-03,274.91,264.17,267.0,251.89,253.91,259.89,277.23,282.325,246.93,,276.93,224.79,262.63,,257.78
04-04,278.31,264.56,272.19,255.31,262.71500000000003,254.93,275.82,270.15,254.91,260.04,,,267.15,262.47,264.48
04-05,275.26,263.655,269.71,254.38,,256.06,,274.15,,261.98,287.13,249.73,264.53,277.64,248.16
04-06,279.36,269.78,276.48,251.86,257.44,259.58,267.21,274.01,252.45,271.82,297.79,,259.41,265.45,
04-07,273.79,262.86,285.78,257.31,264.01,269.48,266.85,268.53,251.0,268.13,275.75,253.095,267.07,284.22,248.06
04-08,277.31,267.46,268.845,256.19,265.84,255.2,265.67,262.15,249.8,,273.9,,268.65,,259.22
04-09,267.78999999999996,256.73,263.78,263.27,273.74,256.96,261.48,272.12,243.48,277.07,282.39,249.92,267.9,276.07,259.69
04-10,268.96,257.11,283.44,263.3,,256.69,255.3,269.27,251.92,272.7,276.92,249.14,269.97,,256.96
04-11,272.9,259.24,267.34,262.68,262.07,253.69,,,252.41,275.85,,252.84,283.32,273.11,251.89
04-12,280.35,257.82,277.73,253.57,259.63,253.82,260.03,274.345,250.63,270.21,268.525,247.32,277.21,269.47,246.67
04-13,278.87,263.11,262.07,251.0,275.19,,276.01,297.98,250.58,272.6,281.96,,267.35,272.72,
04-14,271.57,261.88,261.57,251.21,276.63,266.99,280.56,280.41,,266.79,272.79,250.83499999999998,267.21,,251.11
04-15,281.23,258.92,262.86,251.43,272.8,288.62,269.85,272.62,267.635,282.24,260.71,255.91,270.01,273.91,252.24
04-16,271.97,271.41,257.64,251.3,275.11,290.31,,275.72,,270.36,265.53,256.1,,271.96,246.96
04-17,263.11,268.58,264.06,257.54499999999996,270.14,285.12,260.79,279.72,265.37,,259.67,260.42,277.325,271.8,256.73
04-18,253.115,268.98,270.96,,265.08,,268.44,,260.04,263.43,,269.19,293.07,274.3,246.08
04-19,256.48,264.25,267.29,259.83,274.71,264.59,262.16,279.475,260.88,265.6,264.21,272.43,286.22,,263.38
04-20,254.62,273.13,261.22,271.87,277.615,268.59,273.58,282.36,258.35,266.64,268.66,288.63,283.73,280.975,268.19
04-21,255.34,266.95000000000005,259.95,267.61,265.26,267.44,277.73,283.03,,274.4,268.56,267.99,296.01,275.99,266.56
04-22,256.03,272.71,262.69,269.67,265.69,,281.77,281.45,258.425,271.69,,265.42,282.22,273.91,
04-23,260.43,263.93,262.5,266.74,263.19,260.39,271.7,286.75,264.32,280.68,260.06,259.93,288.7,264.8,256.275
04-24,258.52,261.98,265.315,267.3,,,258.19,287.72,251.12,,271.22,270.58,269.27,267.62,254.08
04-25,267.565,265.08,265.45,275.52,270.79,,,282.18,252.56,266.925,264.81,258.07,262.26,279.59,259.82
04-26,,264.82,273.8,265.3,,271.28,276.42999999999995,284.25,247.62,272.65,267.05,251.16,271.74,,262.32
04-27,259.45,267.37,261.13,251.62,271.615,262.37,278.86,303.67,250.84,269.26,,254.83,,278.66,259.4
04-28,260.93,268.2,261.39,257.68,271.35,258.0,270.98,280.075,251.0,270.37,267.935,247.33,254.31,273.67,254.71
04-29,270.15,271.91,264.02,262.07,263.65,,268.87,,253.99,283.38,269.1,,260.24,278.62,
04-30,262.11,267.21,274.82,282.97,278.47,270.995,265.27,293.93,,263.28,279.36,257.37,265.7,265.13,262.08
05-01,260.08,269.97,277.755,257.17,282.65,265.01,262.52,280.15,267.645,284.58,270.33,256.47,262.37,263.14,258.65
05-02,277.46,270.74,,259.46,280.56,264.58,,283.73,284.91,266.89,277.58,257.87,,266.97,271.29
05-03,281.23,273.57,277.93,268.08,274.63,266.9,269.09000000000003,288.89,261.6,,272.21,259.03,263.395,271.09,
05-04,279.595,271.22,274.73,268.58,266.83,,280.38,,265.61,269.52,280.33,259.39,270.79,270.21,258.35
05-05,284.98,266.35,278.56,264.84,268.34,274.8,264.82,280.49,270.85,,266.21,258.85,277.12,,271.09
05-06,281.32,277.98,262.06,267.07,271.295,266.33,257.85,278.11,271.16,260.94,,,270.85,275.535,275.5
05-07,275.64,264.675,267.65,267.04,,272.42,269.87,277.8,,258.8,267.07,262.15,278.28,267.79,266.47
05-08,287.92,265.39,273.8,263.97,280.26,,275.38,267.77,257.43,266.1,260.58,255.92,267.37,274.08,
05-09,283.78,264.58,285.06,256.56,278.6,272.03499999999997,259.76,276.08,261.48,271.75,269.51,260.22,,292.48,260.25
05-10,284.26,268.13,271.14,251.66000000000003,270.59,277.32,263.93,267.37,259.2,,260.38,,278.73,290.46,267.98
05-11,277.78,265.62,260.19,266.27,273.24,270.01,,281.8,263.78,272.94,271.15,258.54,266.82,274.63,260.76
05-12,279.56,265.98,267.26,273.82,,275.2,258.31,266.49,264.38,272.55,265.41,252.91,273.57,,263.08
05-13,271.87,275.46,261.72,263.99,269.335,263.72,,,253.0,271.72,,265.43,275.52,275.71,259.94
05-14,265.52,276.95500000000004,273.8,254.15,261.95,269.27,263.23,267.08,267.37,276.08,275.53999999999996,269.95,275.0,274.37,262.79
05-15,270.81,279.23,272.44,252.84,264.25,,259.86,262.69,261.13,281.34,274.84,,270.46,271.33,
05-16,280.2,284.33,270.08,262.7,263.56,267.345,266.76,269.04,,280.35,277.38,259.09000000000003,272.31,,246.75
05-17,276.45,282.7,272.395,252.72,268.23,270.28,266.55,269.13,258.78,276.68,277.4,271.02,269.25,265.12,251.24
05-18,279.06,268.83,264.07,256.7,258.18,266.58,,278.81,,272.98,275.59,253.89,,268.72,266.88
05-19,295.0,271.42,266.07,263.255,,261.63,266.90999999999997,273.68,266.31,,276.62,251.54,269.525,266.36,276.41
05-20,293.625,269.77,265.72,,259.36,,282.97,,268.29,278.405,274.38,261.94,275.28,268.24,268.79
05-21,289.16,279.89,262.95,265.12,264.47,268.56,275.65,278.415,267.47,282.66,275.62,265.15,270.23,,273.59
05-22,282.31,267.97,261.68,265.03,265.68,,262.8,277.01,265.91,269.39,,,273.35,266.225,273.57
05-23,282.05,270.345,263.45,263.25,273.19,272.64,,272.7,,271.5,283.495,260.06,274.87,271.8,269.1
05-24,276.48,278.2,265.66,263.04,271.67,,266.42,266.65,262.36,277.26,,252.64,271.62,267.88,
05-25,273.18,277.73,267.23,262.9,272.19,268.27,259.14,275.16,261.84,273.95,267.17,256.75,,270.08,271.525
05-26,264.02,279.69,265.505,265.235,,,260.02,270.88,271.51,,282.08,261.17,274.0,268.96,273.88
05-27,260.265,270.52,261.14,262.06,264.71,269.63,,273.16,263.19,275.785,278.9,258.48,280.68,272.24,265.95
05-28,,263.34,264.42,266.95,,265.35,268.51,280.33,269.12,272.86,285.22,266.84,266.35,,265.44
05-29,265.36,264.65,269.27,268.79,258.6,,266.56,,265.35,269.94,,,,275.76,264.76
05-30,269.65,268.37,265.16,270.52,264.34,273.26,266.15,285.38,270.21,268.8,280.365,,268.36,274.66,263.01
05-31,264.34,276.42,271.09,259.7,260.62,,267.91,,285.15,276.81,276.79,,260.22,278.99,
06-01,266.47,272.77,265.45,264.36,260.75,264.38,271.24,277.29,,276.01,283.22,,261.38,274.74,257.66
06-02,261.43,278.39,271.17,265.91,260.5,265.97,278.48,272.43,276.17499999999995,289.62,285.5,,263.26,281.46,269.99
06-03,269.33,260.61,,261.4,264.19,267.57,,270.27,280.79,269.0,277.14,,,276.87,260.68
06-04,270.0,260.47,270.09,272.355,267.28,274.28,271.08500000000004,275.27,272.42,,276.78,,262.3,279.08,
06-05,266.71000000000004,270.99,272.49,274.7,267.99,,264.86,,265.3,272.055,291.25,,271.69,279.11,255.98
06-06,266.08,269.78,275.62,268.96,265.35,272.97,270.4,277.245,268.91,,263.69,,260.82,,265.78
06-07,261.09,266.6,271.57,258.49,266.935,270.59,273.99,279.93,270.53,273.33,,,265.93,270.025,
06-08,262.78,268.90999999999997,270.42,263.46,,261.68,,271.23,,255.83,281.865,,264.82,268.2,264.63
06-09,268.99,276.49,265.23,258.68,260.43,,265.17,278.26,271.935,270.23,279.34,,261.99,267.98,
06-10,267.65,281.04,271.79,279.09,260.27,269.615,275.18,274.27,272.34,264.32,269.01,,,272.9,268.965
06-11,269.82,283.49,278.055,267.945,262.55,281.34,269.59,278.13,273.41,,276.05,,269.87,268.38,272.91
06-12,261.03,280.04,287.4,276.77,263.71,272.08,,270.4,283.08,266.885,,,,262.22,278.42
06-13,267.73,279.5,283.32,272.38,,276.12,272.53999999999996,277.31,289.58,269.67,273.9,,262.84,,279.83
06-14,267.43,278.76,271.75,279.03,262.02,288.09,,,264.8,267.35,,277.79,276.59,259.03,274.15
06-15,254.82,272.6,262.51,272.32,274.62,278.39,281.1,271.255,271.38,270.4,277.475,270.49,269.65,265.18,274.95
06-16,261.48,,261.71,278.2,277.84,,268.86,260.95,273.17,274.7,283.22,,270.73,269.06,
06-17,269.12,275.31,264.95,278.37,268.64,269.45500000000004,266.46,282.66,,273.5,281.64,270.51,,,275.48
06-18,265.71,272.0,263.48,271.97,258.7,275.89,262.38,278.32,282.58,280.88,279.96,280.54,277.55,275.32,281.14
06-19,269.59,274.72,269.37,275.83,269.05,276.13,,276.7,,273.85,278.66,282.06,,269.53,267.33
06-20,269.6,282.46,263.34,273.56,288.06,273.88,262.01,264.91,264.41,,282.63,257.19,274.41499999999996,277.08,276.69
06-21,260.945,285.33,274.78,,274.57,,250.23,,272.68,271.145,291.81,268.41,273.8,278.3,275.62
06-22,258.56,281.15,278.49,265.35,271.18,282.16,258.01,267.125,273.3,276.36,282.79,280.31,260.79,,270.52
06-23,263.85,288.59,279.67,266.13,275.145,281.94,263.3,278.13,267.12,267.05,,291.47,267.11,288.24,269.76
06-24,272.05,276.61,276.52,272.0,277.68,269.21,271.96,276.09,,266.11,287.23,264.73,274.65,289.41,271.74
06-25,269.04,278.56,267.76,270.29,265.35,,264.95,280.55,274.595,270.4,,262.5,266.47,280.9,
06-26,269.79,285.36,279.65,278.59,283.3,268.33,268.3,280.63,296.73,265.51,276.0,266.63,,279.18,271.9
06-27,258.97,274.24,266.575,277.32,283.09,,266.57,267.18,292.62,,286.59,274.73,270.86,284.51,271.8
06-28,258.78,276.39,273.99,285.97,282.01,275.0,,267.7,290.8,268.345,273.74,282.38,286.5,279.05,268.82
06-29,,268.31,274.3,281.78,,265.98,255.57,270.72,289.02,281.62,274.48,284.86,267.51,,287.76
06-30,260.67,279.2,281.99,279.89,270.145,273.28,250.11,,272.75,267.22,,287.82,,283.05,285.62
07-01,270.92,278.30999999999995,268.94,263.97,279.31,265.27,263.78,280.835,269.89,268.64,275.91499999999996,268.75,271.23,304.69,277.17
07-02,271.99,275.7,270.49,270.89,269.55,,259.7,,271.59,276.39,283.64,,268.9,289.3,
07-03,272.75,268.6,274.95,270.25,266.38,262.595,,280.92,,278.01,286.95,264.07500000000005,,287.77,268.56
07-04,255.62,265.18,264.025,265.79,269.25,269.68,270.75,272.78,270.495,279.06,283.91,284.2,280.45,290.89,290.93
07-05,259.54,274.81,,270.92,267.74,279.38,,285.9,294.76,274.19,292.06,273.81,,293.06,282.47
07-06,266.8,279.43,278.83,266.75,281.5,270.77,262.71500000000003,283.58,261.02,,283.11,282.32,275.2,295.07,
07-07,270.88,280.13,274.19,251.69,277.87,,257.9,,270.33,272.275,,289.1,297.99,290.51,282.85
07-08,270.47,272.65,281.2,260.81,281.92,265.67,260.15,279.0,275.1,,287.13,279.9,264.73,,280.04
07-09,273.2,295.59,274.95,255.93,277.46500000000003,273.96,263.63,281.46,281.29,270.83,,282.97,276.38,290.09000000000003,275.14
07-10,272.04,275.765,282.22,266.27,,273.57,272.42,284.82,,281.39,282.97,266.01,274.61,291.41,278.78
07-11,271.28,272.93,278.0,267.97,274.45,,258.87,283.24,285.81,310.16,270.21,264.78,269.19,295.26,
07-12,268.5,283.72,272.68,279.86,299.43,269.01,,293.04,304.07,282.8,270.96,264.96,,278.65,274.66499999999996
07-13,277.14,296.93,268.545,276.255,275.49,281.73,254.5,290.78,283.71,,281.0,,274.28,274.03,285.9
07-14,267.91999999999996,297.66,280.92,280.22,278.26,281.38,,303.4,292.71,282.625,295.18,269.68,285.01,267.8,276.6
07-15,272.1,271.55,274.83,275.08,,273.89,264.13,277.12,295.29,277.96,293.15,266.47,281.62,,282.78
07-16,270.84,276.05,270.28,279.78,278.885,279.98,,,301.44,270.89,,285.08,288.75,283.74,276.4
07-17,277.56,284.355,267.96,283.93,284.08,273.6,256.29,280.075,284.32,268.47,292.705,274.36,280.38,285.85,271.0
07-18,275.24,,265.01,281.88,280.02,,259.53,301.66,286.19,280.0,277.8,,274.09,284.11,
07-19,262.12,278.89,272.44,278.43,284.31,263.515,,288.64,,282.28,284.99,277.395,282.03,,277.91
07-20,267.8,272.11,270.555,256.56,276.35,273.01,260.21,277.58,283.15,285.03,290.33,279.2,269.58,282.41,285.09
07-21,264.27,267.26,279.96,282.07,284.09,265.23,,291.11,,282.83,283.54,265.29,,281.45,264.0
07-22,292.84,270.28,273.96,276.07,293.67,254.19,266.375,285.59,279.63,,274.14,271.21,274.33500000000004,281.31,289.1
07-23,268.15,268.18,282.84,,273.28,,276.09,,282.79,277.48,,280.89,282.58,278.4,276.1
07-24,253.95,261.31,285.89,271.4,271.52,257.93,268.21,278.69500000000005,282.34,282.61,277.3,275.03,273.04,,282.91
07-25,271.35,273.92,271.78,273.67,277.135,268.25,275.83,288.25,292.01,275.16,,,275.4,280.63,284.03
07-26,273.31,272.325,269.08,280.13,278.47,261.07,277.88,285.71,,279.32,281.82,275.62,279.21,289.31,285.68
07-27,270.44,282.18,267.97,273.19,275.76,,269.73,293.57,290.635,283.47,,277.95,265.51,276.65,
07-28,278.27,278.95,280.61,284.0,278.3,266.68,,281.88,298.19,291.34,286.59,264.09,,285.04,272.13
07-29,278.52,280.03,267.78,277.245,267.1,,266.12,283.93,288.4,,278.91,275.76,279.36,274.87,270.68
07-30,279.03499999999997,275.08,280.67,288.05,275.7,281.97,,290.01,289.22,278.345,,273.09,292.06,282.68,278.17
07-31,,267.51,272.28,276.1,,282.45,272.885,283.63,285.54,284.05,283.17,276.21,276.41,,281.9
08-01,279.31,278.92,274.34,274.99,272.34,279.01,267.79,,287.34,288.31,,286.94,,281.36,278.16
08-02,266.16,274.53999999999996,276.67,277.92,277.51,276.29,287.62,283.19500000000005,288.38,284.83,288.275,279.31,280.64,295.11,282.34
08-03,272.41,278.74,269.97,267.49,273.59,,263.66,,288.8,283.87,288.6,,287.76,278.19,
08-04,265.76,268.83,274.66,277.3,274.75,269.495,270.34,287.76,292.66,287.54,285.36,271.29499999999996,283.75,303.03,269.7
08-05,272.01,272.71,272.77,274.89,276.95,276.34,275.09,285.04,284.04,284.79,286.52,269.9,272.44,271.88,282.33
08-06,267.72,281.9,,280.31,273.45,267.89,,290.66,288.24,277.68,294.28,255.17,,268.15,277.19
08-07,273.69,277.52,264.17,274.425,281.8,264.94,269.68499999999995,290.73,292.07,,282.69,270.5,272.29,275.91,
08-08,265.485,284.64,271.61,279.93,271.55,,269.02,,288.9,272.36,282.53,278.74,270.01,286.99,277.79
08-09,270.11,273.91,274.72,275.0,272.49,269.02,268.0,262.04499999999996,291.36,,281.87,269.62,254.18,,273.37
08-10,277.97,285.44,279.59,283.39,265.645,272.86,269.59,261.2,273.51,279.86,,284.49,255.7,273.53999999999996,279.14
08-11,273.26,278.59000000000003,276.66,276.46,,277.97,281.74,269.47,,272.3,282.81,273.86,272.0,278.45,282.32
08-12,279.39,281.13,267.27,275.89,283.27,,278.46,271.13,273.05,286.85,285.53,276.63,268.58,281.09,
08-13,264.34,278.29,272.85,272.52,276.52,266.65999999999997,,269.6,288.46,286.83,274.57,267.76,,288.57,273.075
08-14,267.38,276.08,277.53499999999997,274.73,269.67,262.41,272.92,269.6,282.16,,277.7,,277.04,288.0,279.49
08-15,268.77,278.96,261.63,279.49,264.76,269.61,,274.38,288.55,272.605,280.44,277.86,282.17,276.03,277.02
08-16,282.21,281.08,266.18,271.78,,256.14,265.06,281.1,276.35,276.91,279.95,259.21,272.13,,277.9
08-17,265.09,277.36,264.89,276.11,272.99,275.18,,,280.28,280.24,,271.73,271.69,280.51,278.61
08-18,269.13,275.24,273.47,277.91,266.78,268.96,281.25,262.53499999999997,283.27,276.46,276.655,273.12,267.49,292.69,278.02
08-19,273.61,,275.14,270.74,266.6,,273.09,264.84,288.16,274.02,282.77,,272.24,280.19,
08-20,264.08,290.03,281.37,282.89,271.48,263.41,,268.29,,280.7,279.97,278.53,275.34,,270.74
08-21,259.7,283.26,267.70500000000004,266.53,271.47,273.05,270.06,266.03,278.045,285.79,280.24,282.64,268.76,273.41,278.34
08-22,263.72,273.9,254.8,267.72,274.8,262.09,,286.59,,266.38,280.1,269.01,,267.81,271.35
08-23,267.44,270.21,265.33,274.005,274.96,259.03,272.225,266.84,273.32,,281.98,272.9,276.1,279.08,274.03
08-24,269.08500000000004,275.0,265.91,,274.72,,282.85,,277.65,274.485,,277.94,282.33,287.16,255.64
08-25,268.53,276.63,266.98,270.32,264.66,269.32,275.66,272.51,275.79,292.75,275.76,277.87,265.88,,272.0
08-26,274.66,273.39,264.43,271.7,265.47,273.7,267.18,280.85,263.62,274.85,,285.7,263.72,284.51,275.19
08-27,270.16,273.475,259.78,275.21,266.9,268.91,279.05,271.06,,267.89,281.49,271.99,267.78,279.44,277.03
08-28,265.67,276.08,263.55,269.19,266.45,274.73,275.7,279.68,268.6,271.06,,288.73,264.62,274.93,
08-29,267.48,272.75,292.09,269.18,257.7,260.57,,280.49,285.44,272.89,283.7,272.33,,276.43,268.53
08-30,266.21,270.89,265.995,269.72,260.72,,261.05,271.84,270.24,,277.7,277.31,270.42,281.23,277.07
08-31,272.185,266.97,269.56,278.23,260.54,263.8,,272.34,284.22,275.25,288.62,273.09,257.03,278.07,272.94
09-01,,271.37,259.01,267.46,,260.57,258.96,266.83,277.13,269.93,,268.79,258.51,,274.55
09-02,268.35,283.54,251.36,269.53,268.09000000000003,273.75,265.93,278.65,267.8,268.51,,277.43,,276.11,276.29
09-03,262.14,274.055,266.37,266.52,264.34,271.72,266.06,272.96,277.8,264.96,273.345,266.4,257.82,289.38,268.72
09-04,265.89,289.85,273.23,276.24,262.33,,261.71,,266.59,270.3,277.77,,263.11,271.86,
09-05,265.05,272.55,282.44,278.57,260.83,256.53499999999997,,272.33,,276.42,274.59,265.32,265.21,280.74,261.33
09-06,267.07,272.55,266.9,260.54,265.31,259.45,270.02,272.74,262.725,279.69,271.19,268.51,255.0,275.54,268.03
09-07,274.62,273.64,,256.4,264.43,264.83,,270.94,268.78,277.85,269.26,264.41,,274.91,262.21
09-08,270.18,277.13,267.46,260.6,275.54,272.3,259.30999999999995,281.96,265.11,,279.11,261.53,261.42,280.54,
09-09,266.975,271.18,269.0,258.1,256.97,,271.05,,263.73,268.465,282.13,275.85,260.21,282.25,260.57
09-10,271.0,267.68,275.25,264.63,273.42,277.82,268.75,273.555,270.32,,272.16,282.62,263.07,,268.7
09-11,268.85,271.02,274.91,266.33,261.32000000000005,273.34,268.62,300.63,270.19,272.81,,279.61,259.45,268.645,272.97
09-12,272.88,271.71000000000004,272.52,267.04,,260.1,279.57,268.61,,265.6,271.63,267.36,265.21,263.43,274.82
09-13,273.99,270.59,269.82,254.78,257.19,,261.96,277.9,258.83000000000004,263.12,278.42,278.4,259.49,265.91,
09-14,266.11,260.74,267.54,261.55,259.49,265.05,,272.27,255.87,266.23,268.3,274.55,,267.79,266.245
09-15,267.32,263.09,262.14,266.61,270.57,264.29,265.51,270.55,259.86,,269.48,,263.0,273.51,260.35
09-16,266.64,269.93,265.91,272.44,257.48,,,273.44,253.2,258.675,263.67,262.57,263.31,265.86,267.31
09-17,264.92,269.47,267.99,,,247.32,268.55,266.94,262.18,254.41,265.15,255.32,257.12,,264.02
09-18,261.95,268.85,275.61,263.71,260.0,255.39,,,264.57,263.6,,265.27,257.04,266.72,258.67
09-19,269.29,261.8,271.68,271.59,260.66,251.57,274.82,264.685,264.99,263.09,266.25,258.89,262.6,272.9,261.98
09-20,269.77,,268.66,265.53,261.65,,269.08,266.55,266.3,269.94,285.19,,252.9,267.56,
09-21,266.04,259.33,273.71,262.81,267.35,271.29,,261.19,,264.33,272.84,260.125,264.76,,255.17
09-22,267.48,268.31,269.36,261.62,261.81,266.24,260.03,265.79,265.555,,270.24,273.44,262.25,256.66,259.7
09-23,266.1,272.77,259.0,260.46,254.94,,,259.1,,258.9,262.47,255.62,,269.67,253.04
09-24,269.04,268.05,267.46,255.81,,269.28,261.40999999999997,251.8,270.57,269.75,259.15,264.37,260.975,269.07,259.87
09-25,260.65999999999997,265.59,258.49,,257.23,,264.55,,257.62,270.97,268.03,269.59,252.54,264.78,253.66
09-26,253.91,267.75,265.76,263.36,254.5,247.63,264.25,257.27,254.37,264.66,258.51,258.7,261.39,,265.97
09-27,253.42,268.83,250.05,,263.03499999999997,,265.45,262.49,262.48,270.07,,267.01,256.33,262.52,264.46
09-28,259.84,266.105,257.55,,262.02,255.11,262.23,259.36,,270.91,262.77,255.35,252.71,266.77,260.19
09-29,260.2,266.13,257.88,,258.18,,264.45,263.92,267.57,,,256.85,246.4,267.9,
09-30,261.07,261.95,260.95,261.32,255.05,260.65999999999997,,260.22,273.14,270.1,258.33,255.56,,263.35,258.53
10-01,258.88,266.91,258.66999999999996,261.365,,,258.13,259.58,277.43,,268.19,257.63,257.02,264.53,264.15
10-02,256.65500000000003,265.92,255.19,262.31,260.12,263.57,,,282.67,268.845,254.44,254.33,259.63,262.99,260.56
10-03,,259.03,263.35,263.67,,257.1,258.805,259.57,267.19,268.47,261.88,260.46,265.275,,266.89
10-04,254.57,260.65,267.89,257.9,253.87,,266.85,,272.72,259.77,,266.03,,262.95,263.78
10-05,250.84,263.065,265.29,263.25,249.43,265.46,262.0,257.64,274.84,259.17,253.915,261.97,255.96,264.75,258.76
10-06,253.29,272.46,267.95,260.77,252.51,,256.73,,266.36,264.86,260.58,,266.69,260.56,
10-07,253.78,266.1,265.13,248.11,247.91,266.315,,257.07,271.09,263.96,265.48,256.535,265.59,267.27,258.51
10-08,257.01,260.09,266.955,252.88,250.17,270.31,263.73,253.17,260.25,,268.03,252.22,256.02,267.48,264.86
10-09,253.94,255.01,,254.85,245.33,261.88,,250.62,263.74,269.66,268.7,245.28,,259.15,252.37
10-10,254.37,252.89,254.77,249.09,,266.43,250.245,242.88,253.6,,262.94,255.95,264.205,254.76,
10-11,253.72500000000002,254.91,244.76,244.67,249.21,,239.49,,256.85,266.40999999999997,,258.26,266.54,253.37,256.69
10-12,258.15,248.76,252.43,244.93,248.32,255.73,252.72,246.47500000000002,252.05,,260.03,256.43,264.33,,257.07
10-13,266.72,253.51,254.28,250.17,248.965,255.08,245.69,250.47,259.74,259.56,,264.94,263.68,257.35,261.72
10-14,255.94,247.9,248.5,256.41,,257.79,254.62,246.62,,272.09,257.32500000000005,253.87,273.44,255.7,256.19
10-15,256.77,241.77,252.62,260.45,,,256.75,253.45,258.37,,254.54,265.81,264.57,254.1,
10-16,254.7,247.77,256.23,256.03,258.11,260.82,,250.52,260.14,255.8,255.91,256.395,,241.3,253.855
10-17,252.35,242.06,254.755,249.75,,262.85,254.51,247.62,262.38,,251.7,,259.24,242.68,262.3
10-18,254.615,249.0,254.51,250.46,244.15,258.18,,,257.81,253.73,,253.73,,232.93,250.96
10-19,249.77,251.37,252.92,,,252.68,256.06,236.72,257.14,254.98,255.6,263.74,260.385,,253.2
10-20,244.58,257.51,253.14,259.62,245.64,,,,251.68,253.83,,266.14,260.8,235.66,252.35
10-21,243.61,257.24,253.5,257.26,242.78,255.56,248.63,244.70999999999998,,251.86,250.925,253.92,260.6,238.28,250.71
10-22,246.69,,247.33,256.0,247.43,,256.41,248.96,252.88,254.97,243.17,,256.74,238.96,
10-23,250.66,,251.29,252.97,252.76,256.97,263.23,249.03,,251.53,243.85,241.535,,,255.88
10-24,249.84,267.26,248.745,251.57,,257.49,264.93,249.72,254.49,,243.84,248.9,257.11,242.59,263.47
10-25,253.29,261.0,253.95,250.4,244.21,253.43,,245.67,,252.42,247.3,248.86,,246.99,259.38
10-26,253.63,266.1,258.38,,,254.57,259.825,247.19,248.33,,242.76,256.95,260.945,,250.73
10-27,250.075,252.83,257.2,,236.56,,262.5,,239.89,265.07000000000005,,269.49,266.62,241.85,249.46
10-28,250.34,249.82,265.48,243.95,236.28,250.56,,249.27499999999998,241.66,265.13,246.12,261.41,262.68,,251.88
10-29,244.06,246.67,262.32,247.45,242.52,,260.72,242.02,245.89,257.87,,270.51,253.82,242.615,
10-30,239.59,,253.74,243.87,236.62,248.91,254.87,259.05,,248.57,251.245,255.62,257.09,241.11,248.29
10-31,244.51,238.25,250.42,247.46,,,253.79,253.54,249.64,,,253.58,248.3,241.91,
11-01,244.71,,246.46,249.17,255.62,252.09,,249.79,252.44,255.76,249.77,246.245,,235.2,248.53
11-02,242.75,236.06,248.62,255.16,,,255.57,237.63,242.07,,243.11,247.17,256.41,233.54,255.72
11-03,240.58,239.62,252.49,251.54,258.1,,,,237.45,243.2,,243.71,,233.53,253.03
11-04,,239.64,247.69,,,254.33,253.67,233.46,248.0,237.46,243.63,241.62,252.93,,251.78
11-05,245.68,243.69,244.74,250.61,260.305,,253.35,,243.23,246.24,,245.8,,237.23,244.23
11-06,247.33,242.635,244.86,249.25,264.8,257.87,262.11,234.81,,247.18,246.135,238.06,253.05,238.2,247.96
11-07,248.9,246.33,234.69,244.42,254.8,,251.61,,246.46,249.68,242.35,,250.52,238.78,
11-08,237.06,244.71,246.93,243.11,254.3,254.015,261.59,235.05,,248.24,244.78,245.745,,238.31,247.2
11-09,240.03,228.91,248.01,241.77,,250.53,257.39,238.0,254.65,,249.55,240.77,252.09,237.28,239.44
11-10,246.42,232.66,,240.19,247.01,243.49,,238.44,253.76,254.7,255.66,241.41,,241.07,242.805
11-11,243.96,229.12,249.61,244.425,,236.47,252.9,243.73,249.48,,254.63,233.96,239.49,,
11-12,245.82999999999998,230.44,250.51,235.02,245.57,,248.96,,245.18,253.44,,237.44,242.62,233.48,229.3
11-13,241.28,232.49,244.16,241.34,250.31,235.83,251.25,238.055,251.79,,245.51,236.11,244.83,,229.69
11-14,241.86,241.8,243.78,240.88,252.875,,249.53,243.73,248.16,255.11,,267.59,244.36,237.76999999999998,
11-15,244.4,252.495,244.15,242.38,,242.73,247.16,240.56,,250.87,242.18,242.07,253.23,248.74,232.03
11-16,242.05,248.04,247.91,242.84,252.9,,246.64,240.83,254.425,,239.74,259.47,255.92,244.17,
11-17,241.34,255.88,247.95,241.4,242.99,251.41,,241.8,256.07,252.63,236.38,244.63,,243.64,238.63
11-18,238.28,246.38,248.325,241.905,,248.12,245.23,242.8,246.43,,234.89,,252.12,236.99,248.62
11-19,240.005,236.67,241.9,235.0,242.37,253.92,,240.51,248.14,249.60500000000002,,248.87,,241.78,246.08
11-20,236.92,245.99,243.96,243.51,,256.86,252.495,243.47,255.29,244.22,253.68,245.05,249.775,,238.88
11-21,239.81,242.57,245.04,245.49,244.04500000000002,,,,246.5,246.48,,,252.39,238.4,241.23
11-22,244.16,248.06,242.8,242.79,242.03,257.03,243.66,245.665,,237.43,253.39999999999998,245.61,265.9,239.66,243.7
11-23,244.39,,246.72,245.69,241.61,,238.46,239.72,241.6,242.78,254.54,,266.07,241.555,
11-24,246.72,244.4,246.55,242.51,237.69,253.155,245.08,239.24,,230.14,255.33,249.055,,,245.25
11-25,237.36,238.21,240.92000000000002,246.84,246.07,253.71,249.63,231.57,242.16,,246.71,246.53,256.9,234.41,245.56
11-26,235.65,244.88,241.13,243.91,245.75,249.16,,233.53,,240.23,250.48,240.74,,237.42,247.67000000000002
11-27,229.83,245.45,241.97,249.36,,239.73,240.505,241.98,248.65,,247.83,240.8,251.065,,243.38
11-28,236.14499999999998,241.97,240.66,,243.4,,240.59,,245.37,240.89499999999998,,240.68,246.05,226.43,236.0
11-29,236.35,240.92,240.23,247.11,228.92,243.84,239.6,241.93,245.33,238.22,249.68,240.43,240.97,,232.73
11-30,240.03,239.85,236.37,253.07,243.465,,238.56,244.0,243.59,244.53,,,238.58,230.75,
12-01,244.28,238.69,261.76,256.7,233.04,231.05,242.14,241.61,,248.65,250.245,238.13,250.49,234.71,241.2
12-02,242.32,237.93,236.36,253.85,244.57,,247.93,241.59,241.12,248.22,,,252.66,231.88,
12-03,242.27,239.15,245.72,253.3,236.34,245.94,251.58,242.2,244.83,248.05,245.46,236.885,,233.64,245.995
12-04,240.58,230.69,239.09,256.135,,,256.27,238.22,244.78,,252.04,221.73,254.69,233.43,241.0
12-05,237.8,233.14,236.77,246.29,234.01,251.01,,,242.98,246.03500000000003,,225.68,,231.66,246.85
12-06,,236.91,247.53,251.32,,255.03,252.775,239.53,240.21,245.98,243.1,229.29,252.85,,246.0
12-07,240.8,235.06,246.74,253.34,232.6,,262.13,,236.98,246.21,,238.6,,225.02,241.98
12-08,234.16,253.26,243.94,253.94,222.89,259.43,252.61,236.28,,245.81,237.565,233.39,244.95,227.18,249.11
12-09,246.43,255.71,243.27,241.6,233.07,,253.89,,233.58,241.43,242.75,,245.85,228.37,
12-10,241.04,246.36,247.88,239.84,231.99,265.03,253.56,225.35,,239.28,251.33,237.56,,230.51,241.87
12-11,238.39,239.47,240.12,235.57,,262.62,251.12,225.58,239.9,,252.46,243.27,242.32,231.26,
12-12,239.22,233.96,,243.52,236.22,263.63,,233.15,235.17,233.16,246.44,241.89,,220.83,245.935
12-13,238.43,226.31,237.22,252.88,,257.19,245.745,224.47,231.57,,236.5,229.6,251.54500000000002,,251.41
12-14,243.82,226.48,240.16,248.82,220.68,,241.86,,236.86,242.0,,225.72,252.31,229.39,251.71
12-15,241.31,239.83,240.95,247.99,230.22,262.07,246.56,228.84,241.13,,240.67,222.34,247.85,,254.29
12-16,240.38,234.19,236.62,245.96,235.555,,243.93,231.73,242.13,242.62,,,244.61,227.035,
12-17,238.05,244.41,235.31,246.38,,257.02,245.95,228.97,,240.12,237.70999999999998,232.23,249.09,218.89,244.41
12-18,224.28,250.64,237.25,246.7,245.04,,244.83,226.94,238.245,,227.59,,255.99,222.48,
12-19,223.95,243.83,,244.17,233.08,245.66,244.18,224.83,239.99,240.57,237.36,233.96,,232.78,248.73000000000002
12-20,224.59,237.83,235.7,247.97,,246.95,245.63,226.6,230.64,,238.75,,250.3,235.16,234.09
12-21,239.45499999999998,239.84,233.25,248.9,242.58,246.11,,,231.36,246.655,,233.18,,231.56,240.95
12-22,243.99,249.94,232.88,254.18,,245.18,248.84,226.48,232.05,240.12,237.39,233.44,256.525,,246.69
12-23,244.54,240.05,231.39,252.77,240.695,,,,231.0,246.84,,,253.9,225.75,247.68
12-24,245.36,225.215,227.96,243.37,241.9,244.58,242.42,235.895,,243.06,256.015,244.43,246.02,225.87,253.64
12-25,248.98,,227.51,246.04,237.51,,246.07,231.21,229.59,245.08,250.43,,253.04,225.185,
12-26,254.9,234.66,226.67,239.48,237.79,253.15,247.18,230.38,,241.73,245.76,243.235,,,245.8
12-27,234.73,239.84,227.92,242.94,,248.57,247.68,224.11,240.10500000000002,,231.14,246.37,248.64,211.99,
12-28,234.92,248.33,231.18,240.97,241.89,249.25,,227.62,,251.01,232.13,241.01,,217.33,255.7
12-29,235.58,247.37,227.61,240.87,,243.9,253.01999999999998,232.99,244.04,,237.1,239.39,254.38,,241.0
12-30,229.49,227.57,225.69,,226.57,,253.14,,238.81,252.88,,244.49,256.6,230.65,253.48
12-31,225.77,217.32,221.89,249.55,219.71,240.86,254.66,227.375,243.92,252.62,251.3,242.44,256.86,,253.25
