Date,2000,2001,2002,2003,2004,2005,2006,2007,2008,2009,2010,2011,2012,2013,2014,2015,2016,2017,2018,2019
01-01,23.72,53.367,9.296,12.767,54.633,17.64,8.0,13.6,2.367,9.417,1.04,2.32,6.125,1.914,4.578,9.044,24.286,2.364,21.38,3.26
01-02,25.92,56.367,6.074,9.519,36.607,13.28,12.5,13.1,2.7,3.72,8.68,14.24,1.45,3.829,16.778,1.682,2.829,3.204,4.347,6.4
01-03,16.84,21.8,10.458,27.933,17.3,23.2,14.231,12.933,4.92,6.64,11.56,4.318,2.475,13.433,2.067,1.023,16.314,18.37,7.957,7.345
01-04,12.24,99.267,9.792,31.16,8.214,16.52,18.75,3.2,13.867,6.0,2.0,8.48,11.7,24.394,5.333,2.8,11.629,3.291,16.413,5.327
01-05,36.96,49.4,7.741,10.56,16.92,30.2,32.88,7.762,18.9,3.72,3.5,5.667,14.243,12.6,3.978,13.267,2.714,5.44,3.725,8.727
01-06,17.52,27.2,10.333,14.857,8.286,14.08,3.688,4.56,10.3,2.478,9.833,7.087,3.714,6.343,5.744,4.881,1.172,3.8,8.14,4.727
01-07,16.64,30.367,18.95,5.393,14.933,15.333,30.48,11.44,4.7,10.087,7.769,3.24,6.943,10.29,12.244,1.61,1.032,30.0,7.12,5.224
01-08,19.68,28.759,17.458,13.789,21.409,9.4,27.2,3.13,4.926,15.458,2.214,4.125,2.657,2.182,16.146,1.111,1.057,11.436,6.087,2.673
01-09,15.8,41.222,26.433,23.0,12.2,3.48,20.905,35.24,7.35,11.56,4.3,0.958,2.583,1.059,3.933,3.242,2.486,12.127,6.674,9.333
01-10,19.12,21.167,19.621,33.4,6.96,8.84,14.92,13.364,4.931,14.24,8.633,2.636,3.303,2.718,2.778,3.444,1.914,15.412,11.9,1.909
01-11,38.96,43.4,17.071,12.933,17.56,18.0,22.316,9.682,5.3,13.48,5.765,5.5,2.111,15.306,12.378,4.022,1.371,5.68,4.52,3.66
01-12,31.96,63.867,9.7,30.767,33.607,13.926,12.72,4.053,4.0,21.208,14.8,1.24,2.889,6.541,2.8,3.317,3.065,8.945,2.08,19.691
01-13,20.8,40.8,5.36,17.6,37.44,8.393,17.24,7.24,22.2,5.034,9.7,9.364,5.132,2.775,19.947,4.209,1.486,4.709,7.56,1.073
01-14,11.8,41.767,20.75,12.37,63.583,25.9,5.35,6.44,5.967,14.207,1.741,14.292,8.486,1.775,3.024,6.711,1.057,27.527,8.92,3.764
01-15,10.96,30.633,12.6,22.033,9.033,33.4,20.0,15.0,15.036,19.12,1.455,3.24,5.394,7.405,1.462,4.171,1.8,9.345,23.58,7.815
01-16,9.16,38.867,19.423,24.038,6.4,3.75,10.0,6.261,3.04,3.483,11.138,1.08,5.625,3.743,4.814,4.674,3.4,7.043,14.48,6.8
01-17,10.0,31.2,23.0,7.167,1.44,9.941,9.818,5.312,2.48,3.5,1.3,2.708,4.438,21.459,12.422,5.2,7.2,4.133,3.298,14.927
01-18,25.0,22.167,17.933,18.833,3.05,8.125,16.474,9.583,3.31,15.6,2.143,3.45,18.08,19.263,4.0,6.0,3.743,3.848,12.87,5.956
01-19,27.92,13.7,19.267,10.963,9.542,9.95,21.28,19.208,4.4,5.37,4.154,3.304,7.5,18.436,10.558,9.333,8.242,2.49,3.932,8.691
01-20,34.2,33.233,8.833,12.107,14.72,9.625,18.48,4.96,12.667,19.227,3.6,2.792,5.286,24.825,6.978,4.0,10.471,0.979,3.533,3.2
01-21,39.6,35.333,15.172,13.481,21.231,24.0,25.32,3.76,12.7,7.828,2.7,4.32,7.9,23.231,2.75,2.467,3.321,1.84,4.356,13.118
01-22,18.04,94.958,10.316,16.808,12.808,23.04,12.68,4.917,8.458,11.808,4.593,4.0,5.725,5.429,4.0,1.595,3.03,2.0,3.978,2.26
01-23,16.84,34.7,10.13,7.964,63.25,4.12,5.955,9.92,12.0,5.233,4.64,1.28,4.436,7.697,7.581,2.111,6.706,4.86,14.556,1.855
01-24,18.6,40.533,15.679,14.067,8.8,7.0,10.44,2.588,6.2,4.5,4.1,1.833,3.343,5.5,3.333,5.044,4.971,2.588,4.9,1.7
01-25,24.76,100.967,6.9,14.5,6.72,15.333,8.35,5.2,15.63,12.967,19.296,2.727,2.424,9.727,12.205,8.925,4.765,2.529,2.838,2.945
01-26,23.84,64.2,22.333,11.467,8.35,11.25,21.118,5.92,5.4,5.44,8.889,9.727,3.5,14.333,4.667,5.175,1.714,9.018,5.2,1.891
01-27,17.8,39.733,15.92,5.545,23.96,13.357,9.889,3.08,27.407,5.607,8.241,2.68,11.895,7.567,3.375,11.027,1.6,7.4,4.653,4.818
01-28,41.0,26.0,35.64,23.345,19.533,12.679,15.72,5.68,15.037,7.2,4.423,30.64,5.921,2.958,2.857,3.625,8.517,6.5,2.24,2.392
01-29,29.0,30.833,14.6,22.483,6.708,20.4,14.35,20.25,5.586,5.321,3.185,3.88,2.421,1.733,4.884,5.825,30.486,9.8,1.3,4.891
01-30,13.88,29.963,16.571,12.64,5.929,6.2,10.3,7.042,8.2,20.375,3.067,1.583,3.444,10.6,3.822,13.205,4.3,17.244,2.98,1.62
01-31,15.84,36.733,15.214,29.84,6.333,9.833,19.55,3.13,4.036,10.448,4.0,1.64,30.615,23.618,7.95,3.675,2.35,10.119,7.571,1.745
02-01,17.24,30.667,10.8,19.8,7.7,15.381,8.619,2.455,4.24,2.867,9.259,0.95,4.649,8.425,7.7,1.675,3.675,13.541,2.457,2.204
02-02,15.52,44.633,24.533,25.96,13.808,12.2,10.375,2.667,9.433,6.037,14.793,2.56,10.6,9.65,4.35,2.775,1.575,16.089,2.867,6.418
02-03,19.52,28.267,20.933,11.222,23.179,16.75,8.85,13.92,8.967,8.917,2.889,1.286,3.0,36.8,9.85,1.846,3.205,8.822,5.2,5.82
02-04,28.76,23.467,14.667,18.222,6.138,43.269,5.6,2.32,3.7,9.357,3.04,0.905,4.513,4.725,3.027,2.325,37.875,7.622,5.163,6.182
02-05,15.08,14.68,11.85,18.233,7.44,19.12,14.2,4.88,3.32,3.148,2.6,0.88,12.667,1.889,3.825,4.85,10.314,3.644,2.333,6.471
02-06,21.64,34.68,14.31,13.87,9.462,4.76,11.067,3.167,9.6,11.533,6.64,0.857,3.026,2.256,8.375,6.763,24.4,3.25,5.275,4.291
02-07,27.32,31.542,20.96,27.6,39.3,11.524,4.0,7.55,6.5,15.733,3.24,5.44,3.714,4.6,5.244,8.075,14.35,2.694,3.783,7.18
02-08,9.0,54.828,28.48,10.9,14.167,15.526,18.65,7.0,4.033,18.433,2.24,6.818,2.912,13.351,3.463,4.575,16.575,2.143,1.702,1.333
02-09,14.56,72.967,15.12,7.56,18.5,27.05,10.455,5.56,6.8,11.087,4.542,2.273,2.189,3.923,1.825,2.286,6.3,0.844,5.104,3.691
02-10,41.0,15.8,19.48,12.75,19.067,6.48,7.4,3.56,5.633,5.034,2.348,3.84,6.2,1.385,4.344,4.75,16.3,5.371,3.14,6.109
02-11,27.048,30.633,24.6,32.556,20.577,7.208,15.696,3.72,6.241,10.136,1.85,5.44,5.125,2.525,4.8,4.0,16.237,6.85,1.62,4.76
02-12,30.6,34.367,24.63,24.227,26.0,10.6,62.12,2.591,3.519,20.897,5.35,47.24,3.7,5.824,2.341,5.5,9.7,8.525,5.348,4.196
02-13,19.16,41.5,12.6,22.333,9.231,3.0,18.8,4.32,4.833,7.8,3.0,19.72,1.528,2.258,4.356,3.475,8.575,8.05,16.64,9.275
02-14,22.16,35.0,23.5,13.179,4.6,16.375,12.2,4.632,3.034,8.767,1.35,8.708,2.2,6.026,4.35,13.05,12.95,2.6,7.255,1.642
02-15,23.8,24.933,27.483,4.4,3.667,7.292,13.952,3.292,4.96,11.9,13.632,6.88,2.282,7.487,3.978,10.075,8.765,1.927,7.872,1.63
02-16,29.92,46.4,6.793,8.5,19.821,6.893,13.8,21.091,5.296,5.733,5.579,7.545,2.742,4.025,2.467,3.825,5.769,0.86,5.927,4.327
02-17,24.0,53.767,15.0,20.6,11.846,12.6,7.625,4.28,3.567,16.6,3.13,4.333,2.273,5.308,3.857,1.889,5.057,0.543,12.167,1.782
02-18,36.96,53.933,16.4,14.714,9.607,6.926,17.4,3.76,5.367,9.96,2.08,3.417,1.757,4.861,7.158,3.75,12.375,1.418,16.255,1.82
02-19,24.24,32.467,20.267,15.345,26.393,11.467,5.15,12.52,10.438,6.667,1.72,11.12,2.333,6.143,3.133,10.95,20.225,1.109,3.74,0.959
02-20,9.84,23.9,19.9,10.64,8.8,9.067,9.55,9.68,13.6,2.429,1.6,12.44,3.024,2.103,3.595,3.35,28.075,0.5,3.217,1.055
02-21,26.92,27.9,20.034,5.0,8.7,6.889,6.789,4.391,5.643,4.867,2.4,4.76,2.978,1.564,4.089,2.425,12.4,3.891,10.413,0.6
02-22,30.56,30.633,11.783,18.7,4.767,8.435,8.917,12.24,4.75,1.467,2.739,4.941,7.756,1.294,4.333,2.175,5.825,5.691,2.457,1.085
02-23,21.16,24.1,11.567,7.367,2.087,13.929,17.067,7.143,7.967,3.852,2.12,3.84,3.051,1.925,10.578,2.425,2.1,1.8,11.1,10.44
02-24,25.8,15.333,26.2,9.793,3.0,5.9,18.286,4.2,3.267,10.2,26.964,3.773,15.095,1.225,7.778,5.675,5.871,1.37,7.125,2.08
02-25,27.867,36.833,22.429,12.933,8.393,9.815,13.567,11.8,4.233,8.083,6.167,11.286,5.933,1.424,13.415,3.75,19.361,7.709,3.1,2.296
02-26,23.4,24.3,22.643,16.138,25.6,2.5,1.05,3.32,4.692,6.933,4.0,3.28,7.733,1.867,3.667,2.35,28.861,1.382,3.222,1.855
02-27,8.2,20.933,10.9,14.538,22.037,4.067,4.895,3.48,6.107,3.862,23.067,3.08,3.762,1.514,4.184,6.5,8.105,5.16,5.667,1.774
02-28,16.967,25.867,9.433,15.8,9.0,9.077,13.88,4.458,14.414,3.207,2.8,6.632,6.125,11.686,2.475,2.025,2.825,2.333,4.024,2.255
03-01,33.467,21.833,9.233,12.233,7.133,8.81,22.038,4.16,7.7,3.067,1.889,6.1,6.61,44.094,7.933,4.35,10.85,15.957,10.667,5.037
03-02,31.767,9.433,9.433,10.1,13.138,7.533,7.464,6.4,12.433,8.259,3.583,8.56,6.628,2.571,2.225,4.575,2.85,1.855,2.528,2.519
03-03,33.033,9.433,12.793,12.077,11.7,4.519,5.6,3.96,3.345,6.808,11.875,3.76,6.486,1.412,5.576,6.829,4.611,1.261,7.975,2.6
03-04,24.267,14.24,79.172,13.64,9.552,23.267,14.45,2.32,2.867,5.267,2.846,3.857,5.889,3.7,0.837,3.925,6.525,6.46,3.725,6.16
03-05,33.3,9.267,32.067,15.708,5.407,5.967,6.75,20.591,3.786,18.435,3.679,3.417,4.578,5.057,0.95,3.25,1.65,11.164,3.457,3.333
03-06,21.267,33.448,21.259,14.615,12.481,3.233,13.4,19.333,3.207,12.833,8.833,2.227,10.591,3.774,7.289,7.763,7.475,2.63,3.714,10.6
03-07,27.767,24.0,15.333,20.2,24.2,2.048,9.12,5.958,2.808,7.567,16.333,2.889,6.083,9.6,1.667,8.85,3.95,2.269,3.575,3.615
03-08,37.867,22.778,13.621,11.233,12.967,3.0,7.967,8.2,3.567,7.31,6.538,2.765,3.568,3.059,1.178,6.975,1.692,5.873,2.875,2.087
03-09,32.533,23.567,21.36,19.32,1.875,3.0,7.433,9.68,20.103,4.034,3.5,5.778,4.542,4.367,1.0,4.85,1.5,2.56,2.195,2.42
03-10,25.833,21.767,4.214,20.75,3.345,7.862,6.7,6.292,2.345,3.8,2.1,1.526,6.25,1.429,0.956,2.692,1.765,6.804,2.067,4.86
03-11,30.733,13.3,14.63,29.433,12.407,7.133,5.828,3.4,2.65,14.435,1.926,5.04,4.46,1.286,0.911,1.429,1.048,1.618,2.6,4.463
03-12,21.7,23.4,22.64,11.3,24.75,7.933,8.679,3.435,13.107,26.458,16.2,3.64,4.245,3.167,2.561,0.935,1.296,5.306,1.32,8.231
03-13,13.933,25.333,13.607,12.667,22.095,4.367,11.107,3.16,5.68,2.577,17.3,3.4,3.6,23.25,2.512,1.212,2.367,5.52,3.933,1.889
03-14,22.833,21.48,11.88,35.765,14.24,5.857,6.767,3.88,3.37,11.833,1.767,8.04,3.894,14.321,2.791,1.629,3.733,1.865,11.021,3.917
03-15,18.667,23.16,12.833,6.76,4.92,6.24,7.5,3.76,3.885,2.241,1.889,3.88,11.8,9.839,5.867,1.914,4.276,2.261,1.578,6.289
03-16,11.5,21.036,16.04,4.625,8.739,3.9,9.133,5.72,8.933,9.167,2.286,7.92,15.178,2.735,0.977,1.743,5.167,1.796,1.745,3.96
03-17,16.633,11.867,11.44,8.368,8.462,3.08,6.655,2.64,3.4,2.348,16.72,18.25,8.459,0.771,9.727,4.382,7.294,4.023,6.4,10.18
03-18,30.6,13.133,15.655,6.783,13.84,6.72,11.696,8.96,1.964,3.538,11.885,3.3,5.6,2.343,0.933,1.71,5.0,13.614,2.22,3.9
03-19,20.267,42.1,13.414,7.4,16.467,7.8,3.65,4.56,2.542,11.867,1.667,6.3,3.231,3.171,1.875,5.3,3.615,2.62,1.327,3.92
03-20,16.8,29.1,19.04,11.5,36.778,6.2,4.4,4.217,6.7,3.367,1.36,3.867,2.275,4.114,21.2,5.133,1.771,9.66,8.92,6.067
03-21,14.6,19.867,16.867,9.64,6.433,5.88,8.133,9.2,7.8,5.8,2.68,5.9,1.581,2.03,4.1,1.857,10.206,7.04,2.957,9.32
03-22,13.4,25.5,4.385,8.88,0.56,7.88,9.379,3.682,14.533,11.667,9.619,4.538,2.324,0.964,3.625,7.457,9.8,6.66,17.356,2.304
03-23,32.067,23.233,18.033,12.32,3.556,12.292,13.63,10.05,6.433,3.542,2.407,8.25,2.167,1.032,5.103,1.903,8.943,2.256,5.326,2.04
03-24,40.233,19.793,9.867,8.6,15.345,5.16,14.933,7.2,3.12,4.438,1.828,3.667,7.628,1.971,7.8,2.2,2.029,3.444,2.41,2.52
03-25,29.0,30.267,10.0,7.04,26.967,3.4,5.167,8.92,2.333,3.25,1.48,3.24,5.3,5.677,3.0,1.433,1.429,11.091,2.75,1.7
03-26,22.133,21.5,15.655,39.346,12.967,3.917,6.1,5.55,4.143,1.92,4.958,4.607,3.0,27.571,1.975,1.325,1.429,2.089,3.133,1.32
03-27,17.833,18.567,19.759,12.167,9.0,23.55,4.467,17.957,3.75,2.04,2.292,4.5,4.936,4.091,1.243,2.103,1.229,1.711,2.289,1.92
03-28,23.6,15.033,8.172,7.435,34.133,16.238,5.28,4.84,3.96,1.56,11.68,3.862,12.234,4.088,1.436,1.525,1.4,1.378,1.38,4.72
03-29,23.103,14.778,8.034,8.8,6.862,8.062,6.9,5.08,4.433,2.28,21.286,4.621,4.933,2.171,3.6,1.125,4.3,1.513,1.78,2.674
03-30,26.379,17.0,8.643,30.333,13.379,5.8,7.233,4.4,4.4,2.526,2.682,3.379,3.52,2.143,2.45,1.425,1.966,1.844,8.78,2.8
03-31,29.32,21.533,7.367,39.467,11.25,12.72,9.7,4.6,4.138,3.818,2.429,3.333,2.957,2.412,2.19,2.289,2.438,2.52,2.52,13.8
04-01,25.16,30.333,7.567,30.833,8.909,13.263,4.833,2.96,4.533,0.947,2.222,2.667,2.733,2.086,2.419,2.244,1.4,1.167,1.46,1.75
04-02,16.333,18.2,13.034,19.7,9.957,25.6,2.96,2.87,4.04,1.85,2.267,3.7,2.0,1.706,2.561,2.356,1.233,0.86,2.208,7.1
04-03,13.367,21.167,16.304,14.0,8.625,16.32,3.12,4.5,3.6,1.214,2.929,1.9,1.957,1.486,2.442,1.711,4.1,1.156,2.12,1.417
04-04,19.667,24.32,10.24,9.633,8.92,6.087,7.037,11.409,4.52,1.048,3.586,2.462,1.682,9.706,3.854,0.867,9.733,0.857,4.64,2.139
04-05,8.267,24.433,12.192,8.033,7.8,6.37,7.556,3.65,3.704,6.261,9.407,1.933,2.72,16.647,1.867,5.467,10.25,2.195,1.571,2.129
04-06,38.5,14.433,7.963,5.9,7.368,6.81,6.367,3.95,12.862,1.296,5.269,2.75,3.542,2.429,1.067,3.689,11.486,2.333,1.277,1.625
04-07,23.76,24.5,8.778,18.12,5.04,22.286,4.16,3.55,3.867,27.034,3.533,2.462,1.388,1.533,1.35,9.356,7.143,1.951,1.7,1.25
04-08,21.567,17.3,9.64,18.526,7.44,14.125,1.48,2.45,8.5,3.767,4.759,7.68,10.583,1.25,1.4,6.36,3.865,2.02,2.16,7.694
04-09,18.267,14.172,12.862,15.7,11.179,11.667,2.1,2.2,4.571,2.31,1.885,6.2,17.08,1.29,3.625,8.52,8.432,1.787,2.2,1.722
04-10,4.72,13.16,7.148,23.857,3.767,4.75,4.5,2.2,3.96,2.286,4.345,4.036,15.733,1.543,12.343,11.06,4.356,2.489,1.438,2.657
04-11,28.333,16.267,11.68,12.15,4.367,4.312,10.346,3.25,6.037,1.467,7.31,8.4,9.878,1.242,4.15,10.86,2.6,10.156,0.86,1.6
04-12,23.345,18.633,14.957,13.55,3.4,13.0,25.767,2.636,8.857,1.5,2.433,10.483,3.051,1.294,2.55,3.12,3.425,1.522,1.578,1.233
04-13,18.033,40.833,9.72,4.05,3.893,19.333,0.92,1.25,5.4,1.37,1.286,5.414,2.667,0.686,2.6,6.152,5.175,2.88,0.841,1.075
04-14,11.76,35.913,7.5,5.958,19.926,25.083,0.333,3.56,2.276,5.043,2.857,4.8,3.0,0.886,2.286,1.408,3.026,1.76,0.909,4.65
04-15,19.7,30.0,13.897,9.92,17.893,35.133,1.1,24.28,4.467,1.125,2.9,3.533,4.511,1.342,1.5,4.5,4.438,2.644,11.067,5.917
04-16,16.3,31.857,16.133,9.074,20.138,39.233,0.7,6.15,28.759,1.259,8.586,2.033,2.841,2.15,2.311,2.711,2.371,8.333,7.949,2.35
04-17,14.138,17.087,12.65,12.3,9.8,22.84,1.682,3.524,16.704,1.923,3.0,2.9,4.956,2.675,1.467,4.02,2.771,1.362,3.0,4.55
04-18,13.467,7.211,26.56,5.56,8.3,16.909,3.0,6.05,5.379,2.8,2.5,2.214,2.81,2.0,2.325,1.86,8.029,1.408,3.425,1.35
04-19,14.267,14.567,22.913,8.52,48.036,7.185,4.174,4.5,4.8,15.867,6.655,2.72,4.62,6.2,2.111,1.136,8.486,10.18,3.838,1.325
04-20,14.133,25.3,23.96,8.64,25.37,5.16,4.28,4.048,6.793,1.708,2.684,4.333,2.83,9.282,4.545,1.667,2.429,3.545,1.6,2.256
04-21,9.933,19.167,18.24,9.828,20.929,7.174,2.28,2.88,4.067,7.1,3.0,2.133,4.761,3.432,5.214,4.6,2.0,3.543,2.55,1.875
04-22,5.056,23.038,32.04,11.64,11.517,4.909,3.16,2.92,6.567,5.533,4.16,2.4,2.88,7.55,5.205,4.548,2.033,6.36,4.0,7.225
04-23,9.071,21.2,18.8,13.667,7.0,19.621,8.4,4.875,4.0,3.043,3.1,2.733,4.449,5.303,5.0,3.462,1.618,2.417,2.525,2.0
04-24,10.64,27.2,19.765,13.739,9.966,2.556,2.92,3.6,9.333,2.923,2.3,2.167,3.186,3.474,1.886,1.935,3.128,1.88,4.4,1.525
04-25,12.333,12.345,17.478,12.214,10.633,2.042,6.071,2.4,4.5,3.1,1.643,1.862,2.356,4.222,2.7,2.34,1.35,1.5,1.947,1.625
04-26,17.167,14.3,14.28,11.6,7.4,4.1,7.448,4.583,4.929,3.655,1.76,2.207,3.045,3.079,1.778,1.7,2.212,1.34,7.818,4.875
04-27,21.067,21.2,9.88,22.96,8.821,23.923,7.533,4.0,5.233,3.724,1.8,3.0,5.087,5.744,1.178,1.326,1.966,4.418,2.933,2.844
04-28,17.6,18.233,6.417,11.667,4.815,10.65,7.04,6.48,3.828,3.6,1.714,3.276,4.667,2.459,1.593,6.341,1.85,1.182,2.244,2.378
04-29,14.933,21.7,9.214,18.167,10.148,11.2,6.16,5.96,3.96,6.167,1.852,3.267,4.911,4.432,2.733,2.061,2.075,0.909,2.333,2.59
04-30,14.033,21.033,11.96,19.261,9.0,7.7,4.04,3.565,4.321,4.233,1.76,5.32,8.556,0.821,6.525,1.604,1.243,1.545,1.867,1.8
05-01,11.267,29.44,8.0,11.24,10.192,6.15,1.96,3.84,3.958,3.367,1.32,4.28,12.27,1.525,2.081,1.66,1.775,5.873,1.54,1.667
05-02,11.679,22.35,10.786,17.067,6.867,5.9,6.391,3.048,3.1,3.733,1.8,6.25,3.897,5.865,2.324,4.911,2.25,3.25,2.0,1.778
05-03,18.714,23.933,13.296,17.367,2.8,6.444,8.828,2.565,3.786,3.367,6.28,1.808,5.243,1.6,8.457,1.711,5.59,1.846,6.304,1.705
05-04,20.24,24.0,6.44,8.4,17.368,7.19,7.68,3.318,13.0,3.033,3.72,7.533,6.136,1.85,2.1,2.022,3.946,9.74,4.365,1.524
05-05,19.4,25.7,12.87,14.467,7.741,16.433,8.04,3.4,4.233,2.9,13.783,12.148,9.195,1.95,3.029,2.171,5.029,1.927,2.527,1.333
05-06,18.167,17.633,14.462,14.2,11.033,8.08,7.76,2.96,4.4,9.103,3.24,4.967,24.933,11.176,3.194,1.622,16.053,2.036,13.891,0.978
05-07,19.233,19.167,25.267,13.92,7.931,6.5,7.4,4.0,5.92,2.929,5.25,12.926,8.022,2.8,3.9,2.311,12.919,5.818,1.078,1.025
05-08,12.2,15.867,13.192,12.269,9.103,5.44,9.423,3.556,7.36,5.067,6.76,2.5,4.044,1.973,2.267,1.551,2.775,6.549,8.826,0.872
05-09,13.3,13.133,16.8,8.8,6.833,8.444,8.6,3.52,9.286,8.267,10.167,4.0,4.111,2.725,2.8,8.82,6.05,3.5,6.58,0.929
05-10,18.52,22.0,11.76,11.467,4.667,6.333,8.852,3.12,5.241,13.429,10.905,5.773,9.317,4.625,9.05,2.94,4.825,4.48,2.84,1.143
05-11,15.2,17.067,8.8,19.7,6.433,10.231,4.393,14.0,5.867,8.88,3.375,4.389,3.41,7.538,1.9,2.167,4.511,6.48,1.681,6.178
05-12,20.9,14.9,20.933,5.714,10.793,8.958,17.964,8.68,9.963,11.348,4.13,5.65,3.857,4.657,6.35,5.62,4.844,3.52,1.54,2.167
05-13,23.207,13.182,14.316,10.852,8.87,7.727,6.28,2.652,3.9,10.583,2.64,15.143,5.333,2.118,4.415,2.8,6.7,2.927,1.84,3.0
05-14,18.533,20.067,6.167,20.696,8.0,6.897,8.2,10.308,5.417,3.567,3.333,24.32,2.733,1.226,1.25,2.978,1.575,6.58,20.94,4.622
05-15,6.267,24.9,15.533,11.733,10.0,9.24,3.577,4.875,3.333,2.357,1.917,3.25,2.829,5.025,2.1,2.208,2.6,4.075,10.02,9.575
05-16,7.931,23.074,17.708,11.345,5.167,6.76,2.731,7.44,2.833,2.174,2.55,2.263,8.78,8.275,13.756,1.6,3.0,3.291,2.587,2.85
05-17,15.267,15.727,16.133,33.4,2.233,9.6,5.931,6.864,11.769,1.24,2.667,2.619,5.886,2.8,19.111,2.722,1.447,4.927,9.3,1.35
05-18,22.179,18.828,9.633,6.067,39.174,12.241,12.233,10.28,3.643,1.667,4.833,2.815,6.683,5.025,3.067,1.875,3.3,4.2,9.182,1.075
05-19,22.68,20.267,4.15,10.172,10.571,11.13,5.304,21.28,3.333,1.667,2.682,3.917,11.689,2.846,3.7,2.955,1.882,3.145,3.44,2.044
05-20,17.333,26.1,38.714,9.333,2.517,13.0,7.433,3.24,3.067,5.767,3.68,5.12,7.622,2.35,8.205,8.676,2.026,4.164,1.86,1.525
05-21,16.533,22.367,26.458,5.12,19.88,6.04,5.464,1.909,4.143,2.138,3.13,4.233,17.222,1.938,7.911,5.886,6.8,11.86,9.444,2.405
05-22,14.103,15.367,11.167,5.24,19.667,2.2,9.036,2.318,3.321,2.133,12.72,3.4,2.179,5.273,10.444,5.116,2.525,14.714,10.6,1.974
05-23,12.724,44.033,16.467,5.69,17.133,4.64,28.037,3.043,2.759,2.2,7.04,6.111,2.69,8.594,16.775,1.867,2.75,2.54,4.225,2.29
05-24,20.931,21.0,30.214,8.233,12.433,5.103,9.552,3.24,2.833,1.7,3.44,3.4,9.244,2.273,24.0,2.156,2.424,2.489,8.756,4.025
05-25,21.862,17.038,8.567,20.167,33.111,7.5,9.241,5.64,4.567,3.621,7.04,3.231,3.558,3.143,2.644,1.651,2.229,2.6,18.354,7.333
05-26,17.233,17.4,8.138,9.348,9.28,27.88,6.276,7.0,3.552,2.0,18.4,3.556,3.356,10.0,13.486,1.717,1.909,2.17,9.14,2.556
05-27,18.567,18.16,12.714,17.4,9.069,7.182,5.367,2.08,11.885,2.448,9.2,3.556,6.023,2.382,13.39,4.68,9.861,9.82,9.857,3.86
05-28,14.1,17.133,9.867,10.2,7.429,6.533,5.5,7.708,7.633,2.65,5.24,7.036,10.133,15.559,3.844,2.409,2.133,7.311,7.537,6.1
05-29,19.8,20.414,16.5,3.8,9.724,6.304,5.0,3.312,3.655,2.793,1.92,6.267,13.622,5.5,2.325,7.714,2.356,14.089,7.511,2.575
05-30,13.0,26.04,38.455,26.667,6.633,6.038,6.815,13.053,2.92,7.1,2.04,6.133,18.447,7.667,4.636,4.7,1.956,2.2,6.07,4.367
05-31,18.733,32.933,9.52,23.56,5.1,6.36,4.586,1.688,3.733,3.333,13.455,2.333,11.122,1.8,11.738,1.32,6.267,12.283,1.543,0.735
06-01,16.633,12.893,9.12,29.833,8.174,8.0,27.087,10.3,9.133,2.409,7.44,1.759,3.86,3.771,1.5,6.42,2.978,5.36,7.622,1.3
06-02,18.133,21.667,7.783,7.8,8.5,8.889,6.455,5.12,5.567,3.083,4.52,3.107,13.511,1.4,1.545,13.74,2.093,8.26,0.622,1.05
06-03,15.133,30.76,12.864,10.379,8.154,7.308,3.68,2.2,2.567,7.552,2.652,11.233,5.622,2.125,1.275,9.878,1.425,8.844,1.949,3.6
06-04,13.1,23.72,15.444,12.16,6.231,24.233,2.56,4.727,3.269,1.724,5.583,2.966,3.378,3.351,1.538,3.159,9.0,4.667,1.154,1.6
06-05,25.433,32.571,33.583,10.333,9.067,8.8,24.1,11.84,5.133,1.357,3.08,1.667,3.814,9.6,2.622,2.592,1.94,7.116,9.231,0.829
06-06,42.4,21.8,6.16,18.0,8.3,6.071,4.111,12.08,6.0,2.133,4.45,2.379,2.675,5.925,2.111,9.78,3.6,2.227,13.61,1.325
06-07,10.8,19.867,9.059,5.75,4.833,8.423,2.667,6.8,9.28,5.067,1.96,10.28,3.25,2.743,2.178,2.533,1.878,2.48,8.93,1.55
06-08,19.5,15.7,8.92,2.28,6.0,8.964,6.4,7.76,3.2,2.522,4.667,5.741,2.634,2.45,8.733,9.622,11.917,1.62,2.889,1.488
06-09,16.069,16.69,5.4,7.0,7.179,44.407,5.348,2.52,3.0,10.37,4.885,4.286,8.044,1.538,2.317,4.4,1.978,5.68,5.022,1.067
06-10,21.333,13.167,9.13,10.25,8.75,12.926,9.0,3.44,7.517,5.3,7.733,11.857,2.396,4.973,1.975,9.826,8.22,2.291,1.711,0.878
06-11,23.7,18.625,18.818,13.1,10.333,4.429,6.72,10.64,3.062,6.367,6.643,5.207,2.08,1.925,3.128,9.8,4.535,1.273,4.625,0.8
06-12,16.033,18.4,9.7,14.259,8.067,3.536,4.762,29.833,2.84,12.241,1.567,3.8,2.24,2.219,4.6,3.48,3.533,6.146,7.673,7.45
06-13,15.267,17.2,11.28,21.0,8.926,7.172,6.867,8.167,6.577,10.138,1.724,8.6,2.07,5.103,11.711,1.68,3.4,3.133,0.864,2.0
06-14,16.933,21.367,13.652,27.8,10.933,0.6,2.75,20.36,4.3,6.2,3.966,4.44,3.19,13.286,8.25,1.022,3.95,1.0,4.098,1.4
06-15,18.444,17.6,7.0,19.476,12.893,0.867,6.652,29.0,4.833,3.034,11.0,4.385,4.277,3.206,11.65,1.244,2.295,1.06,2.367,6.2
06-16,27.8,13.6,8.583,7.952,8.071,1.37,13.625,6.8,4.929,3.652,2.071,3.731,3.7,10.657,11.771,1.587,1.0,3.019,1.24,1.956
06-17,28.033,8.15,16.909,14.92,12.857,6.038,6.88,3.0,4.143,2.0,2.542,2.7,1.54,9.08,2.189,3.061,1.467,10.0,0.978,7.8
06-18,34.167,8.579,4.75,10.0,5.448,16.767,4.8,2.826,4.286,4.808,2.833,7.2,1.32,11.733,3.237,6.22,4.667,8.519,1.25,1.595
06-19,18.333,13.958,9.25,7.818,27.846,15.32,5.4,2.833,9.08,5.586,3.133,8.367,2.979,2.353,3.222,1.918,2.778,1.157,0.783,1.714
06-20,16.4,15.15,6.793,23.609,8.28,0.611,8.84,3.042,3.2,2.567,18.3,1.643,4.829,1.727,2.65,1.32,1.622,1.157,1.267,6.36
06-21,22.133,17.833,3.609,9.367,6.8,1.385,6.8,3.65,2.724,1.857,6.033,1.826,2.74,1.5,4.533,2.347,11.778,1.218,1.32,1.66
06-22,25.31,19.867,4.926,8.08,6.962,3.5,4.042,8.05,11.8,2.0,3.414,1.52,1.979,3.429,4.026,4.24,1.814,2.0,1.14,5.08
06-23,22.1,19.467,7.0,9.44,15.6,4.125,3.174,7.842,8.269,2.087,9.733,2.037,2.74,1.886,4.75,2.311,4.362,9.018,1.84,4.089
06-24,19.821,12.4,8.708,10.375,12.32,6.25,2.32,10.867,3.867,4.2,3.857,2.68,2.822,1.774,4.15,8.913,3.735,1.8,1.286,1.596
06-25,35.6,25.346,8.714,9.077,11.222,14.24,1.24,3.737,3.833,2.724,3.292,3.48,2.911,2.657,1.778,6.773,7.444,2.164,2.913,1.488
06-26,15.56,24.5,8.692,7.333,10.12,3.9,1.48,3.421,7.0,9.034,5.333,2.033,2.15,12.065,1.611,7.6,6.68,1.16,1.604,2.909
06-27,27.52,52.571,9.762,6.733,9.333,4.933,1.84,7.556,5.1,4.267,8.586,2.233,1.958,5.0,1.538,8.0,2.44,6.473,1.489,1.591
06-28,26.68,24.692,7.704,7.2,6.433,3.867,1.762,14.45,8.696,5.655,15.036,1.767,3.04,5.0,1.667,4.32,1.469,1.75,2.277,1.583
06-29,18.741,21.967,5.929,6.533,6.2,4.435,2.16,5.0,3.333,2.308,11.897,5.233,5.068,9.56,2.822,3.367,0.913,2.519,5.96,1.378
06-30,20.6,32.6,4.48,10.2,18.545,5.083,11.043,4.95,8.4,4.333,3.815,2.933,2.133,2.629,1.422,1.5,4.0,2.26,9.14,4.837
07-01,42.0,21.4,13.346,15.32,3.391,19.8,4.88,6.85,2.567,2.148,2.714,1.765,7.022,2.2,1.533,2.064,1.093,3.509,1.98,2.083
07-02,27.833,20.75,11.897,10.36,5.679,46.84,4.36,14.632,2.963,2.233,2.733,1.943,1.689,2.471,2.045,3.367,6.42,1.727,9.36,1.711
07-03,34.367,15.167,5.286,11.48,15.5,17.88,11.84,4.9,2.7,2.28,2.69,1.886,2.047,2.861,5.195,3.705,1.92,3.8,3.583,1.277
07-04,20.69,16.4,10.167,14.467,7.0,6.44,6.32,4.75,6.12,3.5,3.467,4.0,3.435,10.486,1.9,1.86,2.9,3.0,5.417,6.6
07-05,52.345,15.633,7.84,15.621,14.333,3.565,9.48,4.667,3.63,2.233,4.034,4.944,2.854,1.7,1.675,2.26,6.298,5.957,1.36,8.465
07-06,22.433,17.433,9.042,11.179,8.259,4.905,20.4,10.471,4.367,7.367,3.037,1.55,6.756,0.975,10.8,5.86,2.5,8.979,3.34,3.04
07-07,19.0,25.1,8.64,9.926,6.5,4.316,2.0,7.8,3.0,4.952,6.423,2.188,6.812,0.975,3.075,3.745,1.833,1.6,1.245,3.51
07-08,19.067,13.7,6.8,12.64,16.75,6.381,1.56,2.7,2.793,4.5,4.034,2.2,3.04,2.0,6.378,3.56,4.234,5.3,7.18,5.042
07-09,16.7,18.2,6.96,8.654,8.448,14.88,8.65,6.95,2.625,8.5,2.7,2.789,6.24,6.167,14.97,3.244,2.796,7.78,2.08,1.804
07-10,9.8,16.0,6.5,9.867,16.103,3.278,2.2,17.7,3.2,2.448,2.433,1.95,1.844,6.2,1.974,2.6,2.28,1.96,2.575,5.5
07-11,10.8,14.1,9.783,7.2,2.25,4.133,12.773,8.765,3.409,2.731,2.367,1.5,6.98,2.947,1.825,2.12,4.28,1.936,4.707,2.04
07-12,12.448,15.533,7.842,8.767,1.56,5.15,3.476,4.235,3.267,2.393,4.1,1.8,1.643,2.452,3.455,2.28,4.468,2.217,1.209,1.9
07-13,16.733,19.5,13.04,7.167,3.522,2.95,16.714,12.706,9.667,4.036,7.185,7.667,2.312,4.8,2.111,3.02,1.64,5.36,7.636,2.025
07-14,18.1,17.633,17.2,6.967,5.6,9.522,4.6,12.3,3.267,5.391,5.167,5.15,3.783,5.2,5.056,3.22,5.17,2.196,3.444,2.5
07-15,20.92,14.167,11.72,10.76,8.6,4.667,3.64,11.85,3.367,3.429,3.036,1.825,2.76,2.379,5.067,2.429,2.388,7.4,2.1,2.135
07-16,27.28,33.808,6.12,7.074,7.542,5.3,8.56,2.941,7.84,25.267,3.714,2.051,1.46,6.844,11.133,5.711,4.42,7.527,8.111,1.538
07-17,12.6,19.08,6.958,5.077,22.32,5.172,1.44,3.05,11.522,4.778,4.8,1.725,1.574,2.744,1.889,2.733,7.58,2.543,4.525,2.825
07-18,24.64,26.583,11.714,5.179,6.32,3.76,3.333,2.4,4.654,4.767,1.933,1.943,2.364,3.514,2.098,6.625,2.72,4.922,1.88,7.886
07-19,19.04,9.68,10.04,9.933,5.96,9.643,3.783,4.75,4.741,3.214,2.241,3.025,3.447,2.55,2.756,1.725,2.475,2.6,6.542,2.114
07-20,11.36,11.64,30.708,9.467,8.826,7.367,1.762,11.12,7.033,7.077,2.333,1.725,2.18,1.375,3.581,3.675,0.857,3.091,2.74,1.457
07-21,18.32,16.267,11.84,8.6,9.321,7.958,2.24,2.56,2.071,4.222,1.92,5.486,1.644,1.625,2.767,3.867,0.717,1.655,1.26,1.2
07-22,13.36,10.3,6.304,16.722,8.033,4.857,2.72,4.96,3.367,12.571,5.778,3.758,1.939,8.0,3.523,2.143,1.0,7.345,6.26,1.714
07-23,12.96,16.292,17.368,12.36,12.467,3.556,7.478,2.8,15.852,11.48,9.833,2.6,7.48,1.921,1.705,12.0,1.56,12.036,3.54,2.229
07-24,9.36,17.111,10.0,16.292,10.933,14.24,3.143,8.0,4.269,11.16,2.367,2.853,2.82,5.237,1.93,3.775,1.1,2.582,1.875,1.525
07-25,11.92,16.76,10.15,11.36,4.067,5.593,3.15,14.217,4.32,2.667,2.367,1.686,2.702,2.895,3.068,3.225,2.62,1.945,2.326,2.029
07-26,28.6,17.571,7.583,8.28,1.1,11.533,9.273,2.36,3.63,3.32,3.231,2.353,6.568,9.467,3.289,3.2,6.468,1.86,2.116,1.3
07-27,14.68,15.033,10.0,8.92,4.091,6.25,11.0,2.8,5.033,3.231,2.556,2.258,6.653,3.35,6.222,4.286,1.28,7.9,4.78,1.025
07-28,17.44,13.067,7.84,9.174,5.882,7.519,17.167,2.68,2.893,2.069,2.111,3.514,3.88,4.775,14.881,3.143,7.74,5.068,3.509,1.375
07-29,22.32,13.1,6.96,16.621,11.36,31.833,4.16,3.64,7.115,2.643,2.208,1.36,2.92,8.829,2.156,5.143,1.72,3.08,2.873,1.314
07-30,21.8,11.955,6.6,10.367,18.72,12.867,9.13,5.542,3.133,17.692,3.276,1.5,3.86,5.314,2.051,4.314,2.44,9.98,4.192,1.325
07-31,15.13,19.917,7.25,10.571,12.727,11.7,10.652,2.476,4.357,11.464,3.467,0.767,6.82,3.903,2.075,6.425,2.5,3.146,3.167,7.778
08-01,15.435,9.5,5.28,8.037,10.76,28.414,22.6,3.84,3.6,4.667,14.4,1.029,10.36,3.059,6.595,4.051,10.34,4.415,1.148,4.919
08-02,18.818,16.643,11.28,10.933,5.0,17.467,10.04,13.467,11.7,3.517,2.167,0.968,4.35,2.065,4.156,5.475,5.667,1.55,1.407,7.054
08-03,15.714,9.852,12.24,25.367,6.938,14.296,4.333,16.5,4.393,5.63,2.0,1.273,2.711,2.2,3.956,4.703,7.76,2.256,1.08,1.943
08-04,10.476,21.24,15.0,28.0,7.36,4.241,11.36,2.633,3.267,5.667,1.889,1.333,3.388,2.029,1.422,13.188,2.128,1.489,6.981,3.241
08-05,20.958,7.727,7.4,7.778,13.765,4.067,18.44,4.4,4.483,9.828,4.733,3.471,2.896,5.824,3.386,3.057,2.54,3.277,1.182,2.688
08-06,15.56,6.889,7.833,8.857,8.913,4.333,3.8,4.704,4.192,6.8,1.96,11.714,1.66,9.219,3.023,6.0,1.182,2.84,2.14,2.4
08-07,20.92,20.87,14.2,7.621,19.467,7.767,6.16,3.304,5.321,12.08,2.8,1.118,2.0,2.579,2.103,8.486,1.673,13.227,3.222,1.175
08-08,21.36,15.435,11.55,10.967,18.6,4.19,3.6,3.367,5.167,8.0,2.5,2.167,4.083,7.5,1.767,2.575,0.982,5.9,2.038,1.7
08-09,14.3,9.111,4.526,12.2,5.033,4.296,2.667,10.714,3.552,5.4,3.727,2.036,5.28,6.911,6.75,4.525,1.073,7.28,4.426,4.821
08-10,18.033,28.7,12.15,7.633,25.767,20.467,11.261,12.633,7.808,4.567,2.367,2.094,3.565,5.822,2.867,12.75,1.609,1.04,2.382,1.65
08-11,12.967,15.28,7.0,5.517,6.8,5.107,4.3,8.0,11.5,10.636,3.5,1.8,1.844,1.889,2.089,3.026,1.345,1.729,1.818,1.686
08-12,14.733,4.217,4.444,15.667,6.28,8.967,5.92,11.267,3.333,7.034,4.16,6.45,2.0,1.556,2.775,1.2,4.66,2.855,3.164,1.351
08-13,12.867,6.25,6.84,10.214,24.913,6.8,9.36,2.565,2.7,8.321,3.25,3.0,1.711,1.044,2.714,1.771,5.545,1.962,1.5,1.795
08-14,10.6,5.706,8.35,15.32,4.76,3.1,20.85,2.625,6.381,7.7,2.8,2.0,1.875,1.395,5.275,3.1,5.236,1.291,4.782,1.846
08-15,23.034,11.267,6.9,15.0,3.76,5.926,5.4,2.833,7.167,15.0,3.133,5.513,1.86,1.614,4.865,2.41,13.423,7.191,3.4,3.975
08-16,23.433,11.857,19.091,6.5,6.292,3.357,18.04,2.792,3.0,6.885,2.929,6.825,4.167,3.45,1.6,4.325,2.434,1.909,1.7,2.175
08-17,18.067,12.033,11.1,6.2,3.154,4.276,18.25,3.167,4.067,5.28,2.926,3.3,9.918,1.75,3.425,4.15,1.273,2.764,2.711,2.2
08-18,14.704,12.733,19.2,9.2,4.2,3.2,9.6,2.467,3.333,4.724,3.2,7.848,2.359,2.475,3.359,1.55,1.49,6.875,1.939,20.6
08-19,21.0,14.767,11.857,9.478,9.727,5.4,4.96,3.6,3.931,2.385,3.1,6.676,4.265,1.526,1.765,1.571,1.354,7.073,2.02,1.6
08-20,11.133,21.885,11.4,11.087,9.9,2.304,3.92,4.179,4.321,3.208,3.0,6.0,1.42,1.375,2.0,3.333,1.66,3.636,4.896,1.439
08-21,9.1,14.625,7.769,16.478,17.367,2.64,3.72,9.103,3.036,5.276,4.867,1.487,1.391,1.711,12.526,7.968,2.167,7.836,1.5,3.86
08-22,17.967,6.885,5.1,9.957,8.24,6.483,7.24,3.96,4.481,3.033,2.4,2.289,4.958,1.857,7.844,3.457,3.533,2.204,1.6,3.556
08-23,20.133,3.375,4.65,8.52,9.28,14.0,2.84,2.966,2.5,2.567,2.733,1.8,4.233,1.333,2.225,1.588,5.711,4.5,4.775,3.067
08-24,14.8,4.75,4.95,5.84,13.75,4.964,4.478,3.815,3.071,6.792,3.731,2.382,2.26,2.625,2.075,4.645,3.907,1.525,1.7,2.568
08-25,14.267,6.533,10.529,5.833,16.043,4.276,9.056,5.7,6.3,3.367,6.6,3.364,5.723,1.25,11.568,1.829,2.244,2.733,8.18,1.978
08-26,11.9,4.92,13.773,11.929,5.667,3.931,4.68,2.667,3.933,2.92,2.615,2.0,1.918,2.0,4.175,1.486,3.075,2.311,3.655,2.333
08-27,14.067,10.28,12.792,13.207,14.88,18.133,2.7,2.667,4.0,2.107,4.148,1.567,3.061,1.756,4.59,2.062,3.308,6.956,4.36,2.4
08-28,12.133,12.607,6.75,17.967,16.567,3.6,9.8,2.8,4.5,2.778,6.69,1.533,2.375,4.31,2.086,2.844,5.795,3.068,1.648,1.636
08-29,25.167,13.704,5.042,13.179,6.833,1.96,4.0,3.786,11.56,2.767,5.833,1.941,3.761,1.595,2.235,1.676,3.864,1.341,1.18,2.906
08-30,11.533,6.28,5.76,6.333,4.133,6.042,7.318,2.654,18.385,2.233,3.679,1.857,7.653,1.578,2.267,1.971,2.314,3.75,1.12,1.8
08-31,10.8,9.345,5.45,6.44,5.643,5.167,4.36,2.897,3.207,2.0,2.828,1.657,6.217,3.933,2.1,2.308,2.057,2.8,3.575,3.625
09-01,11.0,8.897,3.5,6.9,5.5,4.759,3.826,2.8,4.621,2.276,3.259,2.261,2.84,7.911,1.96,1.633,4.314,3.152,2.044,3.179
09-02,10.7,3.647,6.357,7.407,4.36,5.038,6.0,2.167,4.759,3.467,4.0,3.16,2.327,2.133,5.44,11.067,1.438,1.629,4.067,1.538
09-03,14.167,6.158,6.167,7.857,10.542,3.2,2.36,3.741,12.464,9.8,2.4,2.04,2.18,2.273,1.52,3.556,1.514,1.914,6.158,1.467
09-04,8.067,13.7,7.059,7.833,16.536,1.267,2.36,5.407,10.444,3.552,2.4,2.24,6.098,1.659,1.657,2.033,1.1,1.833,6.92,2.345
09-05,13.042,4.421,6.25,9.483,8.567,2.652,3.591,3.407,7.148,2.433,2.967,1.591,7.233,1.925,1.882,1.743,1.025,1.2,5.405,1.024
09-06,8.739,8.276,8.35,8.533,4.321,1.926,3.136,10.333,4.321,2.138,3.44,1.167,3.265,4.651,17.114,1.857,1.545,1.714,1.064,3.178
09-07,11.65,11.033,6.65,7.759,14.571,3.103,4.36,3.44,3.72,11.12,2.577,1.455,2.571,4.333,1.057,2.429,1.581,1.971,3.109,4.778
09-08,10.84,16.933,7.7,10.125,5.267,4.483,4.895,3.267,3.8,3.893,2.6,1.943,5.36,2.0,1.235,9.739,3.525,5.0,7.283,7.25
09-09,13.667,4.345,13.261,7.069,3.25,2.88,13.24,2.379,4.214,2.958,3.0,2.4,11.02,1.73,1.676,2.939,1.978,1.725,5.37,2.156
09-10,16.967,4.318,17.0,8.31,3.923,4.367,5.435,2.04,3.783,2.5,3.931,4.457,1.78,2.095,2.345,2.743,5.65,1.275,3.691,4.386
09-11,12.3,8.296,13.96,13.167,4.929,12.967,3.208,2.682,3.64,3.467,4.333,13.714,2.2,1.556,1.71,1.844,5.755,2.897,1.455,2.837
09-12,18.433,6.609,8.44,10.536,5.6,16.704,2.96,2.267,4.308,2.0,2.367,1.344,1.881,1.2,1.581,8.486,1.667,8.6,1.727,3.81
09-13,11.967,5.0,7.5,7.767,7.6,3.043,3.52,4.32,4.593,2.138,2.367,2.559,2.467,1.634,3.8,3.6,4.979,6.812,1.073,1.167
09-14,13.172,4.75,10.767,5.68,11.111,6.7,3.125,2.417,4.483,3.107,2.464,5.333,6.791,1.444,2.571,4.941,10.62,2.083,1.089,0.867
09-15,11.04,5.3,4.769,7.56,14.31,4.333,3.24,2.8,6.933,4.133,2.467,4.286,3.4,1.178,3.206,4.086,2.659,9.333,1.18,1.2
09-16,14.16,5.364,4.9,4.76,17.0,6.44,10.8,3.64,3.1,2.12,2.9,1.914,2.067,1.209,1.114,5.588,1.311,9.244,1.44,7.689
09-17,9.8,3.609,15.565,7.32,9.7,2.25,8.64,8.833,3.2,2.368,12.533,3.629,3.889,1.947,1.0,2.6,1.667,2.511,2.6,3.295
09-18,6.8,6.933,13.267,19.423,3.867,8.05,5.6,14.793,3.083,8.0,2.8,7.886,6.068,5.756,1.061,2.324,2.42,1.244,2.434,0.878
09-19,11.24,6.407,8.414,12.8,7.867,2.385,4.556,4.0,4.0,1.36,2.3,4.233,3.422,1.477,3.133,1.914,1.28,2.633,4.673,2.022
09-20,12.905,9.56,14.333,7.8,12.033,3.87,3.28,2.407,4.633,3.76,2.885,3.833,2.2,2.289,21.5,1.829,1.708,8.333,7.525,6.978
09-21,15.0,7.889,9.273,6.76,27.357,4.6,7.455,10.846,2.72,11.36,3.0,2.382,1.643,2.068,2.267,3.4,2.66,2.543,2.163,2.091
09-22,14.5,4.533,6.6,11.1,11.375,5.091,4.792,18.172,2.8,2.529,3.5,1.484,6.068,1.289,1.467,1.6,1.022,1.778,2.52,5.867
09-23,16.92,4.367,7.562,6.542,7.4,21.667,6.76,13.567,3.25,1.808,3.667,1.444,7.533,3.8,1.207,2.4,1.836,1.54,2.444,3.556
09-24,17.76,7.333,6.4,5.96,14.5,8.533,6.25,8.619,2.875,1.567,2.35,1.714,3.1,8.341,2.5,5.094,3.708,1.24,1.467,7.475
09-25,11.84,7.136,7.033,12.429,26.222,5.36,3.35,5.233,3.0,1.767,1.88,8.914,1.757,2.689,4.15,2.743,9.6,2.83,2.105,2.244
09-26,9.875,8.481,14.033,6.583,4.6,11.4,2.067,6.633,2.76,1.5,2.28,3.029,1.595,1.378,1.359,2.143,13.764,4.523,1.556,2.2
09-27,8.72,7.793,12.357,6.92,4.833,0.864,3.312,2.333,2.4,1.5,2.87,1.258,4.233,1.442,1.45,2.529,8.041,5.0,1.756,1.429
09-28,13.321,8.3,7.733,4.6,11.962,2.107,6.944,4.4,18.567,1.963,2.04,6.118,3.673,2.844,1.275,1.657,1.385,1.26,1.075,2.511
09-29,21.733,6.533,18.433,5.0,10.481,8.0,3.87,3.179,18.433,2.038,6.44,11.633,2.667,6.75,1.257,1.657,1.189,1.022,9.867,1.044
09-30,12.6,11.0,12.292,5.409,4.655,3.72,11.45,2.2,12.233,2.467,2.821,1.75,14.878,2.686,2.361,1.393,1.32,1.469,2.488,1.178
10-01,17.0,9.96,17.31,9.727,8.038,4.767,7.65,2.667,14.704,5.0,5.033,1.314,12.826,2.921,2.733,1.893,1.491,1.06,1.079,1.4
10-02,16.267,16.444,21.655,8.4,8.567,3.733,2.826,3.167,12.655,16.84,4.133,1.457,14.617,4.302,1.775,1.286,1.582,0.979,0.675,1.535
10-03,25.467,13.652,13.3,6.667,2.08,2.852,8.64,7.643,3.375,3.36,1.433,1.818,1.844,6.591,2.289,3.514,3.291,1.08,0.778,1.024
10-04,17.793,7.567,19.633,7.16,0.5,4.679,1.36,9.37,15.6,4.36,3.5,2.167,4.622,4.725,2.822,3.2,4.145,0.977,0.773,2.556
10-05,26.571,7.929,6.433,3.96,2.412,5.393,3.1,4.964,20.667,3.208,1.88,9.886,13.727,2.4,1.822,6.171,2.531,1.151,1.091,6.841
10-06,26.433,10.08,4.12,5.714,3.429,5.0,1.3,3.9,6.767,9.28,2.2,5.088,14.205,7.7,1.727,9.143,2.32,1.636,6.925,1.644
10-07,21.483,4.65,4.321,9.633,6.893,5.68,1.4,6.2,5.333,10.407,3.0,7.912,4.422,1.568,1.829,5.914,2.333,2.236,1.675,0.93
10-08,15.233,10.5,12.357,12.217,19.367,5.273,3.0,4.929,5.862,2.267,4.714,4.514,4.978,2.0,2.311,6.281,3.489,1.444,1.769,0.975
10-09,11.76,12.25,7.967,13.069,23.071,5.85,9.167,5.067,3.367,1.357,9.233,3.353,1.75,6.39,1.822,2.943,1.146,1.673,1.0,1.0
10-10,14.267,19.833,9.038,11.067,10.1,7.294,7.25,3.0,3.4,1.567,9.767,1.655,4.769,2.049,13.317,1.086,0.98,1.549,1.667,3.548
10-11,18.9,9.435,5.103,7.577,19.4,6.913,16.857,3.172,13.7,2.333,3.63,1.586,5.333,4.211,3.711,3.486,0.951,1.231,3.366,4.356
10-12,20.167,11.692,9.267,6.56,14.12,4.8,11.957,5.963,11.545,1.862,2.931,2.31,2.222,3.022,7.756,11.4,1.333,1.048,1.08,1.044
10-13,20.6,10.367,3.037,9.84,23.759,8.0,7.091,7.4,6.45,1.333,2.741,7.042,1.667,1.927,4.867,2.294,8.689,1.022,1.24,2.955
10-14,16.185,8.0,3.7,30.8,12.6,4.154,1.84,4.367,2.0,11.423,1.897,1.194,2.55,3.756,1.289,2.171,0.822,1.06,1.13,4.595
10-15,23.767,6.565,12.107,9.04,13.143,3.333,1.35,6.6,2.15,8.633,4.6,1.559,5.96,6.447,9.067,1.6,1.8,4.92,1.829,11.444
10-16,16.467,5.32,18.0,12.783,5.636,2.233,2.0,5.867,4.444,4.926,5.833,2.114,6.967,4.364,12.978,1.882,15.86,0.86,1.311,3.364
10-17,33.033,7.536,10.4,6.16,9.36,8.75,2.96,6.296,3.333,1.1,5.433,9.206,6.136,12.088,14.111,1.353,8.12,0.848,2.333,1.351
10-18,31.138,8.655,11.793,5.4,4.44,2.905,5.44,5.267,2.429,1.033,4.034,5.143,5.893,7.525,5.733,1.171,6.98,1.92,1.537,1.093
10-19,8.857,20.367,10.067,3.6,10.429,13.9,12.96,5.267,2.28,2.0,3.714,1.429,8.077,9.121,2.244,1.667,11.72,7.76,1.822,1.289
10-20,8.28,21.467,20.5,9.476,8.364,12.5,4.048,3.828,2.04,5.0,2.957,14.32,2.219,2.125,1.854,3.0,26.382,5.111,1.733,0.778
10-21,27.067,16.067,38.9,17.318,5.44,9.833,4.04,4.233,4.24,1.885,3.633,15.5,3.314,1.703,1.725,5.286,1.72,2.444,0.936,0.933
10-22,20.467,20.538,12.0,4.188,21.421,5.759,6.32,10.56,12.524,7.519,5.714,2.28,1.429,3.806,1.375,4.481,1.151,1.867,0.939,2.15
10-23,12.724,18.767,18.233,15.4,14.85,5.6,2.04,8.652,12.208,4.105,6.967,9.2,9.743,1.415,1.4,1.812,1.273,1.308,1.652,5.763
10-24,12.042,16.567,9.967,15.789,18.4,10.433,3.6,6.36,3.72,3.28,3.933,1.28,11.912,7.465,1.516,1.629,1.8,1.444,1.618,2.489
10-25,8.259,11.893,9.179,19.933,4.64,16.241,3.136,7.6,10.0,2.87,4.423,4.906,3.029,9.744,1.3,18.4,12.904,1.083,5.426,8.951
10-26,18.192,6.571,7.6,32.267,60.958,20.448,3.227,8.897,6.52,2.727,5.731,14.189,8.371,1.725,6.282,28.594,1.444,3.818,5.087,1.333
10-27,21.92,5.6,9.083,8.345,22.08,25.522,4.44,6.083,17.542,4.652,5.833,5.625,2.724,1.825,6.275,2.714,4.304,4.927,2.109,7.022
10-28,22.37,4.833,10.105,10.207,10.3,9.138,1.64,3.04,4.19,2.385,5.0,2.414,2.743,4.302,6.325,5.4,0.913,2.733,3.418,2.578
10-29,28.48,6.333,9.8,10.917,7.148,3.467,9.708,2.778,2.25,2.44,2.533,2.514,6.914,5.889,9.762,2.706,1.34,4.311,1.111,1.7
10-30,22.607,6.8,9.0,4.857,18.107,4.538,6.4,5.5,4.318,3.0,8.567,6.6,3.382,3.0,28.273,1.743,1.3,2.4,1.88,1.9
10-31,39.0,10.0,6.8,10.4,14.533,10.037,5.52,15.32,11.421,5.0,15.833,2.0,5.515,2.067,1.682,1.543,1.34,2.7,1.4,0.975
11-01,23.467,18.107,3.733,8.28,9.267,1.25,3.667,18.8,5.905,4.826,8.655,12.971,2.282,3.311,1.933,1.857,2.612,4.52,1.667,2.7
11-02,21.28,12.64,2.88,13.08,7.833,3.7,34.96,11.84,5.88,18.696,10.233,18.0,2.675,2.045,1.956,5.743,3.689,5.82,1.3,13.55
11-03,22.792,15.9,3.882,7.692,7.433,28.962,3.045,7.16,4.28,21.28,15.0,11.464,9.026,2.267,10.159,4.686,7.52,1.6,0.94,3.822
11-04,22.276,7.9,4.0,17.133,8.0,26.7,2.88,2.48,7.72,2.259,2.967,2.514,2.257,6.667,7.444,5.457,3.62,26.345,1.898,4.674
11-05,28.233,7.48,7.68,11.567,24.889,10.267,9.36,5.409,5.75,2.0,4.091,3.242,1.714,2.026,1.463,8.4,1.6,10.2,0.898,7.978
11-06,30.067,9.567,11.483,18.893,3.714,8.1,6.8,13.083,6.043,1.444,7.586,7.914,2.171,14.39,7.059,21.829,1.22,11.933,2.875,2.422
11-07,14.241,15.069,9.655,12.067,20.133,27.64,44.708,4.636,5.958,2.038,8.2,5.031,2.971,1.6,12.553,11.543,5.96,9.644,7.676,5.356
11-08,19.31,29.654,14.867,3.519,21.8,4.85,6.091,7.538,6.04,8.12,13.148,5.516,3.714,2.585,2.65,2.057,3.911,10.938,4.743,1.314
11-09,22.793,11.069,13.133,1.423,24.308,29.0,7.44,17.31,4.72,5.733,7.586,24.886,7.0,4.311,3.075,3.129,15.52,25.316,1.946,1.0
11-10,22.433,5.7,11.133,2.957,25.2,7.2,7.227,12.433,4.333,3.448,7.48,2.771,7.848,5.0,2.6,6.057,1.951,7.889,1.925,4.378
11-11,21.033,9.9,13.759,7.6,17.786,13.16,7.84,9.867,4.84,1.909,5.0,6.375,13.075,1.725,1.684,7.286,8.727,4.889,6.359,2.244
11-12,31.44,11.923,14.964,20.92,18.143,26.15,3.44,14.2,7.625,3.704,15.08,6.486,5.718,1.511,1.263,11.257,7.564,9.311,1.7,1.044
11-13,28.36,8.233,6.278,13.0,11.143,6.95,4.682,29.333,8.857,8.227,40.52,4.257,5.487,1.156,6.375,2.0,1.64,1.022,2.029,1.3
11-14,26.913,10.034,20.08,3.767,7.92,23.5,4.0,17.308,3.409,3.76,7.2,7.676,3.35,2.4,4.773,1.771,2.28,1.2,5.6,1.057
11-15,23.448,17.321,11.19,21.067,10.85,20.36,4.08,7.138,5.5,4.76,3.16,1.625,8.05,9.867,4.067,3.286,2.3,8.218,1.659,2.389
11-16,25.033,13.467,13.333,13.4,12.85,7.208,8.609,4.593,3.167,8.6,5.048,5.0,1.629,2.111,2.689,5.0,16.836,5.84,2.156,7.111
11-17,40.233,10.4,6.2,12.077,11.333,3.8,23.08,14.0,4.44,2.55,3.5,3.633,8.857,2.8,2.444,3.852,2.652,9.615,1.756,6.256
11-18,37.8,13.933,18.767,13.185,12.357,16.433,6.0,30.933,11.0,6.55,3.72,2.533,1.176,10.933,2.439,13.114,2.38,7.382,3.244,2.778
11-19,29.6,25.862,20.586,3.833,9.25,18.4,11.4,4.467,16.348,2.667,4.038,3.412,1.571,6.098,8.075,24.9,9.745,1.236,1.356,3.578
11-20,16.167,44.767,39.12,26.367,9.962,12.9,2.12,9.133,8.35,4.96,7.733,4.371,1.914,3.05,5.561,6.057,1.073,3.345,2.6,2.694
11-21,64.6,11.333,10.84,21.409,10.6,30.133,1.812,15.346,16.45,8.96,6.9,3.343,9.306,3.341,2.455,19.343,1.491,2.479,3.535,5.024
11-22,12.3,11.704,8.276,19.2,5.76,37.292,4.429,10.154,4.955,2.5,6.133,6.229,6.525,3.0,1.311,1.514,4.564,1.68,3.244,4.268
11-23,38.333,13.652,10.8,16.467,7.429,22.1,18.438,6.72,5.68,3.368,7.708,1.658,11.611,1.7,1.773,20.333,5.782,2.894,3.725,11.022
11-24,40.367,11.84,15.333,6.241,12.84,20.633,16.947,3.9,9.44,5.882,11.481,2.711,11.625,7.436,2.133,17.743,7.444,7.655,2.42,10.178
11-25,34.0,14.96,16.667,15.533,10.357,9.667,22.2,3.3,13.87,2.269,6.767,11.158,1.55,3.675,2.756,12.2,2.9,3.764,1.1,3.559
11-26,32.433,20.0,19.793,13.833,11.714,7.267,11.75,5.667,3.92,3.16,4.208,2.946,6.025,2.105,2.156,5.233,11.6,2.964,12.04,1.65
11-27,35.567,9.7,63.567,19.667,13.036,5.333,12.625,7.808,9.692,2.808,6.5,1.971,8.55,4.045,4.186,5.867,2.073,2.067,4.333,2.6
11-28,28.966,12.067,15.5,2.8,12.467,7.85,7.167,7.417,8.72,14.667,6.067,5.121,10.325,12.698,18.55,6.6,3.509,6.796,1.196,8.956
11-29,28.2,9.172,9.321,37.04,10.133,15.6,7.05,15.179,8.45,2.133,4.542,7.294,3.432,16.054,12.511,9.32,2.574,15.9,0.775,8.814
11-30,28.464,9.276,50.233,22.52,14.259,19.048,8.824,10.533,4.16,2.7,8.167,24.133,4.194,14.143,7.356,16.9,1.4,9.76,1.023,5.048
12-01,16.367,10.867,10.267,13.32,23.435,22.588,4.4,16.867,3.458,0.64,27.448,9.778,6.225,18.222,9.071,11.133,2.073,12.0,1.489,1.417
12-02,28.931,46.567,27.833,6.571,10.48,13.882,10.64,17.867,5.826,1.333,15.16,6.027,3.825,7.5,2.122,18.032,1.565,15.0,1.644,2.657
12-03,14.2,24.741,22.133,16.654,25.84,11.75,7.72,3.893,5.9,1.233,15.32,6.5,3.375,5.895,3.439,4.588,1.774,10.98,3.902,3.6
12-04,13.833,51.0,16.519,28.5,35.0,6.211,2.0,4.45,6.5,1.0,13.733,7.1,6.686,3.25,5.244,27.63,1.283,7.511,13.469,2.146
12-05,24.767,49.4,19.292,41.333,16.32,7.4,25.455,4.227,5.65,1.733,14.417,16.757,2.743,6.9,6.919,6.571,0.833,8.733,4.22,2.825
12-06,13.433,23.76,48.286,3.033,24.68,7.917,16.733,3.92,11.32,0.933,3.321,20.821,13.7,13.541,25.933,14.2,0.722,16.511,3.145,3.133
12-07,29.033,30.621,31.897,19.067,19.583,30.8,13.737,5.12,12.6,3.357,4.783,14.25,3.829,3.05,3.156,5.182,1.3,2.88,1.651,4.378
12-08,20.6,32.233,17.133,13.958,46.6,7.952,3.04,6.958,6.6,4.148,17.207,11.077,5.875,10.625,3.0,26.057,2.5,1.543,1.545,7.044
12-09,33.7,7.7,13.586,12.0,13.423,29.87,5.12,4.68,5.0,6.81,4.179,6.743,5.057,4.242,1.658,7.429,5.92,9.3,2.655,4.175
12-10,29.833,10.0,13.192,9.3,17.571,21.68,5.84,17.957,4.0,13.083,13.407,11.667,4.0,4.675,5.133,12.719,5.413,13.48,19.725,3.5
12-11,26.0,9.25,10.16,17.633,21.773,13.04,6.56,10.552,4.7,13.8,11.4,16.925,5.5,23.556,6.911,8.486,5.3,18.4,9.261,2.615
12-12,45.933,12.464,5.704,15.7,3.5,30.13,12.92,29.393,43.458,8.067,4.759,23.406,2.033,1.275,24.222,2.371,4.48,12.886,7.137,4.756
12-13,29.767,11.071,13.107,13.267,18.35,11.476,5.833,10.25,38.708,3.633,14.111,17.575,3.343,6.0,14.116,1.086,5.055,14.29,1.14,2.067
12-14,28.367,13.167,37.667,5.767,16.0,22.68,5.864,12.103,13.85,8.391,15.5,7.795,4.257,7.756,11.333,2.514,6.945,11.111,7.609,3.422
12-15,34.3,15.467,22.467,14.133,5.389,16.857,4.864,10.367,6.45,3.542,6.739,11.8,7.529,14.156,6.533,2.457,4.696,3.289,18.836,5.022
12-16,34.5,21.867,24.0,22.2,12.414,2.8,10.24,4.133,8.944,9.0,6.556,4.75,12.033,13.571,8.911,2.467,4.145,1.533,17.091,1.513
12-17,45.3,17.655,11.724,28.536,19.962,2.773,9.84,10.591,7.36,4.643,7.286,3.35,10.962,6.3,4.333,2.774,4.216,2.756,17.164,5.914
12-18,10.567,47.304,15.292,28.24,7.0,30.6,11.48,10.36,10.8,4.286,6.433,2.775,12.81,11.4,4.875,16.143,1.764,4.822,8.509,6.675
12-19,29.333,13.6,11.76,41.967,7.12,32.069,11.8,11.542,8.0,6.133,16.9,3.538,17.385,7.5,3.378,12.8,5.218,10.08,1.422,10.222
12-20,18.467,11.045,41.522,49.034,37.16,44.185,16.714,10.091,13.5,7.767,7.269,3.171,5.303,5.733,6.111,16.706,2.073,4.479,9.722,10.857
12-21,52.9,30.833,20.28,42.464,12.6,8.893,5.92,10.52,6.87,3.821,5.5,2.256,10.686,1.244,1.889,12.219,2.667,4.306,6.418,20.533
12-22,34.333,15.033,16.12,44.033,16.36,12.037,3.565,6.28,8.5,3.5,6.625,2.135,12.075,2.022,2.467,9.742,3.519,2.688,11.4,13.267
12-23,54.0,11.615,10.0,39.038,15.8,23.103,2.16,4.36,6.048,3.067,20.042,11.688,16.25,3.22,1.578,7.382,11.578,5.94,7.044,5.929
12-24,44.833,44.828,13.793,19.333,17.05,8.931,1.92,12.04,3.789,1.115,10.1,6.4,15.462,11.756,1.689,3.943,17.08,6.3,21.24,2.444
12-25,35.933,10.038,8.96,25.3,6.158,6.621,8.84,5.32,8.72,1.333,6.208,7.5,8.45,12.956,0.721,11.371,4.66,8.22,15.531,2.311
12-26,36.6,9.25,8.875,20.8,1.95,17.207,30.16,4.458,3.68,1.233,8.792,3.057,2.65,3.356,1.133,3.514,3.418,6.06,5.571,5.025
12-27,25.433,9.208,37.172,16.533,18.85,15.44,24.182,3.16,5.55,1.633,13.368,7.242,2.872,4.178,2.2,1.031,2.882,4.12,1.396,5.956
12-28,31.034,10.724,7.0,21.867,20.071,15.462,2.545,4.37,2.167,19.833,6.0,7.971,2.0,3.378,4.356,2.429,11.78,6.56,1.86,1.778
12-29,33.52,12.12,12.867,16.567,18.64,8.304,2.13,10.31,7.667,2.929,2.524,5.486,1.975,1.378,3.156,1.571,2.109,10.18,4.94,2.133
12-30,22.2,19.0,10.2,13.857,30.0,6.217,1.96,4.033,8.739,2.483,2.28,4.429,6.026,1.956,3.925,5.429,3.74,10.9,3.26,1.356
12-31,27.533,9.958,7.962,13.767,23.08,7.85,4.92,7.667,9.878,4.84,1.778,4.525,2.603,4.267,20.133,8.2,2.045,8.88,3.74,3.975
