Date,CSUVindex
2005-01-01,8.0000
2005-01-02,8.2000
2005-01-03,8.5000
2005-01-03,8.4000
2005-01-04,8.5000
2005-01-05,8.3000
2005-01-06,8.0000
2005-01-07,7.8000
2005-01-08,7.7000
2005-01-09,7.8000
2005-01-10,8.5000
2005-01-11,8.5000
2005-01-12,8.4000
2005-01-12,8.5000
2005-01-13,8.7000
2005-01-14,8.9000
2005-01-15,9.1000
2005-01-16,9.1000
2005-01-17,9.7000
2005-01-18,9.1000
2005-01-19,8.8000
2005-01-19,8.7000
2005-01-21,8.7000
2005-01-22,8.8000
2005-01-23,8.9000
2005-01-24,8.9000
2005-01-25,9.0000
2005-01-26,8.9000
2005-01-27,9.0000
2005-01-28,9.5000
2005-01-28,9.4000
2005-01-29,9.5000
2005-01-30,9.9000
2005-01-31,10.0000
2005-02-01,9.8000
2005-02-02,10.0000
2005-02-03,9.7000
2005-02-04,10.2000
2005-02-04,10.1000
2005-02-05,10.8000
2005-02-06,9.9000
2005-02-07,9.5000
2005-02-08,9.6000
2005-02-09,9.6000
2005-02-10,10.1000
2005-02-11,9.9000
2005-02-12,10.4000
2005-02-13,10.0000
2005-02-13,10.0000
2005-02-14,10.3000
2005-02-15,10.2000
2005-02-16,10.4000
2005-02-17,10.4000
2005-02-18,11.0000
2005-02-19,11.1000
2005-02-20,11.3000
2005-02-20,11.4000
2005-02-22,11.1000
2005-02-23,11.1000
2005-02-24,11.1000
2005-02-25,11.5000
2005-02-26,12.2000
2005-02-27,11.9000
2005-02-28,12.4000
2005-03-01,11.7000
2005-03-01,11.5000
2005-03-02,12.3000
2005-03-03,11.7000
2005-03-04,11.6000
2005-03-05,11.8000
2005-03-06,12.1000
2005-03-07,11.4000
2005-03-08,12.0000
2005-03-08,11.6000
2005-03-09,11.9000
2005-03-10,12.2000
2005-03-11,12.2000
2005-03-12,12.5000
2005-03-13,13.0000
2005-03-14,12.8000
2005-03-15,13.8000
2005-03-16,13.7000
2005-03-17,12.9000
2005-03-17,12.6000
2005-03-18,13.1000
2005-03-19,13.1000
2005-03-20,12.7000
2005-03-21,13.2000
2005-03-22,13.0000
2005-03-23,13.2000
2005-03-24,14.1000
2005-03-24,14.1000
2005-03-26,14.6000
2005-03-27,15.2000
2005-03-28,14.4000
2005-03-29,14.7000
2005-03-30,14.6000
2005-03-31,14.3000
2005-04-01,13.5000
2005-04-02,12.5000
2005-04-02,12.2000
2005-04-03,12.7000
2005-04-04,12.7000
2005-04-05,12.8000
2005-04-06,12.8000
2005-04-07,13.3000
2005-04-08,13.0000
2005-04-09,13.7000
2005-04-09,13.6000
2005-04-10,13.5000
2005-04-11,13.4000
2005-04-12,13.2000
2005-04-13,13.1000
2005-04-14,13.3000
2005-04-15,13.2000
2005-04-16,13.5000
2005-04-17,14.0000
2005-04-18,15.0000
2005-04-18,14.7000
2005-04-19,14.7000
2005-04-20,14.6000
2005-04-21,14.8000
2005-04-22,14.9000
2005-04-23,14.8000
2005-04-24,14.8000
2005-04-25,14.2000
2005-04-25,14.0000
2005-04-27,14.5000
2005-04-28,14.9000
2005-04-29,13.9000
2005-04-30,14.5000
2005-05-01,14.3000
2005-05-02,13.6000
2005-05-03,13.5000
2005-05-04,13.2000
2005-05-04,13.4000
2005-05-05,12.8000
2005-05-06,12.9000
2005-05-07,13.3000
2005-05-08,12.5000
2005-05-09,13.0000
2005-05-10,12.9000
2005-05-11,13.3000
2005-05-11,13.2000
2005-05-12,13.1000
2005-05-13,13.7000
2005-05-14,13.9000
2005-05-15,13.6000
2005-05-16,13.5000
2005-05-17,13.3000
2005-05-18,13.3000
2005-05-19,12.3000
2005-05-20,12.5000
2005-05-20,12.5000
2005-05-21,12.5000
2005-05-22,12.8000
2005-05-23,13.3000
2005-05-24,13.1000
2005-05-25,13.5000
2005-05-26,13.5000
2005-05-27,14.7000
2005-05-27,14.2000
2005-05-29,14.0000
2005-05-30,13.6000
2005-05-31,14.0000
2005-06-01,15.7000
2005-06-02,16.1000
2005-06-03,15.4000
2005-06-04,15.3000
2005-06-05,15.5000
2005-06-05,15.6000
2005-06-06,15.6000
2005-06-07,16.0000
2005-06-08,15.9000
2005-06-09,15.4000
2005-06-10,15.6000
2005-06-11,15.7000
2005-06-12,16.2000
2005-06-12,16.0000
2005-06-13,15.3000
2005-06-14,15.4000
2005-06-15,16.1000
2005-06-16,15.8000
2005-06-17,15.2000
2005-06-18,15.4000
2005-06-19,15.2000
2005-06-20,15.3000
2005-06-21,16.1000
2005-06-21,15.6000
2005-06-22,16.4000
2005-06-23,15.6000
2005-06-24,15.7000
2005-06-25,15.3000
2005-06-26,15.3000
2005-06-27,16.0000
2005-06-28,16.3000
2005-06-28,15.9000
2005-06-30,15.8000
2005-07-01,15.4000
2005-07-02,15.1000
2005-07-03,15.1000
2005-07-04,16.2000
2005-07-05,15.9000
2005-07-06,15.5000
2005-07-07,15.2000
2005-07-07,15.0000
2005-07-08,15.0000
2005-07-09,14.8000
2005-07-10,15.0000
2005-07-11,15.0000
2005-07-12,15.4000
2005-07-13,15.2000
2005-07-14,15.5000
2005-07-14,15.2000
2005-07-15,14.9000
2005-07-16,15.0000
2005-07-17,14.6000
2005-07-18,14.8000
2005-07-19,15.4000
2005-07-20,15.3000
2005-07-21,15.6000
2005-07-22,14.0000
2005-07-23,15.7000
2005-07-23,15.0000
2005-07-24,16.3000
2005-07-25,15.1000
2005-07-26,14.4000
2005-07-27,15.1000
2005-07-28,14.8000
2005-07-29,14.6000
2005-07-30,14.8000
2005-07-30,14.7000
2005-08-01,14.9000
2005-08-02,15.7000
2005-08-03,15.1000
2005-08-04,15.4000
2005-08-05,15.3000
2005-08-06,15.4000
2005-08-07,15.0000
2005-08-08,15.7000
2005-08-08,15.4000
2005-08-09,15.3000
2005-08-10,14.7000
2005-08-11,15.4000
2005-08-12,14.7000
2005-08-13,15.9000
2005-08-14,15.5000
2005-08-15,15.6000
2005-08-15,15.3000
2005-08-16,14.9000
2005-08-17,15.5000
2005-08-18,15.2000
2005-08-19,15.0000
2005-08-20,15.7000
2005-08-21,15.7000
2005-08-22,15.7000
2005-08-23,15.2000
2005-08-24,15.1000
2005-08-24,15.1000
2005-08-25,15.2000
2005-08-26,14.8000
2005-08-27,15.5000
2005-08-28,15.3000
2005-08-29,15.1000
2005-08-30,14.4000
2005-08-31,14.8000
2005-08-31,14.6000
2005-09-02,14.9000
2005-09-03,15.5000
2005-09-04,14.9000
2005-09-05,14.9000
2005-09-06,15.1000
2005-09-07,14.3000
2005-09-08,14.5000
2005-09-09,14.7000
2005-09-09,14.7000
2005-09-10,14.5000
2005-09-11,14.5000
2005-09-12,14.0000
2005-09-13,14.2000
2005-09-14,14.4000
2005-09-15,14.0000
2005-09-16,14.6000
2005-09-17,14.3000
2005-09-18,14.3000
2005-09-19,14.0000
2005-09-20,13.9000
2005-09-21,14.0000
2005-09-22,13.9000
2005-09-23,13.8000
2005-09-24,13.5000
2005-09-25,14.0000
2005-09-25,13.6000
2005-09-26,14.4000
2005-09-27,14.3000
2005-09-28,14.0000
2005-09-29,13.7000
2005-09-30,13.6000
2005-10-01,13.6000
2005-10-02,14.0000
2005-10-02,13.3000
2005-10-04,13.8000
2005-10-05,13.7000
2005-10-06,13.6000
2005-10-07,13.3000
2005-10-08,13.6000
2005-10-09,13.3000
2005-10-10,13.0000
2005-10-11,13.0000
2005-10-11,13.0000
2005-10-12,12.7000
2005-10-13,12.0000
2005-10-14,12.6000
2005-10-15,12.4000
2005-10-16,12.6000
2005-10-17,12.3000
2005-10-18,12.3000
2005-10-18,12.3000
2005-10-19,12.5000
2005-10-20,12.8000
2005-10-21,12.6000
2005-10-22,12.2000
2005-10-23,12.0000
2005-10-24,12.0000
2005-10-25,11.7000
2005-10-26,11.4000
2005-10-27,11.6000
2005-10-27,11.4000
2005-10-28,11.5000
2005-10-29,11.7000
2005-10-30,11.8000
2005-10-31,11.5000
2005-11-01,11.5000
2005-11-02,11.3000
2005-11-03,11.5000
2005-11-05,11.1000
2005-11-06,10.8000
2005-11-07,10.7000
2005-11-08,11.0000
2005-11-09,10.7000
2005-11-10,10.4000
2005-11-11,10.4000
2005-11-12,10.2000
2005-11-12,10.3000
2005-11-13,10.4000
2005-11-14,10.3000
2005-11-15,10.1000
2005-11-16,10.1000
2005-11-17,10.2000
2005-11-18,10.2000
2005-11-19,10.0000
2005-11-19,10.0000
2005-11-20,10.3000
2005-11-21,9.8000
2005-11-22,9.7000
2005-11-23,9.5000
2005-11-24,9.3000
2005-11-25,9.6000
2005-11-26,9.7000
2005-11-27,9.8000
2005-11-28,9.5000
2005-11-28,9.5000
2005-11-29,9.5000
2005-11-30,9.3000
2005-12-01,8.9000
2005-12-02,9.0000
2005-12-03,9.1000
2005-12-04,9.1000
2005-12-05,9.2000
2005-12-05,9.1000
2005-12-07,8.9000
2005-12-08,9.2000
2005-12-09,8.5000
2005-12-10,8.7000
2005-12-11,8.9000
2005-12-12,8.7000
2005-12-13,8.8000
2005-12-14,8.5000
2005-12-14,8.6000
2005-12-15,8.9000
2005-12-16,8.6000
2005-12-17,8.8000
2005-12-18,9.3000
2005-12-19,9.4000
2005-12-20,9.2000
2005-12-21,8.8000
2005-12-21,8.7000
2005-12-22,8.4000
2005-12-23,8.5000
2005-12-24,8.5000
2005-12-25,8.3000
2005-12-26,8.0000
2005-12-27,9.0000
2005-12-28,8.9000
2005-12-29,8.9000
2005-12-30,9.2000
2005-12-30,9.2000
2005-12-31,9.3000
2006-01-01,8.7000
2006-01-02,8.8000
2006-01-03,9.0000
2006-01-04,9.0000
2006-01-05,8.9000
2006-01-06,9.2000
2006-01-06,9.0000
2006-01-08,8.8000
2006-01-09,9.2000
2006-01-10,9.1000
2006-01-11,9.8000
2006-01-12,10.0000
2006-01-13,9.7000
2006-01-14,10.0000
2006-01-15,9.7000
2006-01-15,9.8000
2006-01-16,9.5000
2006-01-17,9.4000
2006-01-18,9.5000
2006-01-19,9.4000
2006-01-20,9.8000
2006-01-21,9.9000
2006-01-22,10.4000
2006-01-22,10.4000
2006-01-23,10.4000
2006-01-24,10.3000
2006-01-25,10.4000
2006-01-26,10.1000
2006-01-27,10.6000
2006-01-28,11.0000
2006-01-29,10.8000
2006-01-30,10.6000
2006-01-31,10.3000
2006-01-31,10.5000
2006-02-01,10.3000
2006-02-02,10.2000
2006-02-03,10.2000
2006-02-04,10.5000
2006-02-05,10.6000
2006-02-06,10.7000
2006-02-07,10.9000
2006-02-07,10.9000
2006-02-09,11.2000
2006-02-10,11.5000
2006-02-11,11.7000
2006-02-12,11.6000
2006-02-13,11.6000
2006-02-14,11.3000
2006-02-15,11.6000
2006-02-16,12.0000
2006-02-16,12.0000
2006-02-17,12.2000
2006-02-18,12.4000
2006-02-19,11.9000
2006-02-20,12.1000
2006-02-21,12.5000
2006-02-22,12.5000
2006-02-23,12.4000
2006-02-23,12.5000
2006-02-24,12.2000
2006-02-25,12.7000
2006-02-26,12.7000
2006-02-27,12.2000
2006-03-03,12.5000
2006-03-04,12.5000
2006-03-04,12.4000
2006-03-05,12.8000
2006-03-06,12.7000
2006-03-07,13.2000
2006-03-08,13.2000
2006-03-09,14.1000
2006-03-10,13.9000
2006-03-11,14.0000
2006-03-11,13.8000
2006-03-12,13.4000
2006-03-13,13.4000
2006-03-14,13.2000
2006-03-15,12.8000
2006-03-16,12.8000
2006-03-17,12.6000
2006-03-18,12.6000
2006-03-19,13.2000
2006-03-20,13.5000
2006-03-20,13.1000
2006-03-21,13.2000
2006-03-22,13.5000
2006-03-23,13.3000
2006-03-24,13.5000
2006-03-25,13.6000
2006-03-26,13.2000
2006-03-27,14.1000
2006-03-27,13.9000
2006-03-28,13.6000
2006-03-29,14.3000
2006-03-30,14.4000
2006-03-31,14.5000
2006-04-01,13.7000
2006-04-02,13.5000
2006-04-03,13.4000
2006-04-04,13.5000
2006-04-05,13.7000
2006-04-05,13.5000
2006-04-06,13.7000
2006-04-07,13.5000
2006-04-08,13.5000
2006-04-09,14.4000
2006-04-10,14.4000
2006-04-11,14.1000
2006-04-12,14.3000
2006-04-12,14.4000
2006-04-13,14.2000
2006-04-14,14.3000
2006-04-15,14.2000
2006-04-16,13.6000
2006-04-17,14.1000
2006-04-18,13.8000
2006-04-19,14.1000
2006-04-20,13.6000
2006-04-21,14.0000
2006-04-21,14.0000
2006-04-22,14.5000
2006-04-23,14.2000
2006-04-24,14.3000
2006-04-25,14.1000
2006-04-26,14.2000
2006-04-27,14.0000
2006-04-28,14.0000
2006-04-28,14.2000
2006-04-29,13.8000
2006-04-30,14.1000
2006-05-01,13.6000
2006-05-02,13.8000
2006-05-03,13.4000
2006-05-04,13.6000
2006-05-05,14.1000
2006-05-06,13.8000
2006-05-07,14.5000
2006-05-07,13.9000
2006-05-08,13.9000
2006-05-09,14.1000
2006-05-10,13.8000
2006-05-11,13.9000
2006-05-12,14.5000
2006-05-13,13.3000
2006-05-14,13.5000
2006-05-14,13.4000
2006-05-15,13.2000
2006-05-16,12.9000
2006-05-17,13.0000
2006-05-18,13.7000
2006-05-19,13.5000
2006-05-20,13.5000
2006-05-21,13.4000
2006-05-22,13.9000
2006-05-23,13.8000
2006-05-23,13.5000
2006-05-24,13.1000
2006-05-25,13.3000
2006-05-26,12.9000
2006-05-27,13.6000
2006-05-28,14.3000
2006-05-29,13.3000
2006-05-30,14.2000
2006-05-30,13.8000
2006-05-31,13.2000
2006-06-01,15.3000
2006-06-02,15.5000
2006-06-03,16.2000
2006-06-04,16.0000
2006-06-05,15.3000
2006-06-06,15.4000
2006-06-07,15.4000
2006-06-08,15.6000
2006-06-08,15.3000
2006-06-09,14.8000
2006-06-10,14.6000
2006-06-11,14.3000
2006-06-12,14.6000
2006-06-13,14.7000
2006-06-14,14.6000
2006-06-15,15.1000
2006-06-15,15.0000
2006-06-17,15.1000
2006-06-18,15.1000
2006-06-19,14.9000
2006-06-20,14.3000
2006-06-21,14.2000
2006-06-22,14.6000
2006-06-23,14.5000
2006-06-24,14.7000
2006-06-24,14.6000
2006-06-25,14.6000
2006-06-26,14.3000
2006-06-27,14.5000
2006-06-28,14.7000
2006-06-29,15.4000
2006-06-30,14.7000
2006-07-01,14.9000
2006-07-01,14.5000
2006-07-02,14.7000
2006-07-03,15.2000
2006-07-04,15.4000
2006-07-05,14.9000
2006-07-06,14.5000
2006-07-07,14.4000
2006-07-08,15.0000
2006-07-09,13.8000
2006-07-10,15.0000
2006-07-10,14.7000
2006-07-11,14.6000
2006-07-12,14.4000
2006-07-13,13.5000
2006-07-14,13.4000
2006-07-15,15.3000
2006-07-16,14.9000
2006-07-17,14.3000
2006-07-17,14.2000
2006-07-19,14.4000
2006-07-20,14.9000
2006-07-21,15.3000
2006-07-22,15.1000
2006-07-23,15.4000
2006-07-24,15.8000
2006-07-25,14.7000
2006-07-26,15.2000
2006-07-26,15.1000
2006-07-27,14.1000
2006-07-28,14.6000
2006-07-29,14.7000
2006-07-30,14.9000
2006-07-31,15.4000
2006-08-01,14.4000
2006-08-02,15.1000
2006-08-02,14.7000
2006-08-03,14.4000
2006-08-04,15.4000
2006-08-05,15.1000
2006-08-06,14.6000
2006-08-07,14.8000
2006-08-08,14.5000
2006-08-09,15.0000
2006-08-10,14.5000
2006-08-11,14.9000
2006-08-11,14.8000
2006-08-12,14.9000
2006-08-13,14.8000
2006-08-14,14.8000
2006-08-15,15.1000
2006-08-16,14.6000
2006-08-17,14.7000
2006-08-18,15.0000
2006-08-18,14.9000
2006-08-20,14.1000
2006-08-21,14.1000
2006-08-22,14.9000
2006-08-23,15.2000
2006-08-24,14.5000
2006-08-25,14.6000
2006-08-26,14.8000
2006-08-27,14.9000
2006-08-27,14.7000
2006-08-28,14.5000
2006-08-29,14.8000
2006-08-30,15.1000
2006-08-31,15.4000
2006-09-01,14.7000
2006-09-02,14.1000
2006-09-03,14.4000
2006-09-03,14.5000
2006-09-04,13.9000
2006-09-05,14.6000
2006-09-06,14.1000
2006-09-07,14.4000
2006-09-08,14.0000
2006-09-09,14.3000
2006-09-10,14.5000
2006-09-11,14.2000
2006-09-12,14.3000
2006-09-12,14.0000
2006-09-13,14.7000
2006-09-14,14.9000
2006-09-15,14.1000
2006-09-16,14.1000
2006-09-17,14.0000
2006-09-18,13.9000
2006-09-19,14.4000
2006-09-21,14.5000
2006-09-22,13.7000
2006-09-23,13.4000
2006-09-24,13.6000
2006-09-25,13.8000
2006-09-26,13.4000
2006-09-27,13.3000
2006-09-28,13.4000
2006-09-28,13.4000
2006-09-29,13.5000
2006-09-30,13.2000
2006-10-01,13.1000
2006-10-02,13.1000
2006-10-03,13.4000
2006-10-04,13.2000
2006-10-05,13.2000
2006-10-05,13.0000
2006-10-06,12.2000
2006-10-07,12.8000
2006-10-08,12.9000
2006-10-09,13.0000
2006-10-10,13.1000
2006-10-11,12.9000
2006-10-12,13.4000
2006-10-13,12.8000
2006-10-14,13.2000
2006-10-14,12.9000
2006-10-15,13.7000
2006-10-16,12.9000
2006-10-17,13.1000
2006-10-18,12.8000
2006-10-19,12.6000
2006-10-20,12.0000
2006-10-21,11.8000
2006-10-24,10.9000
2006-10-25,11.2000
2006-10-26,10.7000
2006-10-27,11.4000
2006-10-28,11.5000
2006-10-29,11.5000
2006-10-31,11.7000
2006-11-01,11.1000
2006-11-02,11.7000
2006-11-03,11.7000
2006-11-04,11.4000
2006-11-05,11.3000
2006-11-06,11.2000
2006-11-06,10.9000
2006-11-07,10.9000
2006-11-08,10.7000
2006-11-09,11.6000
2006-11-10,11.2000
2006-11-11,11.2000
2006-11-12,11.0000
2006-11-13,10.9000
2006-11-14,10.2000
2006-11-15,9.7000
2006-11-15,9.7000
2006-11-16,9.8000
2006-11-17,9.4000
2006-11-18,9.8000
2006-11-19,10.1000
2006-11-20,9.6000
2006-11-21,9.8000
2006-11-22,9.5000
2006-11-22,9.4000
2006-11-24,9.5000
2006-11-25,9.6000
2006-11-26,9.3000
2006-11-27,9.3000
2006-11-28,9.2000
2006-11-29,9.3000
2006-11-30,9.3000
2006-12-01,9.2000
2006-12-01,9.2000
2006-12-02,9.2000
2006-12-03,9.1000
2006-12-04,9.5000
2006-12-05,9.3000
2006-12-06,9.1000
2006-12-07,9.0000
2006-12-08,8.6000
2006-12-08,8.2000
2006-12-09,8.3000
2006-12-10,8.6000
2006-12-11,8.8000
2006-12-12,8.9000
2006-12-13,9.5000
2006-12-14,9.3000
2006-12-15,8.8000
2006-12-16,9.0000
2006-12-17,8.5000
2006-12-17,8.5000
2006-12-18,8.2000
2006-12-19,8.5000
2006-12-20,8.8000
2006-12-21,8.6000
2006-12-22,8.4000
2006-12-23,8.6000
2006-12-24,9.4000
2006-12-24,9.3000
2006-12-26,8.8000
2006-12-27,8.7000
2006-12-28,8.3000
2006-12-29,8.6000
2006-12-30,9.2000
2006-12-31,9.8000
2007-01-01,9.1000
2007-01-02,8.3000
2007-01-02,8.3000
2007-01-03,8.3000
2007-01-04,7.9000
2007-01-05,8.1000
2007-01-06,8.3000
2007-01-07,8.6000
2007-01-08,8.7000
2007-01-09,8.6000
2007-01-09,8.4000
2007-01-10,8.4000
2007-01-11,8.3000
2007-01-12,8.7000
2007-01-13,8.8000
2007-01-14,8.9000
2007-01-15,8.9000
2007-01-16,9.0000
2007-01-17,9.3000
2007-01-18,8.8000
2007-01-18,8.8000
2007-01-19,8.7000
2007-01-20,8.9000
2007-01-21,9.0000
2007-01-22,9.2000
2007-01-23,9.6000
2007-01-24,9.7000
2007-01-25,9.6000
2007-01-25,9.5000
2007-01-27,9.6000
2007-01-28,9.1000
2007-01-29,9.7000
2007-01-30,10.0000
2007-01-31,10.0000
2007-02-01,10.1000
2007-02-02,10.0000
2007-02-03,10.4000
2007-02-03,10.1000
2007-02-04,10.7000
2007-02-05,10.6000
2007-02-06,10.5000
2007-02-07,10.7000
2007-02-08,10.2000
2007-02-09,10.1000
2007-02-10,9.9000
2007-02-10,9.7000
2007-02-11,9.6000
2007-02-12,10.5000
2007-02-13,11.7000
2007-02-14,11.6000
2007-02-15,12.1000
2007-02-16,12.7000
2007-02-17,11.9000
2007-02-18,12.3000
2007-02-19,12.1000
2007-02-19,12.1000
2007-02-20,12.4000
2007-02-21,12.2000
2007-02-22,12.0000
2007-02-23,12.2000
2007-02-24,12.5000
2007-02-25,12.5000
2007-02-26,12.0000
2007-02-26,12.3000
2007-02-28,11.6000
2007-03-01,11.4000
2007-03-02,11.6000
2007-03-03,11.4000
2007-03-04,11.3000
2007-03-05,11.3000
2007-03-06,11.4000
2007-03-07,11.7000
2007-03-07,11.5000
2007-03-08,11.6000
2007-03-09,11.9000
2007-03-10,12.2000
2007-03-11,11.6000
2007-03-12,12.2000
2007-03-13,11.7000
2007-03-14,12.2000
2007-03-14,12.2000
2007-03-15,12.7000
2007-03-16,12.5000
2007-03-17,12.5000
2007-03-18,12.4000
2007-03-19,12.4000
2007-03-20,12.7000
2007-03-21,13.2000
2007-03-22,13.2000
2007-03-23,13.0000
2007-03-23,13.0000
2007-03-24,13.3000
2007-03-25,13.4000
2007-03-26,13.3000
2007-03-27,13.5000
2007-03-28,13.5000
2007-03-29,13.7000
2007-03-30,13.6000
2007-03-30,13.7000
2007-04-01,13.1000
2007-04-02,13.6000
2007-04-03,13.3000
2007-04-04,13.0000
2007-04-05,13.2000
2007-04-06,12.8000
2007-04-07,12.5000
2007-04-08,13.5000
2007-04-08,13.2000
2007-04-09,13.9000
2007-04-10,12.8000
2007-04-11,13.3000
2007-04-12,13.4000
2007-04-13,14.1000
2007-04-14,14.2000
2007-04-15,14.1000
2007-04-15,14.2000
2007-04-16,14.7000
2007-04-17,14.2000
2007-04-18,14.3000
2007-04-19,13.9000
2007-04-20,14.3000
2007-04-21,14.4000
2007-04-22,14.2000
2007-04-23,14.3000
2007-04-24,14.2000
2007-04-24,14.0000
2007-04-25,13.9000
2007-04-26,13.8000
2007-04-27,14.4000
2007-04-28,14.6000
2007-04-29,14.8000
2007-04-30,13.2000
2007-05-01,13.5000
2007-05-01,13.2000
2007-05-03,13.3000
2007-05-04,13.9000
2007-05-05,13.5000
2007-05-06,14.3000
2007-05-07,13.9000
2007-05-08,13.7000
2007-05-09,13.6000
2007-05-10,13.7000
2007-05-10,13.6000
2007-05-11,13.4000
2007-05-12,13.8000
2007-05-13,14.4000
2007-05-14,13.6000
2007-05-15,13.8000
2007-05-16,14.0000
2007-05-17,13.8000
2007-05-17,13.5000
2007-05-18,14.1000
2007-05-19,13.9000
2007-05-20,14.7000
2007-05-21,14.1000
2007-05-22,14.3000
2007-05-23,14.3000
2007-05-24,14.0000
2007-05-25,14.0000
2007-05-26,14.1000
2007-05-26,13.8000
2007-05-27,14.3000
2007-05-28,13.9000
2007-05-29,14.3000
2007-05-30,14.0000
2007-05-31,13.5000
2007-06-01,15.6000
2007-06-02,15.4000
2007-06-02,15.4000
2007-06-04,15.5000
2007-06-05,15.5000
2007-06-06,15.0000
2007-06-07,15.3000
2007-06-08,15.4000
2007-06-09,15.6000
2007-06-10,14.9000
2007-06-11,14.7000
2007-06-11,14.8000
2007-06-12,14.2000
2007-06-13,14.5000
2007-06-14,14.9000
2007-06-15,15.7000
2007-06-16,16.2000
2007-06-17,15.2000
2007-06-18,15.9000
2007-06-18,15.6000
2007-06-19,14.9000
2007-06-20,15.7000
2007-06-21,14.8000
2007-06-22,14.7000
2007-06-23,14.9000
2007-06-24,14.8000
2007-06-25,15.3000
2007-06-26,14.5000
2007-06-27,15.3000
2007-06-27,15.3000
2007-06-28,15.0000
2007-06-29,14.9000
2007-06-30,15.1000
2007-07-01,15.4000
2007-07-02,15.0000
2007-07-03,14.7000
2007-07-04,15.7000
2007-07-04,15.4000
2007-07-06,14.8000
2007-07-07,14.8000
2007-07-08,14.5000
2007-07-09,15.0000
2007-07-10,14.2000
2007-07-11,14.7000
2007-07-12,14.9000
2007-07-13,15.4000
2007-07-13,15.3000
2007-07-14,14.4000
2007-07-15,14.8000
2007-07-16,15.0000
2007-07-17,15.2000
2007-07-18,15.7000
2007-07-19,15.6000
2007-07-20,15.0000
2007-07-20,15.1000
2007-07-21,14.5000
2007-07-22,14.9000
2007-07-23,14.4000
2007-07-24,14.4000
2007-07-25,15.1000
2007-07-26,15.3000
2007-07-27,15.5000
2007-07-28,14.9000
2007-07-29,15.5000
2007-07-29,15.1000
2007-07-30,14.7000
2007-07-31,15.1000
2007-08-01,14.9000
2007-08-02,15.0000
2007-08-03,15.2000
2007-08-04,15.4000
2007-08-05,15.4000
2007-08-05,15.2000
2007-08-07,16.1000
2007-08-08,15.3000
2007-08-09,15.0000
2007-08-10,14.6000
2007-08-11,14.8000
2007-08-12,15.4000
2007-08-13,14.8000
2007-08-14,14.9000
2007-08-14,14.7000
2007-08-15,15.5000
2007-08-16,15.6000
2007-08-17,15.3000
2007-08-18,14.8000
2007-08-19,14.7000
2007-08-20,14.4000
2007-08-21,15.4000
2007-08-21,15.2000
2007-08-22,16.4000
2007-08-23,15.8000
2007-08-24,15.3000
2007-08-25,15.2000
2007-08-26,15.5000
2007-08-27,15.7000
2007-08-28,15.4000
2007-08-29,14.2000
2007-08-30,15.4000
2007-08-30,14.9000
2007-08-31,15.2000
2007-09-01,15.8000
2007-09-02,15.9000
2007-09-03,15.3000
2007-09-04,14.5000
2007-09-05,13.9000
2007-09-06,14.9000
2007-09-08,14.7000
2007-09-09,14.7000
2007-09-10,14.1000
2007-09-11,14.2000
2007-09-12,14.1000
2007-09-13,14.2000
2007-09-14,14.3000
2007-09-15,14.6000
2007-09-16,14.3000
2007-09-17,14.2000
2007-09-18,13.5000
2007-09-19,13.7000
2007-09-20,13.8000
2007-09-21,13.6000
2007-09-22,13.7000
2007-09-23,14.6000
2007-09-24,13.4000
2007-09-25,13.9000
2007-09-26,13.5000
2007-09-27,14.6000
2007-09-28,13.9000
2007-09-29,13.8000
2007-09-30,13.3000
2007-10-01,13.8000
2007-10-01,13.2000
2007-10-02,13.8000
2007-10-03,12.9000
2007-10-04,12.7000
2007-10-05,12.7000
2007-10-06,12.7000
2007-10-07,12.7000
2007-10-08,12.6000
2007-10-08,12.7000
2007-10-10,13.1000
2007-10-11,13.6000
2007-10-12,13.0000
2007-10-13,12.8000
2007-10-14,13.0000
2007-10-15,12.6000
2007-10-16,12.6000
2007-10-17,12.4000
2007-10-17,12.4000
2007-10-18,12.0000
2007-10-19,12.3000
2007-10-20,12.2000
2007-10-21,12.0000
2007-10-22,12.2000
2007-10-23,11.9000
2007-10-24,12.1000
2007-10-24,11.9000
2007-10-25,11.8000
2007-10-26,11.2000
2007-10-27,11.2000
2007-10-28,10.6000
2007-10-29,10.6000
2007-10-30,11.0000
2007-10-31,11.1000
2007-11-01,11.3000
2007-11-02,11.1000
2007-11-03,10.6000
2007-11-04,11.0000
2007-11-05,11.0000
2007-11-06,11.1000
2007-11-07,11.3000
2007-11-08,10.6000
2007-11-09,10.5000
2007-11-09,10.4000
2007-11-11,10.2000
2007-11-12,10.0000
2007-11-13,10.3000
2007-11-14,10.1000
2007-11-15,10.1000
2007-11-16,9.9000
2007-11-17,9.8000
2007-11-18,9.6000
2007-11-18,9.7000
2007-11-19,9.8000
2007-11-20,9.6000
2007-11-21,9.8000
2007-11-22,9.6000
2007-11-23,9.5000
2007-11-24,9.2000
2007-11-25,9.6000
2007-11-25,9.5000
2007-11-26,9.4000
2007-11-27,9.3000
2007-11-28,9.5000
2007-11-29,9.3000
2007-11-30,9.5000
2007-12-01,8.3000
2007-12-02,9.3000
2007-12-03,9.2000
2007-12-04,9.0000
2007-12-04,9.2000
2007-12-05,9.1000
2007-12-06,8.6000
2007-12-07,8.6000
2007-12-08,8.8000
2007-12-09,8.8000
2007-12-10,8.4000
2007-12-11,8.9000
2007-12-11,8.8000
2007-12-13,8.8000
2007-12-14,8.7000
2007-12-15,8.6000
2007-12-16,8.8000
2007-12-17,8.8000
2007-12-18,8.8000
2007-12-20,8.4000
2007-12-20,8.9000
2007-12-21,8.9000
2007-12-22,9.2000
2007-12-23,9.0000
2007-12-24,9.1000
2007-12-25,9.2000
2007-12-26,9.0000
2007-12-27,9.3000
2007-12-27,9.2000
2007-12-28,9.0000
2007-12-29,9.2000
2007-12-30,9.5000
2007-12-31,9.7000
2008-01-01,9.6000
2008-01-02,9.3000
2008-01-03,9.0000
2008-01-04,8.9000
2008-01-05,8.9000
2008-01-06,8.7000
2008-01-07,9.3000
2008-01-08,8.9000
2008-01-09,9.2000
2008-01-10,9.4000
2008-01-11,9.5000
2008-01-12,9.8000
2008-01-12,9.7000
2008-01-14,9.5000
2008-01-15,9.3000
2008-01-16,9.8000
2008-01-17,10.5000
2008-01-18,10.5000
2008-01-19,10.8000
2008-01-20,10.9000
2008-01-21,10.8000
2008-01-22,10.7000
2008-01-23,10.4000
2008-01-24,10.7000
2008-01-25,10.6000
2008-01-26,10.3000
2008-01-27,10.4000
2008-01-28,10.4000
2008-01-28,10.6000
2008-01-29,10.4000
2008-01-30,10.9000
2008-01-31,10.9000
2008-02-01,10.9000
2008-02-02,10.6000
2008-02-03,11.1000
2008-02-04,11.3000
2008-02-04,11.0000
2008-02-05,11.4000
2008-02-06,11.3000
2008-02-07,11.1000
2008-02-08,10.8000
2008-02-09,10.6000
2008-02-10,10.3000
2008-02-11,10.6000
2008-02-12,11.2000
2008-02-13,11.1000
2008-02-13,11.0000
2008-02-15,11.1000
2008-02-16,11.4000
2008-02-17,11.4000
2008-02-18,12.0000
2008-02-19,12.0000
2008-02-20,12.0000
2008-02-20,12.2000
2008-02-21,12.6000
2008-02-22,12.2000
2008-02-23,12.3000
2008-02-24,12.7000
2008-02-25,12.7000
2008-02-26,12.5000
2008-02-27,12.6000
2008-02-28,12.8000
2008-02-29,13.0000
2008-02-29,13.3000
2008-03-01,12.7000
2008-03-02,12.9000
2008-03-03,12.9000
2008-03-04,13.3000
2008-03-05,12.9000
2008-03-06,13.0000
2008-03-07,13.0000
2008-03-07,13.1000
2008-03-08,13.4000
2008-03-09,13.2000
2008-03-10,14.2000
2008-03-11,13.8000
2008-03-12,14.2000
2008-03-13,13.3000
2008-03-14,13.9000
2008-03-15,13.4000
2008-03-16,14.1000
2008-03-16,14.1000
2008-03-18,14.5000
2008-03-19,14.0000
2008-03-20,13.6000
2008-03-21,13.3000
2008-03-22,13.6000
2008-03-23,14.4000
2008-03-24,14.3000
2008-03-25,14.6000
2008-03-26,14.7000
2008-03-27,14.1000
2008-03-28,14.9000
2008-03-29,14.9000
2008-03-30,15.1000
2008-03-31,14.8000
2008-04-01,14.2000
2008-04-01,14.5000
2008-04-02,14.5000
2008-04-03,14.4000
2008-04-04,14.1000
2008-04-05,14.3000
2008-04-06,14.4000
2008-04-07,14.1000
2008-04-08,14.5000
2008-04-08,14.5000
2008-04-09,14.3000
2008-04-10,14.0000
2008-04-11,13.9000
2008-04-12,14.5000
2008-04-13,14.8000
2008-04-14,14.8000
2008-04-15,14.8000
2008-04-16,14.9000
2008-04-17,14.5000
2008-04-17,14.5000
2008-04-19,14.5000
2008-04-20,14.2000
2008-04-21,13.9000
2008-04-22,13.9000
2008-04-23,14.4000
2008-04-24,14.1000
2008-04-24,14.0000
2008-04-25,13.9000
2008-04-26,14.2000
2008-04-27,15.0000
2008-04-28,14.7000
2008-04-29,15.2000
2008-04-30,13.7000
2008-05-01,14.7000
2008-05-02,14.4000
2008-05-03,13.2000
2008-05-03,14.2000
2008-05-04,13.7000
2008-05-05,13.9000
2008-05-06,13.8000
2008-05-07,14.3000
2008-05-08,14.0000
2008-05-09,14.6000
2008-05-10,15.2000
2008-05-10,15.0000
2008-05-11,14.3000
2008-05-12,13.9000
2008-05-13,13.8000
2008-05-14,14.5000
2008-05-15,14.9000
2008-05-16,14.1000
2008-05-17,15.2000
2008-05-18,14.7000
2008-05-19,14.0000
2008-05-21,14.0000
2008-05-22,13.9000
2008-05-23,14.2000
2008-05-24,14.0000
2008-05-25,14.3000
2008-05-26,13.8000
2008-05-26,14.1000
2008-05-27,14.0000
2008-05-28,14.1000
2008-05-29,13.7000
2008-05-30,13.8000
2008-05-31,14.1000
2008-06-01,15.8000
2008-06-02,15.8000
2008-06-03,16.3000
2008-06-04,15.2000
2008-06-05,15.2000
2008-06-06,15.5000
2008-06-07,15.8000
2008-06-08,15.7000
2008-06-09,16.1000
2008-06-10,14.7000
2008-06-11,15.5000
2008-06-11,15.1000
2008-06-12,14.9000
2008-06-13,15.2000
2008-06-14,14.6000
2008-06-15,15.0000
2008-06-16,14.8000
2008-06-17,14.6000
2008-06-18,15.3000
2008-06-19,14.8000
2008-06-20,15.1000
2008-06-22,15.7000
2008-06-23,15.4000
2008-06-24,15.1000
2008-06-25,15.2000
2008-06-26,14.3000
2008-06-27,14.7000
2008-06-27,14.8000
2008-06-28,14.1000
2008-06-29,14.4000
2008-06-30,15.0000
2008-07-01,15.4000
2008-07-02,15.0000
2008-07-03,15.2000
2008-07-04,15.7000
2008-07-05,15.1000
2008-07-06,15.4000
2008-07-07,15.9000
2008-07-08,16.0000
2008-07-09,15.8000
2008-07-10,15.1000
2008-07-11,15.3000
2008-07-12,14.3000
2008-07-13,14.7000
2008-07-13,14.8000
2008-07-14,14.3000
2008-07-15,14.8000
2008-07-16,14.1000
2008-07-17,14.1000
2008-07-18,14.4000
2008-07-19,14.7000
2008-07-20,16.4000
2008-07-21,14.4000
2008-07-22,15.3000
2008-07-24,15.3000
2008-07-25,15.0000
2008-07-26,14.4000
2008-07-27,14.9000
2008-07-28,14.3000
2008-07-29,14.8000
2008-07-29,14.8000
2008-07-30,14.0000
2008-07-31,14.8000
2008-08-01,14.3000
2008-08-02,15.0000
2008-08-03,15.5000
2008-08-04,14.9000
2008-08-05,15.2000
2008-08-06,14.8000
2008-08-07,14.5000
2008-08-07,15.1000
2008-08-08,14.9000
2008-08-09,14.9000
2008-08-10,14.6000
2008-08-11,15.0000
2008-08-12,14.9000
2008-08-13,14.3000
2008-08-14,14.9000
2008-08-14,15.2000
2008-08-15,14.7000
2008-08-16,15.0000
2008-08-17,14.6000
2008-08-18,14.5000
2008-08-19,15.1000
2008-08-20,14.7000
2008-08-21,15.6000
2008-08-22,15.2000
2008-08-23,14.2000
2008-08-23,15.0000
2008-08-25,15.3000
2008-08-26,14.7000
2008-08-27,15.2000
2008-08-28,14.8000
2008-08-29,13.6000
2008-08-30,15.0000
2008-08-30,14.0000
2008-08-31,14.3000
2008-09-01,15.0000
2008-09-02,14.7000
2008-09-03,14.6000
2008-09-04,14.5000
2008-09-05,14.0000
2008-09-06,15.3000
2008-09-07,15.3000
2008-09-08,14.5000
2008-09-09,14.9000
2008-09-10,15.5000
2008-09-11,14.5000
2008-09-12,14.4000
2008-09-13,15.3000
2008-09-14,13.9000
2008-09-15,14.5000
2008-09-16,13.6000
2008-09-18,14.5000
2008-09-19,13.6000
2008-09-20,14.0000
2008-09-21,14.0000
2008-09-22,14.2000
2008-09-23,14.4000
2008-09-24,14.0000
2008-09-24,14.4000
2008-09-26,13.9000
2008-09-30,13.5000
2008-10-01,13.6000
2008-10-01,13.4000
2008-10-02,13.5000
2008-10-03,13.0000
2008-10-04,13.2000
2008-10-05,12.9000
2008-10-06,13.0000
2008-10-07,12.6000
2008-10-08,13.3000
2008-10-09,12.9000
2008-10-10,12.8000
2008-10-10,13.3000
2008-10-11,13.6000
2008-10-12,13.7000
2008-10-13,13.1000
2008-10-14,12.4000
2008-10-15,12.2000
2008-10-16,12.0000
2008-10-17,12.5000
2008-10-18,12.4000
2008-10-20,11.6000
2008-10-21,11.6000
2008-10-22,11.7000
2008-10-23,11.7000
2008-10-24,11.7000
2008-10-25,11.6000
2008-10-28,11.9000
2008-10-29,11.4000
2008-10-30,11.6000
2008-10-31,11.3000
2008-11-01,11.1000
2008-11-02,10.6000
2008-11-03,10.7000
2008-11-05,10.5000
2008-11-06,10.8000
2008-11-07,10.7000
2008-11-08,10.7000
2008-11-09,10.8000
2008-11-10,10.7000
2008-11-11,9.5000
2008-11-11,10.4000
2008-11-12,11.0000
2008-11-13,10.5000
2008-11-14,10.3000
2008-11-15,10.1000
2008-11-16,10.0000
2008-11-17,10.0000
2008-11-18,10.0000
2008-11-18,9.8000
2008-11-19,10.2000
2008-11-20,9.6000
2008-11-21,9.6000
2008-11-22,9.5000
2008-11-23,9.3000
2008-11-24,9.4000
2008-11-25,9.3000
2008-11-26,9.2000
2008-11-27,9.2000
2008-11-29,9.0000
2008-11-30,8.6000
2008-12-01,8.5000
2008-12-02,8.5000
2008-12-03,8.5000
2008-12-04,8.4000
2008-12-04,8.3000
2008-12-05,8.7000
2008-12-06,8.5000
2008-12-07,8.3000
2008-12-08,8.3000
2008-12-09,8.8000
2008-12-10,8.7000
2008-12-11,9.1000
2008-12-12,8.6000
2008-12-13,8.4000
2008-12-14,8.3000
2008-12-15,8.5000
2008-12-16,8.3000
2008-12-17,8.4000
2008-12-18,8.4000
2008-12-19,8.5000
2008-12-20,8.4000
2008-12-20,8.3000
2008-12-21,8.5000
2008-12-22,8.0000
2008-12-23,8.2000
2008-12-24,8.5000
2008-12-25,8.4000
2008-12-26,8.7000
2008-12-27,8.7000
2008-12-28,8.6000
2008-12-29,8.8000
2008-12-31,8.4000
2009-01-01,7.8000
2009-01-02,7.8000
2009-01-03,8.1000
2009-01-04,8.3000
2009-01-05,8.5000
2009-01-05,8.4000
2009-01-06,8.5000
2009-01-07,8.4000
2009-01-08,8.5000
2009-01-09,8.4000
2009-01-10,8.5000
2009-01-11,8.1000
2009-01-12,8.7000
2009-01-13,8.4000
2009-01-14,7.5000
2009-01-14,8.4000
2009-01-15,8.7000
2009-01-16,8.3000
2009-01-17,7.8000
2009-01-18,7.8000
2009-01-19,7.8000
2009-01-20,7.8000
2009-01-21,8.4000
2009-01-21,8.3000
2009-01-22,8.7000
2009-01-23,9.3000
2009-01-24,9.7000
2009-01-25,10.3000
2009-01-26,10.0000
2009-01-28,10.8000
2009-01-29,10.8000
2009-01-30,11.0000
2009-01-30,11.4000
2009-02-01,11.0000
2009-02-02,10.9000
2009-02-03,10.5000
2009-02-04,10.0000
2009-02-06,10.5000
2009-02-07,10.6000
2009-02-08,10.6000
2009-02-09,11.6000
2009-02-10,11.3000
2009-02-11,11.0000
2009-02-13,11.5000
2009-02-14,11.8000
2009-02-15,10.8000
2009-02-15,11.4000
2009-02-16,11.3000
2009-02-17,11.2000
2009-02-18,11.4000
2009-02-19,11.5000
2009-02-20,12.0000
2009-02-22,11.4000
2009-02-22,11.1000
2009-02-23,11.7000
2009-02-24,11.5000
2009-02-25,11.7000
2009-02-26,11.1000
2009-02-27,11.0000
2009-03-01,11.2000
2009-03-02,11.3000
2009-03-05,11.4000
2009-03-06,11.2000
2009-03-07,11.6000
2009-03-08,12.2000
2009-03-10,13.0000
2009-03-10,12.6000
2009-03-11,12.5000
2009-03-12,12.5000
2009-03-13,12.5000
2009-03-14,12.8000
2009-03-15,13.0000
2009-03-17,13.5000
2009-03-18,13.4000
2009-03-19,13.4000
2009-03-20,13.0000
2009-03-21,13.0000
2009-03-22,12.6000
2009-03-23,13.3000
2009-03-24,12.9000
2009-03-26,13.0000
2009-03-26,13.0000
2009-03-27,13.1000
2009-03-28,13.3000
2009-03-29,13.6000
2009-03-30,14.0000
2009-03-31,13.9000
2009-04-02,13.9000
2009-04-03,14.2000
2009-04-04,14.1000
2009-04-06,14.3000
2009-04-07,13.6000
2009-04-08,13.7000
2009-04-09,13.3000
2009-04-11,14.2000
2009-04-11,13.9000
2009-04-12,14.5000
2009-04-13,13.2000
2009-04-14,14.2000
2009-04-15,13.5000
2009-04-16,13.4000
2009-04-17,13.8000
2009-04-18,14.2000
2009-04-19,13.2000
2009-04-20,13.5000
2009-04-21,14.2000
2009-04-22,13.9000
2009-04-23,14.0000
2009-04-25,13.8000
2009-04-27,13.9000
2009-04-27,13.8000
2009-04-28,14.0000
2009-04-29,14.2000
2009-04-30,13.5000
2009-05-01,13.2000
2009-05-02,13.0000
2009-05-03,13.4000
2009-05-04,14.0000
2009-05-05,13.9000
2009-05-06,14.0000
2009-05-08,13.2000
2009-05-09,13.2000
2009-05-10,13.6000
2009-05-11,13.5000
2009-05-13,13.8000
2009-05-13,14.0000
2009-05-14,13.5000
2009-05-15,14.2000
2009-05-16,13.8000
2009-05-17,13.8000
2009-05-18,14.1000
2009-05-20,14.4000
2009-05-21,14.1000
2009-05-22,14.1000
2009-05-23,13.4000
2009-05-24,13.2000
2009-05-25,13.4000
2009-05-27,13.9000
2009-05-29,14.4000
2009-05-29,14.3000
2009-05-30,14.1000
2009-05-31,14.5000
2009-06-01,16.1000
2009-06-02,16.1000
2009-06-03,15.7000
2009-06-04,15.5000
2009-06-05,15.6000
2009-06-06,15.7000
2009-06-07,16.0000
2009-06-09,16.1000
2009-06-10,15.9000
2009-06-11,15.9000
2009-06-12,15.6000
2009-06-14,15.9000
2009-06-14,15.9000
2009-06-15,14.9000
2009-06-16,14.6000
2009-06-17,15.4000
2009-06-18,16.0000
2009-06-19,15.2000
2009-06-20,14.2000
2009-06-21,15.2000
2009-06-22,15.5000
2009-06-23,15.4000
2009-06-24,14.7000
2009-06-25,15.7000
2009-06-26,14.3000
2009-06-27,14.6000
2009-06-28,14.4000
2009-06-30,15.0000
2009-06-30,15.4000
2009-07-01,14.4000
2009-07-02,15.1000
2009-07-03,15.3000
2009-07-04,15.3000
2009-07-05,15.2000
2009-07-06,14.2000
2009-07-07,14.9000
2009-07-08,14.3000
2009-07-09,14.9000
2009-07-11,15.0000
2009-07-12,13.3000
2009-07-13,15.0000
2009-07-14,14.5000
2009-07-16,14.6000
2009-07-16,14.6000
2009-07-17,13.9000
2009-07-18,14.5000
2009-07-19,14.4000
2009-07-20,14.9000
2009-07-21,14.2000
2009-07-22,13.7000
2009-07-23,15.1000
2009-07-24,14.9000
2009-07-25,15.5000
2009-07-26,14.8000
2009-07-27,15.0000
2009-07-28,14.6000
2009-07-29,15.7000
2009-07-30,14.8000
2009-08-01,15.3000
2009-08-01,15.0000
2009-08-02,14.8000
2009-08-03,14.9000
2009-08-04,14.9000
2009-08-05,15.2000
2009-08-06,15.1000
2009-08-07,14.4000
2009-08-08,15.3000
2009-08-09,15.4000
2009-08-10,15.8000
2009-08-12,14.6000
2009-08-13,14.7000
2009-08-14,15.2000
2009-08-15,15.6000
2009-08-17,15.0000
2009-08-17,15.0000
2009-08-18,14.9000
2009-08-19,15.3000
2009-08-20,15.2000
2009-08-21,15.1000
2009-08-22,14.8000
2009-08-23,14.6000
2009-08-24,15.2000
2009-08-25,15.7000
2009-08-26,15.6000
2009-08-27,15.1000
2009-08-28,15.6000
2009-08-29,15.7000
2009-08-30,15.8000
2009-08-31,15.4000
2009-09-02,15.2000
2009-09-02,15.0000
2009-09-03,14.6000
2009-09-04,15.2000
2009-09-05,15.3000
2009-09-06,15.0000
2009-09-07,14.9000
2009-09-08,13.9000
2009-09-09,15.6000
2009-09-10,14.8000
2009-09-11,15.1000
2009-09-13,15.3000
2009-09-14,14.9000
2009-09-15,14.3000
2009-09-16,14.9000
2009-09-18,14.5000
2009-09-18,14.5000
2009-09-19,14.2000
2009-09-20,14.4000
2009-09-21,13.9000
2009-09-22,14.0000
2009-09-23,14.5000
2009-09-25,14.4000
2009-09-26,14.5000
2009-09-27,13.4000
2009-09-28,13.8000
2009-09-29,13.5000
2009-09-30,13.9000
2009-10-02,13.4000
2009-10-04,13.7000
2009-10-04,13.7000
2009-10-05,14.2000
2009-10-06,13.6000
2009-10-07,13.9000
2009-10-08,13.6000
2009-10-09,13.8000
2009-10-11,13.5000
2009-10-12,13.4000
2009-10-13,13.3000
2009-10-16,12.3000
2009-10-18,12.8000
2009-10-20,12.7000
2009-10-21,12.8000
2009-10-22,12.3000
2009-10-23,12.0000
2009-10-25,12.1000
2009-10-27,12.5000
2009-10-28,12.1000
2009-10-29,12.1000
2009-10-30,12.3000
2009-11-01,10.8000
2009-11-03,10.4000
2009-11-05,10.2000
2009-11-05,10.1000
2009-11-06,10.2000
2009-11-07,10.3000
2009-11-08,10.2000
2009-11-10,10.4000
2009-11-12,10.4000
2009-11-13,10.0000
2009-11-14,10.1000
2009-11-16,9.8000
2009-11-17,9.9000
2009-11-19,9.8000
2009-11-21,9.7000
2009-11-21,9.7000
2009-11-22,9.6000
2009-11-23,9.6000
2009-11-24,9.7000
2009-11-25,9.3000
2009-11-26,9.2000
2009-11-28,9.3000
2009-11-29,10.0000
2009-11-30,9.6000
2009-12-01,9.4000
2009-12-02,8.7000
2009-12-03,9.2000
2009-12-05,9.2000
2009-12-07,9.3000
2009-12-07,9.2000
2009-12-08,9.9000
2009-12-09,9.1000
2009-12-10,9.2000
2009-12-12,8.9000
2009-12-14,9.7000
2009-12-15,9.2000
2009-12-16,9.2000
2009-12-18,8.1000
2009-12-19,8.9000
2009-12-21,8.5000
2009-12-23,8.7000
2009-12-23,8.5000
2009-12-24,8.5000
2009-12-25,8.8000
2009-12-26,8.7000
2009-12-28,8.6000
2009-12-30,9.5000
2009-12-31,9.6000
2010-01-01,8.9000
2010-01-02,9.1000
2010-01-03,8.4000
2010-01-04,9.1000
2010-01-06,8.7000
2010-01-08,9.0000
2010-01-08,8.9000
2010-01-09,8.7000
2010-01-10,8.7000
2010-01-11,8.6000
2010-01-13,8.2000
2010-01-16,9.4000
2010-01-17,9.2000
2010-01-19,8.4000
2010-01-20,9.1000
2010-01-22,9.9000
2010-01-24,10.0000
2010-01-24,10.1000
2010-01-25,9.9000
2010-01-26,9.8000
2010-01-27,10.2000
2010-01-29,9.6000
2010-01-31,9.8000
2010-02-01,9.7000
2010-02-02,10.5000
2010-02-03,10.7000
2010-02-04,10.5000
2010-02-05,10.4000
2010-02-07,10.9000
2010-02-09,11.5000
2010-02-09,11.6000
2010-02-10,11.8000
2010-02-11,11.7000
2010-02-12,11.2000
2010-02-14,11.1000
2010-02-16,11.9000
2010-02-17,11.9000
2010-02-18,12.2000
2010-02-20,12.1000
2010-02-21,13.1000
2010-02-23,13.5000
2010-02-25,11.7000
2010-02-25,12.0000
2010-02-26,12.5000
2010-02-27,12.8000
2010-02-28,12.9000
2010-03-02,11.0000
2010-03-04,12.2000
2010-03-05,12.7000
2010-03-06,12.7000
2010-03-07,12.4000
2010-03-08,12.5000
2010-03-09,13.2000
2010-03-10,13.2000
2010-03-11,12.9000
2010-03-13,12.7000
2010-03-13,12.7000
2010-03-14,13.3000
2010-03-15,13.3000
2010-03-16,13.5000
2010-03-17,12.5000
2010-03-18,13.1000
2010-03-19,13.3000
2010-03-20,13.1000
2010-03-21,13.7000
2010-03-22,13.9000
2010-03-24,14.0000
2010-03-25,13.8000
2010-03-26,13.9000
2010-03-27,13.7000
2010-03-29,14.7000
2010-03-29,14.4000
2010-03-30,14.5000
2010-03-31,13.6000
2010-04-01,13.7000
2010-04-03,13.9000
2010-04-04,13.7000
2010-04-05,14.3000
2010-04-06,14.0000
2010-04-07,13.4000
2010-04-08,13.8000
2010-04-09,14.4000
2010-04-10,14.2000
2010-04-11,14.7000
2010-04-12,14.7000
2010-04-14,14.0000
2010-04-14,13.6000
2010-04-15,12.8000
2010-04-16,12.5000
2010-04-17,12.3000
2010-04-19,14.2000
2010-04-20,13.8000
2010-04-21,14.2000
2010-04-22,14.0000
2010-04-23,15.0000
2010-04-26,13.8000
2010-04-27,14.7000
2010-04-28,15.0000
2010-04-30,14.1000
2010-04-30,13.9000
2010-05-01,14.1000
2010-05-02,14.2000
2010-05-03,13.9000
2010-05-05,13.4000
2010-05-06,14.1000
2010-05-07,13.7000
2010-05-08,12.7000
2010-05-09,13.8000
2010-05-10,13.1000
2010-05-11,13.6000
2010-05-12,13.3000
2010-05-13,14.0000
2010-05-14,13.7000
2010-05-16,13.9000
2010-05-16,14.1000
2010-05-17,14.3000
2010-05-18,14.2000
2010-05-19,14.2000
2010-05-21,13.8000
2010-05-23,13.6000
2010-05-24,12.8000
2010-05-25,14.0000
2010-05-27,13.7000
2010-05-28,13.8000
2010-05-30,13.4000
2010-06-01,16.0000
2010-06-01,15.8000
2010-06-02,15.9000
2010-06-03,15.5000
2010-06-04,15.1000
2010-06-06,15.2000
2010-06-07,15.3000
2010-06-08,16.0000
2010-06-09,14.5000
2010-06-10,15.4000
2010-06-11,14.6000
2010-06-12,14.6000
2010-06-13,14.7000
2010-06-14,14.3000
2010-06-15,14.7000
2010-06-17,15.4000
2010-06-17,15.2000
2010-06-18,14.6000
2010-06-19,14.8000
2010-06-20,14.9000
2010-06-22,14.6000
2010-06-23,14.3000
2010-06-24,15.4000
2010-06-25,15.0000
2010-06-26,15.6000
2010-06-28,14.0000
2010-06-29,15.4000
2010-06-30,14.6000
2010-07-01,15.3000
2010-07-03,15.8000
2010-07-03,15.5000
2010-07-04,14.9000
2010-07-05,14.8000
2010-07-06,15.0000
2010-07-08,15.3000
2010-07-09,14.8000
2010-07-10,15.1000
2010-07-11,14.3000
2010-07-12,15.3000
2010-07-13,14.3000
2010-07-14,14.0000
2010-07-15,14.7000
2010-07-16,14.8000
2010-07-17,14.8000
2010-07-19,15.5000
2010-07-19,15.9000
2010-07-20,15.7000
2010-07-21,15.5000
2010-07-22,16.3000
2010-07-24,16.1000
2010-07-25,15.3000
2010-07-26,16.0000
2010-07-27,12.8000
2010-07-28,15.6000
2010-07-30,14.1000
2010-07-31,14.2000
2010-08-01,15.0000
2010-08-02,14.9000
2010-08-04,15.4000
2010-08-04,15.3000
2010-08-05,15.1000
2010-08-06,15.4000
2010-08-07,15.6000
2010-08-09,15.3000
2010-08-10,15.1000
2010-08-11,14.9000
2010-08-12,14.4000
2010-08-13,16.0000
2010-08-14,15.5000
2010-08-15,14.8000
2010-08-16,16.1000
2010-08-17,15.2000
2010-08-18,15.4000
2010-08-20,16.0000
2010-08-20,15.5000
2010-08-21,15.3000
2010-08-22,15.7000
2010-08-23,15.9000
2010-08-25,15.0000
2010-08-26,14.8000
2010-08-27,15.3000
2010-08-28,13.9000
2010-08-29,16.1000
2010-08-31,14.6000
2010-09-01,15.8000
2010-09-02,14.7000
2010-09-03,14.6000
2010-09-05,15.7000
2010-09-05,15.5000
2010-09-06,15.7000
2010-09-07,14.8000
2010-09-08,14.3000
2010-09-10,13.9000
2010-09-11,14.5000
2010-09-12,15.4000
2010-09-13,14.4000
2010-09-15,14.4000
2010-09-17,15.6000
2010-09-18,15.4000
2010-09-19,15.0000
2010-09-21,13.7000
2010-09-22,13.5000
2010-09-24,13.5000
2010-09-26,14.7000
2010-09-28,14.3000
2010-09-29,12.8000
2010-09-30,13.3000
2010-10-02,12.5000
2010-10-03,13.5000
2010-10-05,12.8000
2010-10-07,12.7000
2010-10-07,12.7000
2010-10-08,12.6000
2010-10-09,12.8000
2010-10-10,12.5000
2010-10-12,12.7000
2010-10-13,12.8000
2010-10-14,12.7000
2010-10-15,11.9000
2010-10-16,12.3000
2010-10-17,11.9000
2010-10-18,11.6000
2010-10-19,12.2000
2010-10-21,11.8000
2010-10-23,11.7000
2010-10-23,11.6000
2010-10-24,11.5000
2010-10-25,11.6000
2010-10-26,11.4000
2010-10-28,11.4000
2010-10-30,11.4000
2010-10-31,10.5000
2010-11-01,11.2000
2010-11-04,10.5000
2010-11-06,10.2000
2010-11-08,10.4000
2010-11-08,10.2000
2010-11-09,10.4000
2010-11-10,10.5000
2010-11-11,10.9000
2010-11-13,10.6000
2010-11-15,10.3000
2010-11-16,9.5000
2010-11-17,9.9000
2010-11-18,9.6000
2010-11-19,9.0000
2010-11-20,9.2000
2010-11-22,9.0000
2010-11-24,9.0000
2010-11-24,9.0000
2010-11-25,8.9000
2010-11-26,9.1000
2010-11-27,9.4000
2010-11-29,9.1000
2010-12-01,9.8000
2010-12-02,8.6000
2010-12-03,9.0000
2010-12-05,8.5000
2010-12-06,8.3000
2010-12-08,8.1000
2010-12-10,7.8000
2010-12-10,7.8000
2010-12-11,7.8000
2010-12-12,7.8000
2010-12-13,8.2000
2010-12-15,7.9000
2010-12-17,8.1000
2010-12-19,7.7000
2010-12-19,8.5000
2010-12-20,8.3000
2010-12-21,8.4000
2010-12-22,8.4000
2010-12-24,8.4000
2010-12-26,8.2000
2010-12-26,8.1000
2010-12-27,8.2000
2010-12-28,8.2000
2010-12-29,8.7000
2010-12-31,8.7000
2011-01-02,8.4000
2011-01-04,7.9000
2011-01-04,8.6000
2011-01-06,9.1000
2011-01-07,9.1000
2011-01-09,8.6000
2011-01-11,8.8000
2011-01-11,8.7000
2011-01-12,9.0000
2011-01-13,9.1000
2011-01-14,9.3000
2011-01-16,8.8000
2011-01-18,8.8000
2011-01-20,8.6000
2011-01-20,9.7000
2011-01-21,9.6000
2011-01-22,9.7000
2011-01-23,9.8000
2011-01-25,9.9000
2011-01-27,10.4000
2011-01-27,10.3000
2011-01-28,9.6000
2011-01-29,9.9000
2011-01-30,9.6000
2011-02-01,10.3000
2011-02-03,10.2000
2011-02-04,9.6000
2011-02-05,10.5000
2011-02-07,9.7000
2011-02-08,9.9000
2011-02-10,9.4000
2011-02-12,9.8000
2011-02-12,9.7000
2011-02-13,10.0000
2011-02-14,9.8000
2011-02-15,10.0000
2011-02-17,9.9000
2011-02-19,11.0000
2011-02-20,10.5000
2011-02-21,11.4000
2011-02-22,11.3000
2011-02-23,11.5000
2011-02-24,11.9000
2011-02-26,12.0000
2011-02-28,12.0000
2011-02-28,12.0000
2011-03-01,12.0000
2011-03-02,11.9000
2011-03-03,11.6000
2011-03-05,11.1000
2011-03-06,11.2000
2011-03-07,11.0000
2011-03-08,10.7000
2011-03-09,10.9000
2011-03-11,10.8000
2011-03-12,11.0000
2011-03-13,11.4000
2011-03-14,11.8000
2011-03-16,11.9000
2011-03-16,11.8000
2011-03-17,12.0000
2011-03-18,12.2000
2011-03-19,12.6000
2011-03-21,12.6000
2011-03-22,12.7000
2011-03-23,13.1000
2011-03-24,12.8000
2011-03-25,13.4000
2011-03-26,13.1000
2011-03-27,13.2000
2011-03-28,13.3000
2011-03-29,13.9000
2011-03-30,13.7000
2011-04-01,13.0000
2011-04-01,12.5000
2011-04-02,12.5000
2011-04-03,12.7000
2011-04-04,12.9000
2011-04-06,13.4000
2011-04-07,13.4000
2011-04-08,13.7000
2011-04-09,13.6000
2011-04-10,14.6000
2011-04-12,13.5000
2011-04-13,13.2000
2011-04-14,13.0000
2011-04-15,13.6000
2011-04-17,14.3000
2011-04-18,14.5000
2011-04-19,14.2000
2011-04-20,13.6000
2011-04-21,13.4000
2011-04-22,13.1000
2011-04-23,13.7000
2011-04-24,14.7000
2011-04-26,13.8000
2011-04-27,13.4000
2011-04-28,13.4000
2011-04-29,14.0000
2011-04-30,14.1000
2011-05-01,14.1000
2011-05-03,13.8000
2011-05-03,13.9000
2011-05-04,13.1000
2011-05-05,14.0000
2011-05-06,14.5000
2011-05-07,13.5000
2011-05-08,13.4000
2011-05-09,13.9000
2011-05-10,14.2000
2011-05-12,14.6000
2011-05-14,13.8000
2011-05-15,14.6000
2011-05-16,13.9000
2011-05-17,13.9000
2011-05-19,13.8000
2011-05-19,14.0000
2011-05-20,12.8000
2011-05-21,13.5000
2011-05-22,14.0000
2011-05-24,13.8000
2011-05-25,14.5000
2011-05-26,14.3000
2011-05-28,14.1000
2011-05-29,13.7000
2011-05-30,13.6000
2011-05-31,13.9000
2011-06-01,15.2000
2011-06-02,14.8000
2011-06-04,15.4000
2011-06-04,15.3000
2011-06-05,15.7000
2011-06-06,15.3000
2011-06-07,15.1000
2011-06-09,15.8000
2011-06-10,15.0000
2011-06-11,15.5000
2011-06-13,15.5000
2011-06-15,14.6000
2011-06-16,15.3000
2011-06-17,15.8000
2011-06-18,15.7000
2011-06-20,15.9000
2011-06-20,15.9000
2011-06-21,16.4000
2011-06-22,16.0000
2011-06-23,15.8000
2011-06-24,15.0000
2011-06-25,15.5000
2011-06-26,15.1000
2011-06-27,15.6000
2011-06-29,16.4000
2011-06-30,16.5000
2011-07-01,16.0000
2011-07-02,15.6000
2011-07-04,15.0000
2011-07-06,15.5000
2011-07-06,15.6000
2011-07-07,15.2000
2011-07-08,16.1000
2011-07-09,15.5000
2011-07-10,15.0000
2011-07-11,15.9000
2011-07-13,16.5000
2011-07-15,15.5000
2011-07-17,16.3000
2011-07-18,15.9000
2011-07-20,15.7000
2011-07-22,15.3000
2011-07-22,15.4000
2011-07-23,14.7000
2011-07-24,15.3000
2011-07-25,14.9000
2011-07-26,14.7000
2011-07-27,15.1000
2011-07-29,15.7000
2011-07-31,15.3000
2011-08-01,15.4000
2011-08-02,14.2000
2011-08-03,15.8000
2011-08-04,15.3000
2011-08-05,15.1000
2011-08-07,15.4000
2011-08-07,15.3000
2011-08-08,15.2000
2011-08-09,15.4000
2011-08-10,15.3000
2011-08-11,14.4000
2011-08-12,14.9000
2011-08-14,15.2000
2011-08-16,15.7000
2011-08-18,14.4000
2011-08-19,15.1000
2011-08-21,15.1000
2011-08-23,15.3000
2011-08-23,14.8000
2011-08-24,14.3000
2011-08-25,14.7000
2011-08-26,15.5000
2011-08-27,14.4000
2011-08-28,14.6000
2011-08-30,15.8000
2011-09-01,15.9000
2011-09-02,15.6000
2011-09-03,15.2000
2011-09-04,15.2000
2011-09-06,14.6000
2011-09-08,15.4000
2011-09-08,15.2000
2011-09-09,14.7000
2011-09-10,14.5000
2011-09-11,14.4000
2011-09-12,13.6000
2011-09-13,14.5000
2011-09-15,14.6000
2011-09-17,14.4000
2011-09-19,13.4000
2011-09-20,13.9000
2011-09-22,14.4000
2011-09-24,14.1000
2011-09-24,13.9000
2011-09-25,14.0000
2011-09-26,13.7000
2011-09-27,13.5000
2011-09-28,13.3000
2011-09-29,13.4000
2011-10-01,14.0000
2011-10-03,13.9000
2011-10-04,13.0000
2011-10-05,13.1000
2011-10-06,13.3000
2011-10-08,12.9000
2011-10-10,13.4000
2011-10-10,13.4000
2011-10-11,13.6000
2011-10-12,13.0000
2011-10-13,12.9000
2011-10-14,12.8000
2011-10-15,12.5000
2011-10-17,12.6000
2011-10-19,12.2000
2011-10-21,12.4000
2011-10-22,11.7000
2011-10-23,11.3000
2011-10-24,11.1000
2011-10-26,11.3000
2011-10-26,11.2000
2011-10-27,10.9000
2011-10-29,10.8000
2011-10-30,11.1000
2011-10-31,11.0000
2011-11-02,10.9000
2011-11-05,10.5000
2011-11-06,10.1000
2011-11-07,10.4000
2011-11-08,9.7000
2011-11-09,9.9000
2011-11-11,10.1000
2011-11-11,10.0000
2011-11-12,10.3000
2011-11-13,9.9000
2011-11-14,10.0000
2011-11-15,10.0000
2011-11-16,9.9000
2011-11-18,9.9000
2011-11-20,9.5000
2011-11-22,9.6000
2011-11-23,9.6000
2011-11-24,9.4000
2011-11-25,9.1000
2011-11-27,9.4000
2011-11-27,9.4000
2011-11-28,9.3000
2011-11-29,9.3000
2011-11-30,9.3000
2011-12-01,9.1000
2011-12-02,8.8000
2011-12-04,8.4000
2011-12-06,8.5000
2011-12-07,7.7000
2011-12-08,8.4000
2011-12-09,8.2000
2011-12-10,8.2000
2011-12-11,8.3000
2011-12-13,8.5000
2011-12-13,8.6000
2011-12-14,8.8000
2011-12-15,8.4000
2011-12-16,8.7000
2011-12-17,8.4000
2011-12-18,8.5000
2011-12-19,8.4000
2011-12-20,8.5000
2011-12-22,8.5000
2011-12-24,8.6000
2011-12-25,8.3000
2011-12-26,8.5000
2011-12-27,8.3000
2011-12-29,8.3000
2011-12-29,8.2000
2011-12-30,8.2000
2011-12-31,8.2000
2012-01-01,8.0000
2012-01-02,7.7000
2012-01-03,7.8000
2012-01-04,7.9000
2012-01-05,8.1000
2012-01-07,8.3000
2012-01-08,8.3000
2012-01-09,8.8000
2012-01-10,8.9000
2012-01-11,8.4000
2012-01-12,8.4000
2012-01-14,9.0000
2012-01-14,8.9000
2012-01-15,9.7000
2012-01-16,9.3000
2012-01-17,9.1000
2012-01-18,9.2000
2012-01-19,9.1000
2012-01-20,9.4000
2012-01-21,9.7000
2012-01-23,9.7000
2012-01-25,9.8000
2012-01-26,9.6000
2012-01-27,9.3000
2012-01-28,9.7000
2012-01-30,10.1000
2012-01-30,9.9000
2012-01-31,10.1000
2012-02-01,10.0000
2012-02-02,9.6000
2012-02-03,9.8000
2012-02-04,9.9000
2012-02-05,9.7000
2012-02-06,9.6000
2012-02-08,10.0000
2012-02-09,10.5000
2012-02-10,11.2000
2012-02-11,11.3000
2012-02-12,11.2000
2012-02-13,11.3000
2012-02-15,11.6000
2012-02-15,11.4000
2012-02-16,12.1000
2012-02-17,11.7000
2012-02-18,11.9000
2012-02-19,12.1000
2012-02-20,12.2000
2012-02-21,11.9000
2012-02-22,12.3000
2012-02-24,12.2000
2012-02-26,12.6000
2012-02-27,12.6000
2012-02-28,12.0000
2012-02-29,12.4000
2012-03-02,12.0000
2012-03-02,12.1000
2012-03-03,11.9000
2012-03-04,12.1000
2012-03-05,12.3000
2012-03-06,11.7000
2012-03-07,11.9000
2012-03-08,12.3000
2012-03-09,12.7000
2012-03-11,12.7000
2012-03-12,13.0000
2012-03-13,12.9000
2012-03-14,12.5000
2012-03-15,12.0000
2012-03-16,12.0000
2012-03-18,13.2000
2012-03-18,13.2000
2012-03-19,12.6000
2012-03-20,12.3000
2012-03-21,12.2000
2012-03-22,12.4000
2012-03-23,12.4000
2012-03-24,12.3000
2012-03-25,12.2000
2012-03-27,12.7000
2012-03-29,13.4000
2012-03-30,13.5000
2012-03-31,13.4000
2012-04-01,13.4000
2012-04-03,12.6000
2012-04-03,12.5000
2012-04-04,13.1000
2012-04-05,13.0000
2012-04-06,13.8000
2012-04-07,13.4000
2012-04-08,13.9000
2012-04-09,13.3000
2012-04-10,13.6000
2012-04-12,13.3000
2012-04-13,12.1000
2012-04-14,13.3000
2012-04-15,13.6000
2012-04-16,13.5000
2012-04-17,13.1000
2012-04-19,13.4000
2012-04-19,13.0000
2012-04-20,13.1000
2012-04-21,13.0000
2012-04-22,13.6000
2012-04-23,12.9000
2012-04-24,12.9000
2012-04-25,13.1000
2012-04-26,13.3000
2012-04-28,13.7000
2012-04-30,13.4000
2012-05-01,13.1000
2012-05-02,12.9000
2012-05-03,12.6000
2012-05-05,13.1000
2012-05-05,13.5000
2012-05-06,13.1000
2012-05-07,13.4000
2012-05-08,13.8000
2012-05-09,13.4000
2012-05-10,14.1000
2012-05-11,13.2000
2012-05-12,14.0000
2012-05-14,14.0000
2012-05-15,14.1000
2012-05-16,13.8000
2012-05-17,14.1000
2012-05-18,13.2000
2012-05-19,13.4000
2012-05-21,13.2000
2012-05-21,13.3000
2012-05-22,13.4000
2012-05-23,13.6000
2012-05-24,14.3000
2012-05-25,13.9000
2012-05-26,13.5000
2012-05-27,13.5000
2012-05-28,13.1000
2012-05-30,13.0000
2012-06-01,15.0000
2012-06-02,15.1000
2012-06-03,15.5000
2012-06-04,15.0000
2012-06-06,14.9000
2012-06-06,14.9000
2012-06-07,14.6000
2012-06-08,15.2000
2012-06-09,14.8000
2012-06-10,15.0000
2012-06-11,14.8000
2012-06-12,15.1000
2012-06-13,14.9000
2012-06-15,15.3000
2012-06-16,15.8000
2012-06-17,14.5000
2012-06-18,14.7000
2012-06-19,14.9000
2012-06-20,15.5000
2012-06-22,15.7000
2012-06-22,15.1000
2012-06-23,15.0000
2012-06-24,14.7000
2012-06-25,14.5000
2012-06-26,14.5000
2012-06-27,15.3000
2012-06-28,15.3000
2012-06-29,15.2000
2012-07-01,14.9000
2012-07-03,14.6000
2012-07-04,14.8000
2012-07-05,14.1000
2012-07-06,14.2000
2012-07-08,14.5000
2012-07-08,14.6000
2012-07-09,14.6000
2012-07-10,14.2000
2012-07-11,14.2000
2012-07-12,13.8000
2012-07-13,13.5000
2012-07-14,13.5000
2012-07-15,14.8000
2012-07-17,15.1000
2012-07-18,13.2000
2012-07-19,14.2000
2012-07-20,14.8000
2012-07-21,13.8000
2012-07-22,14.1000
2012-07-24,14.4000
2012-07-24,15.1000
2012-07-25,12.8000
2012-07-26,14.2000
2012-07-27,14.1000
2012-07-28,14.2000
2012-07-29,14.2000
2012-07-30,13.7000
2012-07-31,14.6000
2012-08-02,14.8000
2012-08-04,14.3000
2012-08-05,14.5000
2012-08-06,14.1000
2012-08-07,14.0000
2012-08-09,16.1000
2012-08-09,15.7000
2012-08-10,15.0000
2012-08-11,15.3000
2012-08-12,15.7000
2012-08-13,15.3000
2012-08-14,15.3000
2012-08-15,14.9000
2012-08-16,14.8000
2012-08-18,15.8000
2012-08-19,15.5000
2012-08-20,15.5000
2012-08-21,15.3000
2012-08-22,14.4000
2012-08-23,15.2000
2012-08-25,15.0000
2012-08-25,14.8000
2012-08-26,14.2000
2012-08-27,14.9000
2012-08-28,14.2000
2012-08-29,14.4000
2012-08-30,14.7000
2012-08-31,14.7000
2012-09-01,15.1000
2012-09-02,13.7000
2012-09-03,14.7000
2012-09-05,14.4000
2012-09-06,14.3000
2012-09-07,14.4000
2012-09-08,13.9000
2012-09-10,14.2000
2012-09-10,14.1000
2012-09-11,13.3000
2012-09-12,14.3000
2012-09-13,13.7000
2012-09-14,14.0000
2012-09-15,14.0000
2012-09-16,13.0000
2012-09-17,14.4000
2012-09-19,14.3000
2012-09-20,13.9000
2012-09-21,14.2000
2012-09-22,13.5000
2012-09-23,13.9000
2012-09-24,14.6000
2012-09-26,14.2000
2012-09-26,13.7000
2012-09-27,12.9000
2012-09-28,13.5000
2012-09-29,13.4000
2012-09-30,13.6000
2012-10-01,13.6000
2012-10-03,13.6000
2012-10-05,13.6000
2012-10-07,13.3000
2012-10-08,13.3000
2012-10-09,13.5000
2012-10-10,13.4000
2012-10-12,13.3000
2012-10-12,13.3000
2012-10-13,12.9000
2012-10-14,13.1000
2012-10-15,12.5000
2012-10-16,12.6000
2012-10-17,12.7000
2012-10-19,13.3000
2012-10-21,12.8000
2012-10-22,12.0000
2012-10-23,12.0000
2012-10-24,11.7000
2012-10-25,11.9000
2012-10-26,11.7000
2012-10-28,11.4000
2012-10-28,11.4000
2012-10-29,11.7000
2012-10-30,10.8000
2012-10-31,10.7000
2012-11-01,11.2000
2012-11-02,11.5000
2012-11-04,11.8000
2012-11-06,11.5000
2012-11-08,11.3000
2012-11-09,10.8000
2012-11-10,10.7000
2012-11-11,10.1000
2012-11-13,10.5000
2012-11-13,10.5000
2012-11-14,10.1000
2012-11-15,10.2000
2012-11-16,10.1000
2012-11-17,10.0000
2012-11-18,9.8000
2012-11-19,9.9000
2012-11-20,9.8000
2012-11-22,9.7000
2012-11-23,9.6000
2012-11-24,9.7000
2012-11-25,9.8000
2012-11-26,9.7000
2012-11-27,9.3000
2012-11-29,9.2000
2012-11-29,9.2000
2012-11-30,9.2000
2012-12-01,9.0000
2012-12-02,9.1000
2012-12-03,8.9000
2012-12-04,9.0000
2012-12-06,9.0000
2012-12-08,9.2000
2012-12-10,9.5000
2012-12-11,9.3000
2012-12-12,9.3000
2012-12-13,9.4000
2012-12-15,9.1000
2012-12-15,9.3000
2012-12-16,9.1000
2012-12-17,9.1000
2012-12-18,9.3000
2012-12-19,9.4000
2012-12-20,9.2000
2012-12-22,9.3000
2012-12-24,9.3000
2012-12-25,9.0000
2012-12-26,9.2000
2012-12-27,9.3000
2012-12-28,9.2000
2012-12-29,9.0000
2012-12-31,9.3000
2012-12-31,9.4000
2013-01-01,9.2000
2013-01-02,9.2000
2013-01-03,9.1000
2013-01-04,8.8000
2013-01-05,8.5000
2013-01-07,8.8000
2013-01-09,8.5000
2013-01-11,9.0000
2013-01-12,9.1000
2013-01-13,9.4000
2013-01-14,9.5000
2013-01-16,9.9000
2013-01-16,10.0000
2013-01-17,10.0000
2013-01-18,10.1000
2013-01-19,10.1000
2013-01-20,10.2000
2013-01-21,10.7000
2013-01-23,10.6000
2013-01-25,10.6000
2013-01-26,10.4000
2013-01-27,10.6000
2013-01-28,10.6000
2013-01-29,10.8000
2013-01-30,11.1000
2013-02-01,10.8000
2013-02-01,10.6000
2013-02-02,11.2000
2013-02-03,10.4000
2013-02-04,10.6000
2013-02-05,10.3000
2013-02-06,10.3000
2013-02-07,9.9000
2013-02-08,10.7000
2013-02-10,10.9000
2013-02-10,11.8000
2013-02-12,12.7000
2013-02-13,12.6000
2013-02-14,12.3000
2013-02-15,12.4000
2013-02-17,12.2000
2013-02-17,11.9000
2013-02-18,12.2000
2013-02-19,12.1000
2013-02-20,12.6000
2013-02-21,12.6000
2013-02-22,12.5000
2013-02-23,12.5000
2013-02-24,12.9000
2013-02-26,12.2000
2013-02-26,12.8000
2013-02-27,12.9000
2013-02-28,12.9000
2013-03-01,13.0000
2013-03-02,12.3000
2013-03-03,11.7000
2013-03-05,12.9000
2013-03-05,12.8000
2013-03-06,11.9000
2013-03-07,13.1000
2013-03-08,13.8000
2013-03-09,13.9000
2013-03-10,14.4000
2013-03-11,13.4000
2013-03-12,13.5000
2013-03-14,12.7000
2013-03-14,13.7000
2013-03-16,13.4000
2013-03-17,13.9000
2013-03-18,14.0000
2013-03-19,14.3000
2013-03-21,14.6000
2013-03-21,13.9000
2013-03-22,13.6000
2013-03-23,14.8000
2013-03-24,14.8000
2013-03-25,14.7000
2013-03-26,14.9000
2013-03-27,15.5000
2013-03-28,15.3000
2013-03-29,14.2000
2013-03-30,15.8000
2013-03-31,15.8000
2013-04-01,15.7000
2013-04-02,15.0000
2013-04-03,14.6000
2013-04-04,14.1000
2013-04-06,14.5000
2013-04-06,14.3000
2013-04-07,14.5000
2013-04-08,14.6000
2013-04-09,15.0000
2013-04-10,14.6000
2013-04-11,14.8000
2013-04-12,14.8000
2013-04-13,15.0000
2013-04-14,13.9000
2013-04-15,14.3000
2013-04-17,14.0000
2013-04-18,14.2000
2013-04-19,14.3000
2013-04-20,14.6000
2013-04-22,14.6000
2013-04-22,14.7000
2013-04-23,14.2000
2013-04-24,15.1000
2013-04-25,15.1000
2013-04-26,15.4000
2013-04-27,15.2000
2013-04-28,15.8000
2013-04-29,15.2000
2013-04-30,13.5000
2013-05-01,14.0000
2013-05-02,13.0000
2013-05-03,14.4000
2013-05-04,14.1000
2013-05-05,13.6000
2013-05-06,13.6000
2013-05-08,14.6000
2013-05-08,14.8000
2013-05-09,14.3000
2013-05-10,14.7000
2013-05-11,13.9000
2013-05-12,14.0000
2013-05-13,14.9000
2013-05-14,14.0000
2013-05-15,14.3000
2013-05-16,13.1000
2013-05-17,14.5000
2013-05-19,13.8000
2013-05-20,14.1000
2013-05-21,13.8000
2013-05-22,13.8000
2013-05-24,14.1000
2013-05-24,14.3000
2013-05-25,13.8000
2013-05-26,13.7000
2013-05-27,14.0000
2013-05-28,13.7000
2013-05-29,13.7000
2013-05-30,14.1000
2013-05-31,12.8000
2013-06-01,13.7000
2013-06-02,15.1000
2013-06-03,14.5000
2013-06-04,15.3000
2013-06-05,15.5000
2013-06-06,15.5000
2013-06-07,15.3000
2013-06-09,15.1000
2013-06-09,15.1000
2013-06-10,14.8000
2013-06-11,15.1000
2013-06-12,14.5000
2013-06-13,14.0000
2013-06-14,15.6000
2013-06-15,14.9000
2013-06-16,15.1000
2013-06-17,13.4000
2013-06-18,14.7000
2013-06-20,15.8000
2013-06-21,15.0000
2013-06-22,15.1000
2013-06-23,15.4000
2013-06-25,15.0000
2013-06-25,14.8000
2013-06-26,14.0000
2013-06-27,13.8000
2013-06-28,13.7000
2013-06-29,14.2000
2013-06-30,14.9000
2013-07-01,15.1000
2013-07-02,15.1000
2013-07-03,13.4000
2013-07-04,15.7000
2013-07-05,14.2000
2013-07-06,16.0000
2013-07-07,15.0000
2013-07-08,14.7000
2013-07-09,14.4000
2013-07-11,14.0000
2013-07-11,14.3000
2013-07-12,14.1000
2013-07-13,14.5000
2013-07-14,13.9000
2013-07-15,13.6000
2013-07-16,13.5000
2013-07-17,14.3000
2013-07-18,14.2000
2013-07-19,12.9000
2013-07-20,14.8000
2013-07-22,14.8000
2013-07-23,13.9000
2013-07-24,14.3000
2013-07-25,13.8000
2013-07-27,13.9000
2013-07-27,14.0000
2013-07-28,13.3000
2013-07-29,14.1000
2013-07-30,14.2000
2013-07-31,14.4000
2013-08-01,14.2000
2013-08-02,14.2000
2013-08-03,14.2000
2013-08-04,13.3000
2013-08-05,14.3000
2013-08-06,14.4000
2013-08-07,13.9000
2013-08-08,14.1000
2013-08-09,13.6000
2013-08-10,14.9000
2013-08-12,15.0000
2013-08-12,15.3000
2013-08-13,14.0000
2013-08-14,14.4000
2013-08-15,13.9000
2013-08-16,14.9000
2013-08-17,14.5000
2013-08-18,14.3000
2013-08-19,14.3000
2013-08-20,13.6000
2013-08-21,14.9000
2013-08-23,15.1000
2013-08-24,14.4000
2013-08-25,14.7000
2013-08-26,15.5000
2013-08-28,15.1000
2013-08-28,15.0000
2013-08-29,14.0000
2013-08-30,14.8000
2013-08-31,14.2000
2013-09-01,14.4000
2013-09-02,14.9000
2013-09-03,14.2000
2013-09-04,15.2000
2013-09-05,14.1000
2013-09-06,15.1000
2013-09-07,14.6000
2013-09-08,15.0000
2013-09-09,15.1000
2013-09-10,14.1000
2013-09-11,14.2000
2013-09-13,15.4000
2013-09-13,14.9000
2013-09-14,15.7000
2013-09-15,14.8000
2013-09-16,15.2000
2013-09-17,14.4000
2013-09-18,14.3000
2013-09-19,14.1000
2013-09-20,14.2000
2013-09-21,12.8000
2013-09-22,14.2000
2013-09-24,13.6000
2013-09-25,14.2000
2013-09-26,14.3000
2013-09-27,13.6000
2013-09-29,13.2000
2013-09-29,13.3000
2013-09-30,12.8000
2013-10-01,12.8000
2013-10-02,12.2000
2013-10-03,12.9000
2013-10-04,12.6000
2013-10-05,12.4000
2013-10-06,12.9000
2013-10-07,12.1000
2013-10-08,13.1000
2013-10-09,12.8000
2013-10-10,13.3000
2013-10-11,12.8000
2013-10-12,12.4000
2013-10-13,12.4000
2013-10-15,12.4000
2013-10-15,12.4000
2013-10-16,12.4000
2013-10-17,11.9000
2013-10-18,12.5000
2013-10-19,12.1000
2013-10-20,12.2000
2013-10-22,12.1000
2013-10-23,11.5000
2013-10-24,11.7000
2013-10-26,11.8000
2013-10-27,12.1000
2013-10-28,11.7000
2013-10-29,11.6000
2013-10-31,11.3000
2013-10-31,11.1000
2013-11-01,10.8000
2013-11-02,11.4000
2013-11-03,11.5000
2013-11-04,10.9000
2013-11-05,11.0000
2013-11-07,10.9000
2013-11-08,10.0000
2013-11-09,10.4000
2013-11-10,10.0000
2013-11-11,10.2000
2013-11-12,10.2000
2013-11-13,9.8000
2013-11-14,9.7000
2013-11-16,9.5000
2013-11-16,9.6000
2013-11-17,9.5000
2013-11-18,9.8000
2013-11-19,9.6000
2013-11-20,9.3000
2013-11-21,9.6000
2013-11-23,9.7000
2013-11-24,9.0000
2013-11-25,9.5000
2013-11-27,8.9000
2013-11-28,8.8000
2013-11-29,8.9000
2013-11-30,8.9000
2013-12-02,9.1000
2013-12-02,9.1000
2013-12-03,8.9000
2013-12-04,8.8000
2013-12-05,8.9000
2013-12-06,9.0000
2013-12-07,9.0000
2013-12-09,9.2000
2013-12-10,8.6000
2013-12-11,9.1000
2013-12-12,8.9000
2013-12-13,9.2000
2013-12-14,8.8000
2013-12-15,8.5545
2013-12-16,8.4338
2013-12-18,8.7247
2013-12-18,8.8461
2013-12-19,8.6277
2013-12-20,9.0405
2013-12-21,8.9186
2013-12-22,8.8216
2013-12-23,9.0155
2013-12-25,9.2094
2013-12-27,8.8216
2013-12-29,8.6277
2013-12-30,8.6277
2013-12-31,8.5545
2014-01-01,8.1957
2014-01-03,7.8232
2014-01-03,7.7968
2014-01-04,7.9163
2014-01-05,7.9847
2014-01-06,8.2889
2014-01-07,8.0095
2014-01-08,7.9163
2014-01-10,8.0095
2014-01-12,8.6614
2014-01-13,8.5683
2014-01-14,8.9408
2014-01-15,8.6614
2014-01-16,8.1726
2014-01-17,8.1957
2014-01-19,8.2889
2014-01-19,8.3605
2014-01-20,8.2889
2014-01-21,8.3605
2014-01-22,8.4751
2014-01-23,9.0339
2014-01-24,8.4751
2014-01-26,9.1271
2014-01-27,8.1299
2014-01-28,9.1271
2014-01-30,9.0339
2014-01-31,9.2202
2014-02-01,9.0016
2014-02-02,9.2259
2014-02-04,9.5027
2014-02-04,9.5527
2014-02-05,9.7794
2014-02-06,9.7364
2014-02-07,9.9640
2014-02-08,10.1480
2014-02-09,10.1480
2014-02-11,10.7020
2014-02-12,10.1780
2014-02-13,10.3330
2014-02-14,10.1480
2014-02-15,10.3330
2014-02-16,10.5180
2014-02-17,10.7940
2014-02-18,10.6100
2014-02-20,11.5320
2014-02-20,11.5730
2014-02-21,11.5320
2014-02-22,11.3900
2014-02-23,11.9940
2014-02-24,11.9010
2014-02-25,12.0860
2014-02-27,11.6250
2014-02-28,10.9180
2014-03-01,11.4760
2014-03-03,12.3730
2014-03-04,12.6420
2014-03-05,12.1040
2014-03-06,11.5660
2014-03-08,11.7450
2014-03-08,11.8410
2014-03-09,12.5520
2014-03-10,12.6550
2014-03-11,12.5520
2014-03-12,12.6420
2014-03-13,12.4630
2014-03-15,12.7320
2014-03-16,13.1730
2014-03-17,13.1800
2014-03-18,13.2700
2014-03-19,13.7180
2014-03-20,13.3780
2014-03-21,13.6490
2014-03-22,13.0900
2014-03-24,13.5390
2014-03-24,13.5590
2014-03-25,13.7180
2014-03-26,14.0110
2014-03-27,13.8970
2014-03-28,13.4490
2014-03-29,13.4490
2014-03-30,13.2870
2014-03-31,13.8080
2014-04-01,12.6210
2014-04-02,13.4120
2014-04-04,13.6740
2014-04-05,13.8120
2014-04-06,13.2380
2014-04-07,13.3250
2014-04-09,13.0640
2014-04-09,12.9430
2014-04-10,13.1510
2014-04-11,13.1170
2014-04-12,13.5000
2014-04-13,13.4120
2014-04-14,13.7610
2014-04-15,12.9430
2014-04-16,13.6740
2014-04-17,12.8840
2014-04-18,14.2830
2014-04-19,14.0220
2014-04-20,13.9350
2014-04-21,13.4120
2014-04-22,13.7610
2014-04-25,14.3700
2014-04-25,13.8990
2014-04-26,13.9350
2014-04-27,13.8990
2014-04-28,13.9350
2014-04-29,13.8480
2014-04-30,14.4580
2014-05-01,14.1800
2014-05-02,14.0000
2014-05-03,12.7960
2014-05-04,13.8300
2014-05-06,14.4240
2014-05-07,14.3390
2014-05-08,14.0850
2014-05-09,13.4910
2014-05-11,13.5760
2014-05-11,13.6650
2014-05-12,14.0000
2014-05-13,13.7510
2014-05-14,13.2360
2014-05-15,13.0670
2014-05-16,13.0670
2014-05-17,13.3210
2014-05-18,13.5760
2014-05-19,12.5420
2014-05-20,13.7450
2014-05-21,12.8970
2014-05-22,13.4910
2014-05-23,13.4910
2014-05-24,13.2360
2014-05-25,13.3210
2014-05-27,13.4060
2014-05-27,13.4070
2014-05-28,13.4060
2014-05-29,13.7510
2014-05-30,13.6600
2014-05-31,13.0670
2014-06-01,15.0330
2014-06-03,15.6110
2014-06-04,14.0950
2014-06-05,15.3220
2014-06-07,15.6110
2014-06-08,16.3820
2014-06-09,15.3220
2014-06-10,15.6110
2014-06-12,15.6110
2014-06-12,15.5820
2014-06-13,15.4180
2014-06-14,15.4860
2014-06-15,15.1290
2014-06-16,15.0330
2014-06-17,15.1290
2014-06-19,15.1290
2014-06-21,15.7070
2014-06-22,14.7430
2014-06-23,15.4180
2014-06-24,15.1290
2014-06-25,15.0330
2014-06-26,15.5140
2014-06-28,15.5140
2014-06-28,15.1010
2014-06-29,14.1650
2014-06-30,15.2930
2014-07-01,15.1450
2014-07-02,14.8570
2014-07-03,14.5700
2014-07-04,13.5720
2014-07-05,15.0490
2014-07-06,13.5780
2014-07-07,15.0490
2014-07-09,15.2410
2014-07-10,14.2820
2014-07-11,12.0770
2014-07-12,14.2820
2014-07-14,14.2820
2014-07-14,14.4470
2014-07-15,14.8570
2014-07-16,15.1220
2014-07-17,15.5280
2014-07-18,14.6650
2014-07-19,14.3780
2014-07-21,14.5700
2014-07-22,13.1960
2014-07-23,14.8570
2014-07-24,14.2820
2014-07-25,15.0490
2014-07-26,14.7360
2014-07-27,14.2820
2014-07-28,13.8030
2014-07-30,14.6650
2014-07-30,14.7360
2014-07-31,14.1860
2014-08-01,14.1970
2014-08-02,14.4040
2014-08-04,14.4040
2014-08-06,14.9840
2014-08-07,14.0870
2014-08-08,15.7570
2014-08-10,14.7910
2014-08-11,14.8870
2014-08-12,14.1140
2014-08-13,14.2110
2014-08-15,14.8870
2014-08-15,14.9700
2014-08-16,14.4040
2014-08-17,14.5840
2014-08-18,14.7910
2014-08-19,15.2740
2014-08-20,14.5010
2014-08-22,15.5640
2014-08-23,14.2800
2014-08-24,15.4670
2014-08-25,13.6310
2014-08-26,14.6940
2014-08-27,15.0810
2014-08-28,14.7910
2014-08-29,14.7910
2014-08-31,14.5970
2014-08-31,14.5840
2014-09-01,13.2320
2014-09-02,14.8660
2014-09-03,15.3570
2014-09-04,14.7780
2014-09-05,14.1980
2014-09-07,14.3910
2014-09-08,13.7230
2014-09-09,14.9710
2014-09-11,14.4880
2014-09-12,14.6810
2014-09-13,14.4880
2014-09-14,14.3910
2014-09-16,14.9710
2014-09-16,14.6730
2014-09-17,14.7780
2014-09-18,14.2860
2014-09-19,14.2950
2014-09-20,13.8120
2014-09-21,14.0050
2014-09-23,14.2950
2014-09-24,13.3370
2014-09-25,13.7150
2014-09-26,13.5220
2014-09-27,13.3290
2014-09-28,13.4250
2014-09-30,12.9430
2014-10-02,13.1990
2014-10-02,12.9320
2014-10-03,12.9080
2014-10-04,13.3210
2014-10-05,13.4900
2014-10-06,12.8350
2014-10-07,12.8110
2014-10-09,12.3260
2014-10-10,11.2200
2014-10-11,12.9080
2014-10-13,12.4230
2014-10-14,11.8400
2014-10-16,12.7140
2014-10-18,12.5200
2014-10-18,12.3490
2014-10-19,12.1310
2014-10-20,12.1540
2014-10-21,12.1310
2014-10-22,11.8620
2014-10-23,11.7430
2014-10-25,11.7430
2014-10-26,10.3490
2014-10-27,11.0640
2014-10-28,10.6760
2014-10-29,10.9670
2014-10-30,11.2790
2014-11-01,10.7920
2014-11-03,11.2780
2014-11-03,11.1940
2014-11-04,11.4730
2014-11-05,10.9020
2014-11-06,10.7920
2014-11-07,10.5120
2014-11-08,10.5010
2014-11-10,10.1120
2014-11-12,10.1120
2014-11-14,9.7228
2014-11-15,9.7228
2014-11-17,9.6256
2014-11-19,9.5284
2014-11-19,9.4416
2014-11-20,9.6256
2014-11-21,9.4416
2014-11-22,9.9173
2014-11-23,9.5389
2014-11-24,10.0150
2014-11-26,9.6256
2014-11-27,8.9907
2014-11-28,9.6256
2014-11-29,9.4312
2014-11-30,9.1395
2014-12-01,8.7247
2014-12-02,8.6517
2014-12-03,8.7247
2014-12-05,8.7247
2014-12-05,8.7489
2014-12-06,8.8216
2014-12-07,8.6517
2014-12-08,8.7247
2014-12-09,8.7489
2014-12-10,8.9186
2014-12-12,9.2094
2014-12-13,8.5584
2014-12-14,8.8216
2014-12-16,8.6277
2014-12-17,8.6277
2014-12-19,8.5308
2014-12-21,8.4338
2014-12-21,8.4573
2014-12-22,8.5308
2014-12-23,8.2629
2014-12-24,8.6277
2014-12-25,8.3601
2014-12-26,8.5308
2014-12-28,8.3369
2014-12-30,8.4338
2014-12-31,8.1430
2015-01-01,7.7301
2015-01-02,8.1726
2015-01-03,7.8232
2015-01-04,8.4751
2015-01-06,8.7545
2015-01-06,8.9241
2015-01-07,8.7545
2015-01-08,8.6423
2015-01-09,8.4751
2015-01-10,8.3605
2015-01-11,8.3820
2015-01-13,9.2202
2015-01-15,9.0339
2015-01-17,8.8477
2015-01-18,8.6423
2015-01-20,9.1271
2015-01-22,9.1271
2015-01-22,9.2998
2015-01-23,9.6859
2015-01-24,9.2998
2015-01-25,9.6859
2015-01-26,9.6756
2015-01-27,9.4065
2015-01-29,9.3133
2015-01-30,8.9614
2015-01-31,9.6859
2015-02-01,9.8717
2015-02-02,10.0560
2015-02-03,10.2410
2015-02-05,10.0560
2015-02-07,8.7646
2015-02-07,8.6341
2015-02-08,9.3181
2015-02-09,9.1853
2015-02-10,9.5027
2015-02-11,9.3181
2015-02-12,9.9640
2015-02-16,11.3480
2015-02-18,11.5320
2015-02-19,10.8390
2015-02-21,11.3480
2015-02-23,11.5320
2015-02-23,11.2060
2015-02-24,11.2560
2015-02-25,11.1140
2015-02-26,11.4400
2015-02-27,11.7170
2015-02-28,11.4400
2015-03-02,11.2070
2015-03-04,11.3870
2015-03-05,11.3870
2015-03-06,11.8350
2015-03-07,11.2990
2015-03-09,11.6560
2015-03-11,11.1180
2015-03-11,11.2990
2015-03-12,10.5800
2015-03-13,11.6600
2015-03-14,11.7450
2015-03-15,12.2930
2015-03-16,12.6420
2015-03-18,12.9110
2015-03-20,13.1800
2015-03-22,13.1800
2015-03-23,14.0110
2015-03-24,13.5390
2015-03-25,13.2700
2015-03-27,13.2700
2015-03-27,13.1070
2015-03-28,12.5520
2015-03-29,12.6550
2015-03-30,12.7320
2015-03-31,12.8210
2015-04-01,12.8030
2015-04-03,12.8030
2015-04-05,12.4540
2015-04-06,12.2800
2015-04-07,13.1510
2015-04-08,13.1510
2015-04-09,12.7160
2015-04-10,12.9770
2015-04-12,13.5870
2015-04-12,13.8120
2015-04-13,12.8900
2015-04-14,13.4650
2015-04-15,13.8480
2015-04-16,14.2830
2015-04-17,14.4580
2015-04-19,14.1960
2015-04-20,13.4970
2015-04-21,13.9350
2015-04-23,14.6320
2015-04-24,13.7610
2015-04-25,14.1960
2015-04-26,14.0220
2015-04-28,14.0220
2015-04-28,14.1600
2015-04-29,14.0220
2015-04-30,13.4650
2015-05-01,13.6600
2015-05-02,13.4910
2015-05-03,13.4060
2015-05-04,12.2730
2015-05-05,14.0850
2015-05-07,14.3390
2015-05-08,14.2540
2015-05-09,13.8300
2015-05-10,14.2540
2015-05-11,13.7510
2015-05-12,14.0000
2015-05-14,13.4060
2015-05-14,13.4930
2015-05-15,13.4060
2015-05-16,13.3210
2015-05-17,13.4910
2015-05-18,13.4060
2015-05-19,13.4060
2015-05-20,12.2730
2015-05-21,13.4060
2015-05-22,12.3730
2015-05-23,13.7450
2015-05-25,13.9150
2015-05-26,12.9820
2015-05-27,13.0630
2015-05-28,13.0670
2015-05-30,13.0670
2015-05-30,13.4070
2015-05-31,12.8120
2015-06-01,14.5240
2015-06-02,14.8400
2015-06-03,14.9360
2015-06-04,15.1290
2015-06-06,15.9000
2015-06-07,13.7110
2015-06-08,14.8400
2015-06-09,14.8400
2015-06-10,15.3220
2015-06-11,15.0330
2015-06-13,15.0330
2015-06-15,14.7430
2015-06-15,14.7160
2015-06-16,14.5510
2015-06-17,14.4280
2015-06-18,14.5510
2015-06-19,14.6470
2015-06-20,14.3580
2015-06-22,14.5510
2015-06-23,13.4230
2015-06-24,14.1650
2015-06-26,14.9360
2015-06-27,14.3580
2015-06-28,15.0050
2015-06-29,14.8400
2015-07-01,14.6650
2015-07-01,14.6400
2015-07-02,14.2820
2015-07-03,14.0620
2015-07-04,14.2820
2015-07-05,13.5150
2015-07-06,14.2820
2015-07-08,14.2820
2015-07-09,12.5270
2015-07-10,14.6650
2015-07-11,14.9530
2015-07-12,15.2410
2015-07-13,14.2820
2015-07-14,13.9660
2015-07-15,13.7070
2015-07-17,13.7070
2015-07-17,13.9660
2015-07-18,15.1450
2015-07-19,14.2550
2015-07-20,13.8990
2015-07-21,14.2820
2015-07-22,14.7610
2015-07-24,14.9530
2015-07-25,13.8650
2015-07-26,14.5700
2015-07-28,14.1860
2015-07-29,14.5700
2015-07-31,14.2820
2015-08-02,14.2110
2015-08-02,14.1970
2015-08-04,14.3910
2015-08-05,14.0170
2015-08-06,13.6310
2015-08-07,14.5010
2015-08-09,14.6940
2015-08-10,13.2190
2015-08-11,14.6940
2015-08-12,13.9210
2015-08-13,15.0810
2015-08-14,14.6940
2015-08-15,14.7770
2015-08-16,14.6940
2015-08-18,14.7910
2015-08-18,14.8740
2015-08-19,14.2110
2015-08-20,14.4870
2015-08-21,14.5010
2015-08-22,14.6800
2015-08-23,14.4040
2015-08-25,14.8870
2015-08-26,13.2190
2015-08-27,14.6940
2015-08-29,14.4040
2015-08-30,14.4870
2015-08-31,13.7270
2015-09-01,14.1980
2015-09-03,14.4880
2015-09-03,14.5760
2015-09-04,13.8120
2015-09-05,14.3830
2015-09-06,14.2950
2015-09-07,14.5850
2015-09-08,13.9080
2015-09-10,14.4880
2015-09-11,13.1440
2015-09-12,14.6810
2015-09-13,13.7150
2015-09-14,14.3910
2015-09-15,14.1020
2015-09-16,14.5760
2015-09-17,14.1980
2015-09-19,14.1020
2015-09-19,14.1900
2015-09-20,12.8460
2015-09-21,13.4180
2015-09-22,13.6190
2015-09-23,14.0050
2015-09-24,13.8120
2015-09-26,14.1980
2015-09-27,12.5640
2015-09-28,14.1020
2015-09-30,14.0050
2015-10-01,12.6400
2015-10-02,13.7810
2015-10-03,13.1990
2015-10-05,13.4900
2015-10-05,13.6130
2015-10-06,13.1020
2015-10-07,12.6400
2015-10-08,12.5200
2015-10-09,12.3260
2015-10-10,12.5200
2015-10-12,12.6170
2015-10-14,12.8110
2015-10-15,12.5200
2015-10-16,12.4230
2015-10-17,12.5200
2015-10-19,12.0340
2015-10-21,12.2290
2015-10-21,12.1540
2015-10-22,12.5200
2015-10-23,12.3490
2015-10-24,12.4230
2015-10-25,11.9600
2015-10-26,12.1310
2015-10-28,11.9370
2015-10-30,11.6460
2015-11-01,11.1810
2015-11-02,11.2780
2015-11-04,11.0840
2015-11-06,10.7920
2015-11-06,10.9020
2015-11-07,10.8900
2015-11-08,10.7070
2015-11-09,10.3060
2015-11-10,9.9282
2015-11-11,9.9173
2015-11-13,10.4030
2015-11-15,10.5980
2015-11-16,10.2090
2015-11-17,10.4030
2015-11-18,10.2090
2015-11-20,9.2367
2015-11-23,9.0422
2015-11-24,8.8575
2015-11-25,9.1395
2015-11-26,8.9549
2015-11-27,9.0422
2015-11-29,8.9450
2015-12-01,9.0155
2015-12-03,8.9186
2015-12-04,8.4338
2015-12-06,8.7247
2015-12-08,9.0155
2015-12-08,9.0405
2015-12-09,8.9186
2015-12-10,8.3601
2015-12-11,8.4338
2015-12-12,8.5545
2015-12-13,8.9186
2015-12-15,8.7247
2015-12-17,8.9186
2015-12-18,9.1124
2015-12-19,8.8216
2015-12-20,8.6517
2015-12-21,8.0684
2015-12-22,8.8216
2015-12-24,8.0461
2015-12-24,8.0684
2015-12-25,8.3369
2015-12-26,8.3601
2015-12-27,9.1124
2015-12-28,9.0405
2015-12-29,8.8216
2015-12-31,8.3369
2016-01-02,8.1957
2016-01-04,8.6614
2016-01-05,8.5483
2016-01-07,8.5683
2016-01-09,9.3133
2016-01-09,9.3938
2016-01-10,8.9408
2016-01-11,8.7362
2016-01-12,9.1271
2016-01-13,9.3938
2016-01-14,9.0339
2016-01-16,9.2202
2016-01-18,8.7545
2016-01-19,9.2202
2016-01-20,9.5927
2016-01-21,8.8477
2016-01-23,8.8477
2016-01-25,9.9653
2016-01-25,10.0510
2016-01-26,9.6859
2016-01-27,9.9574
2016-01-28,10.5240
2016-01-29,10.3330
2016-01-30,10.6170
2016-02-01,11.0710
2016-02-03,11.1630
2016-02-05,11.3480
2016-02-06,11.1630
2016-02-08,10.6100
2016-02-10,10.3330
2016-02-10,10.1960
2016-02-11,10.1480
2016-02-12,10.0120
2016-02-13,10.3330
2016-02-14,10.5630
2016-02-15,10.3330
2016-02-17,10.5180
2016-02-19,11.7170
2016-02-20,11.1630
2016-02-21,11.1630
2016-02-22,11.2560
2016-02-24,11.6250
2016-02-26,12.6390
2016-02-26,12.3080
2016-02-27,12.4550
2016-02-28,11.9410
2016-02-29,11.9010
2016-03-02,12.9110
2016-03-04,12.9110
2016-03-06,12.3730
2016-03-08,12.2030
2016-03-09,13.1070
2016-03-11,11.9250
2016-03-13,13.3590
2016-03-13,13.4680
2016-03-14,13.5390
2016-03-15,13.7390
2016-03-16,13.8080
2016-03-17,13.3780
2016-03-18,13.6280
2016-03-20,13.8080
2016-03-21,13.3560
2016-03-22,13.8080
2016-03-23,14.1660
2016-03-24,14.3450
2016-03-25,14.2560
2016-03-27,14.6140
2016-03-29,14.8830
2016-03-29,15.1860
2016-03-30,15.6010
2016-03-31,15.6380
2016-04-01,15.4160
2016-04-02,15.5030
2016-04-03,16.0250
2016-04-05,14.8930
2016-04-06,14.2860
2016-04-07,14.6320
2016-04-09,15.0670
2016-04-10,14.8060
2016-04-11,14.6320
2016-04-12,15.2410
2016-04-14,15.2410
2016-04-14,14.6810
2016-04-15,15.0670
2016-04-16,14.5940
2016-04-17,14.3700
2016-04-18,13.7610
2016-04-19,13.7610
2016-04-21,14.1090
2016-04-22,14.2200
2016-04-23,14.6320
2016-04-24,13.7610
2016-04-25,14.8060
2016-04-26,15.1150
2016-04-27,15.2410
2016-04-28,15.5030
2016-04-30,15.0670
2016-04-30,14.8540
2016-05-01,14.7640
2016-05-02,14.7820
2016-05-03,14.5940
2016-05-04,14.0000
2016-05-05,14.4240
2016-05-07,14.2540
2016-05-08,14.6380
2016-05-09,14.3390
2016-05-11,14.5940
2016-05-12,14.7820
2016-05-13,13.8300
2016-05-14,13.6600
2016-05-16,14.5940
2016-05-16,14.4380
2016-05-17,13.6600
2016-05-18,15.1260
2016-05-19,14.8480
2016-05-20,14.1700
2016-05-21,14.0000
2016-05-23,14.3390
2016-05-24,14.3390
2016-05-25,14.5090
2016-05-26,14.1700
2016-05-27,14.4240
2016-05-28,13.9220
2016-06-14,14.8400
2016-06-15,15.1290
2016-06-17,15.2250
2016-06-17,15.1010
2016-06-18,14.3580
2016-06-19,14.4280
2016-06-20,16.0930
2016-06-21,15.3220
2016-06-22,14.4540
2016-06-24,15.7070
2016-06-25,15.3220
2016-06-26,15.4180
2016-06-27,15.1290
2016-06-28,14.7430
2016-06-29,14.1390
2016-06-30,14.0690
2016-07-01,14.9530
2016-07-03,15.5280
2016-07-03,15.5070
2016-07-04,14.1860
2016-07-05,14.9290
2016-07-06,14.4740
2016-07-07,14.6650
2016-07-08,14.4740
2016-07-10,15.5280
2016-07-11,15.6240
2016-07-12,15.7200
2016-07-14,15.4320
2016-07-15,15.3140
2016-07-16,14.3780
2016-07-17,14.7610
2016-07-19,14.7610
2016-07-19,14.7360
2016-07-20,14.1860
2016-07-21,15.4110
2016-07-22,15.4320
2016-07-23,14.4740
2016-07-24,14.8570
2016-07-26,14.9530
2016-07-27,15.4320
2016-07-28,15.7200
2016-07-29,14.7610
2016-07-30,15.5280
2016-07-31,14.8330
2016-08-01,14.2110
2016-08-02,14.6940
2016-08-04,15.2740
2016-08-04,15.1630
2016-08-05,15.1770
2016-08-06,16.3220
2016-08-07,15.2740
2016-08-08,14.6940
2016-08-09,15.2740
2016-08-11,15.1770
2016-08-12,14.8940
2016-08-13,15.5640
2016-08-15,14.8870
2016-08-16,15.7430
2016-08-17,15.2740
2016-08-18,14.8870
2016-08-20,14.5970
2016-08-20,14.6800
2016-08-21,14.5970
2016-08-22,15.1630
2016-08-23,14.8870
2016-08-24,14.4040
2016-08-25,14.5010
2016-08-27,14.9840
2016-08-28,14.1140
2016-08-29,14.9840
2016-08-30,14.3070
2016-08-31,13.4110
2016-09-01,14.6730
2016-09-02,14.2950
2016-09-03,15.0670
2016-09-05,15.1640
2016-09-05,14.6730
2016-09-06,14.0050
2016-09-07,14.9710
2016-09-08,15.1640
2016-09-09,14.0050
2016-09-10,13.5220
2016-09-12,14.2860
2016-09-13,14.1020
2016-09-14,14.1020
2016-09-16,15.0670
2016-09-17,14.8660
2016-09-18,14.1020
2016-09-19,14.2950
2016-09-21,14.1020
2016-09-21,14.3830
2016-09-22,14.5850
2016-09-23,14.1900
2016-09-24,13.7150
2016-09-25,13.3290
2016-09-26,13.9080
2016-09-28,14.2950
2016-09-29,14.0050
2016-09-30,13.9080
2016-10-01,13.7810
2016-10-02,13.8780
2016-10-03,13.4180
2016-10-04,12.5200
2016-10-05,13.0050
2016-10-07,13.0050
2016-10-07,13.3210
2016-10-08,13.2960
2016-10-09,13.7100
2016-10-10,12.3260
2016-10-11,12.4230
2016-10-12,12.6170
2016-10-14,12.8110
2016-10-15,11.9370
2016-10-16,12.5200
2016-10-18,12.4230
2016-10-19,11.4740
2016-10-20,11.2580
2016-10-21,11.8400
2016-10-23,12.5200
2016-10-23,12.3490
2016-10-24,11.9370
2016-10-25,11.7650
2016-10-26,11.1610
2016-10-27,10.4820
2016-10-28,10.6760
2016-10-30,10.9670
2016-10-31,11.0640
2016-11-01,11.4730
2016-11-02,11.1810
2016-11-03,11.2780
2016-11-04,10.9990
2016-11-05,10.5010
2016-11-06,11.0840
2016-11-08,10.5980
2016-11-08,10.6100
2016-11-09,10.7920
2016-11-10,10.6100
2016-11-11,11.0840
2016-11-12,10.5980
2016-11-13,10.5010
2016-11-14,8.9450
2016-11-15,10.1120
2016-11-16,8.4589
2016-11-17,9.9173
2016-11-19,9.6256
2016-11-20,9.4416
2016-11-22,9.4312
2016-11-24,9.1395
2016-11-24,9.1495
2016-11-25,9.1395
2016-11-26,9.4416
2016-11-27,9.3339
2016-11-28,9.2469
2016-11-29,9.2367
2016-12-01,9.3063
2016-12-02,9.0392
2016-12-03,9.5971
2016-12-04,9.7910
2016-12-05,9.6941
2016-12-06,9.3063
2016-12-07,8.6517
2016-12-08,9.1124
2016-12-10,8.9186
2016-12-10,8.8461
2016-12-11,8.6277
2016-12-12,8.6517
2016-12-13,9.2094
2016-12-14,9.3322
2016-12-15,9.4033
2016-12-17,9.0155
2016-12-19,9.0155
2016-12-21,9.1124
2016-12-22,8.8461
2016-12-24,8.4338
2016-12-26,8.5308
2016-12-26,8.5545
2016-12-27,8.7247
2016-12-28,8.7489
2016-12-29,8.7247
2016-12-30,8.5545
2016-12-31,8.6277
2017-01-02,8.7545
2017-01-03,11.1760
2017-01-04,8.5683
2017-01-05,8.2889
2017-01-06,7.7301
2017-01-07,7.8232
2017-01-08,7.4507
2017-01-09,8.2889
2017-01-11,8.5683
2017-01-11,8.7362
2017-01-12,8.8477
2017-01-13,9.2998
2017-01-14,9.4996
2017-01-16,9.1271
2017-01-18,9.2202
2017-01-20,9.3133
2017-01-22,9.4065
2017-01-23,9.2998
2017-01-25,9.2202
2017-01-27,9.4996
2017-01-27,9.5817
2017-01-28,9.8721
2017-01-29,10.1450
2017-01-30,10.0580
2017-01-31,10.0510
2017-02-01,9.8717
2017-02-03,10.1480
2017-02-05,10.0560
2017-02-06,10.6100
2017-02-07,10.1960
2017-02-08,10.2870
2017-02-10,10.3330
2017-02-12,10.6100
2017-02-12,10.6550
2017-02-13,10.8870
2017-02-14,11.0220
2017-02-15,11.4400
2017-02-17,10.4250
2017-02-19,11.4400
2017-02-21,11.3480
2017-02-23,10.4710
2017-02-24,11.3480
2017-02-26,11.9010
2017-02-28,12.7320
2017-02-28,12.6760
2017-03-01,12.9110
2017-03-02,12.8360
2017-03-03,12.9110
2017-03-05,13.2700
2017-03-07,12.9110
2017-03-09,12.4630
2017-03-10,12.6420
2017-03-11,11.7100
2017-03-17,12.1040
2017-03-18,13.1070
2017-03-19,13.0010
2017-03-21,12.7320
2017-03-23,13.1800
2017-03-25,13.0010
2017-03-27,12.9260
2017-03-28,13.5390
2017-03-29,13.6280
2017-04-01,13.2380
2017-04-02,13.4120
2017-04-03,13.3780
2017-04-04,13.4120
2017-04-05,13.5000
2017-04-06,14.1960
2017-04-08,13.5000
2017-04-09,13.9580
2017-04-10,13.5870
2017-04-11,12.8030
2017-04-12,13.2380
2017-04-13,13.6740
2017-04-14,13.7610
2017-04-15,13.7610
2017-04-17,13.5000
2017-04-17,12.8570
2017-04-18,12.1060
2017-04-19,12.8570
2017-04-20,12.9770
2017-04-21,12.3670
2017-04-22,13.0640
2017-04-24,13.8480
2017-04-25,14.5690
2017-04-26,13.9350
2017-04-28,15.2410
2017-04-29,14.5070
2017-04-30,14.1090
2017-05-01,14.0850
2017-05-03,14.1700
2017-05-03,14.3520
2017-05-04,12.4730
2017-05-05,13.4930
2017-05-06,13.9150
2017-05-07,13.2360
2017-05-08,13.8300
2017-05-10,13.2360
2017-05-11,13.8760
2017-05-12,13.7450
2017-05-13,13.3210
2017-05-14,13.2360
2017-05-15,13.5760
2017-05-16,13.4910
2017-05-17,13.7450
2017-05-19,13.6600
2017-05-19,14.0940
2017-05-20,13.4910
2017-05-21,13.8370
2017-05-22,13.4910
2017-05-23,13.4060
2017-05-24,13.4910
2017-05-26,13.3210
2017-05-27,12.9820
2017-05-28,13.6600
2017-05-30,13.9150
2017-05-31,14.1700
2017-06-01,16.0930
2017-06-02,15.8030
2017-06-04,15.9000
2017-06-04,15.8700
2017-06-05,15.4180
2017-06-06,16.0630
2017-06-07,15.7070
2017-06-08,15.9670
2017-06-09,15.9960
2017-06-11,15.4180
2017-06-12,14.1900
2017-06-13,15.9960
2017-06-14,14.8400
2017-06-15,15.2250
2017-06-16,15.1010
2017-06-18,14.6470
2017-06-20,15.1290
2017-06-20,14.7160
2017-06-21,15.1290
2017-06-22,15.7740
2017-06-23,15.4180
2017-06-24,14.9090
2017-06-25,15.5140
2017-06-27,15.2250
2017-06-28,13.9990
2017-06-29,15.6110
2017-07-01,15.2410
2017-07-02,15.1220
2017-07-04,14.1860
2017-07-06,14.6650
2017-07-06,14.8330
2017-07-07,13.9940
2017-07-08,15.5070
2017-07-09,14.9530
2017-07-10,14.7610
2017-07-11,14.9530
2017-07-13,15.0490
2017-07-14,14.3780
2017-07-15,14.5700
2017-07-16,13.5150
2017-07-17,14.1860
2017-07-18,14.9290
2017-07-19,14.5700
2017-07-20,15.1450
2017-07-22,14.8570
2017-07-22,15.0250
2017-07-23,14.2820
2017-07-24,15.6030
2017-07-25,14.7610
2017-07-26,14.8570
2017-07-27,15.4320
2017-07-29,14.5700
2017-07-30,14.2820
2017-07-31,14.9530
2017-08-02,14.8870
2017-08-03,14.1010
2017-08-04,14.5970
2017-08-05,14.9840
2017-08-07,15.0810
2017-08-07,15.1630
2017-08-08,15.3710
2017-08-09,16.5150
2017-08-10,16.3370
2017-08-11,14.6940
2017-08-12,15.2740
2017-08-14,14.9840
2017-08-15,14.7910
2017-08-16,15.1770
2017-08-17,14.9840
2017-08-18,15.6610
2017-08-19,15.1630
2017-08-20,14.8870
2017-08-21,15.1770
2017-08-23,14.5970
2017-08-23,14.9700
2017-08-24,14.6940
2017-08-25,15.2600
2017-08-26,15.3710
2017-08-27,15.0810
2017-08-28,15.5640
2017-08-30,14.9840
2017-08-31,15.9510
2017-09-01,15.9370
2017-09-03,15.7440
2017-09-04,15.0590
2017-09-05,14.9710
2017-09-06,15.5500
2017-09-08,14.8740
2017-09-08,15.5410
2017-09-09,14.6810
2017-09-10,14.7690
2017-09-11,14.7780
2017-09-12,14.4880
2017-09-13,14.8740
2017-09-15,14.7780
2017-09-16,14.6810
2017-09-17,14.9710
2017-09-18,14.7780
2017-09-19,14.0050
2017-09-20,14.9620
2017-09-21,14.0050
2017-09-22,14.1020
2017-09-24,14.0050
2017-09-24,14.0930
2017-09-25,13.5220
2017-09-26,13.8040
2017-09-27,14.2950
2017-09-28,14.1980
2017-09-29,14.7780
2017-10-01,13.9750
2017-10-02,13.6840
2017-10-03,13.4900
2017-10-05,13.3930
2017-10-06,12.7380
2017-10-07,12.6400
2017-10-08,13.1990
2017-10-10,12.0570
2017-10-10,12.4460
2017-10-11,12.1310
2017-10-12,12.3490
2017-10-13,12.2290
2017-10-14,11.6460
2017-10-15,11.9370
2017-10-17,12.2290
2017-10-18,11.4130
2017-10-19,12.2290
2017-10-20,11.5490
2017-10-21,11.7430
2017-10-22,11.7650
2017-10-24,11.4520
2017-10-26,11.1610
2017-10-26,11.0850
2017-10-27,10.8700
2017-10-28,10.7930
2017-10-29,11.1610
2017-10-30,10.8900
2017-10-31,11.3550
2017-11-02,10.7920
2017-11-03,10.0540
2017-11-04,10.8900
2017-11-06,10.5980
2017-11-07,10.4030
2017-11-09,10.2090
2017-11-11,10.6950
2017-11-11,10.8040
2017-11-12,10.4030
2017-11-13,10.2200
2017-11-14,10.2090
2017-11-15,9.6362
2017-11-16,9.4312
2017-11-18,9.6256
2017-11-19,9.2807
2017-11-20,9.8201
2017-11-21,9.2367
2017-11-22,8.9450
2017-11-23,8.4589
2017-11-25,8.7506
2017-11-27,8.8478
2017-11-27,8.9549
2017-11-28,9.1395
2017-11-29,9.2469
2017-11-30,9.4312
2017-12-01,8.7489
2017-12-02,8.6277
2017-12-04,8.4338
2017-12-05,8.1738
2017-12-06,8.6277
2017-12-08,8.7247
2017-12-09,8.6277
2017-12-11,8.6277
2017-12-13,8.3369
2017-12-13,8.3601
2017-12-14,8.4338
2017-12-15,8.3601
2017-12-16,8.4338
2017-12-17,8.2629
2017-12-18,8.0461
2017-12-20,8.3369
2017-12-21,7.5968
2017-12-22,8.1430
2017-12-23,8.0461
2017-12-24,8.4338
2017-12-25,8.0461
2017-12-27,8.2400
2017-12-29,8.1430
2017-12-29,8.0684
2017-12-30,7.9491
2017-12-31,7.9712
2018-01-01,7.5438
2018-01-02,8.1726
2018-01-03,8.1026
2018-01-05,8.2889
2018-01-06,7.5756
2018-01-07,8.1026
2018-01-09,8.2889
2018-01-10,7.9163
2018-01-12,7.7301
2018-01-14,8.1026
2018-01-14,8.1726
2018-01-15,7.9163
2018-01-16,7.9847
2018-01-17,8.5683
2018-01-18,8.5483
2018-01-19,8.9408
2018-01-21,9.2202
2018-01-22,8.5919
2018-01-23,9.0339
2018-01-24,9.1271
2018-01-25,9.2202
2018-01-26,9.4996
2018-01-28,9.4065
2018-01-30,9.7790
2018-01-30,9.8635
2018-01-31,10.0580
2018-02-01,9.8282
2018-02-02,9.5949
2018-02-03,9.7364
2018-02-04,9.5949
2018-02-06,9.8717
2018-02-07,10.1780
2018-02-08,10.7940
2018-02-10,11.2560
2018-02-11,10.8870
2018-02-13,11.0710
2018-02-15,10.9790
2018-02-15,10.9300
2018-02-16,11.1630
2018-02-17,10.6550
2018-02-18,11.0710
2018-02-20,11.9940
2018-02-22,11.4400
2018-02-24,11.6250
2018-02-25,11.2560
2018-02-26,11.2960
2018-02-27,11.7170
2018-03-01,11.2970
2018-03-03,11.2970
2018-03-03,11.3890
2018-03-04,11.6560
2018-03-05,11.9320
2018-03-06,11.6560
2018-03-07,11.4800
2018-03-08,12.0140
2018-03-10,12.6420
2018-03-12,12.5520
2018-03-14,11.2630
2018-03-15,13.1970
2018-03-17,12.8210
2018-03-19,13.0010
2018-03-19,12.8360
2018-03-20,12.5520
2018-03-21,13.0160
2018-03-22,12.6420
2018-03-24,12.9110
2018-03-26,12.8210
2018-03-28,12.5520
2018-03-29,13.1800
2018-03-30,12.0680
2018-03-31,13.7390
2018-04-02,12.9770
2018-04-04,13.4120
2018-04-04,13.6380
2018-04-05,12.8900
2018-04-06,13.2910
2018-04-07,12.2800
2018-04-09,12.9770
2018-04-11,13.4120
2018-04-12,13.6740
2018-04-13,13.6740
2018-04-15,13.6740
2018-04-16,13.4650
2018-04-17,13.5510
2018-04-18,13.5000
2018-04-20,13.1510
2018-04-20,13.2910
2018-04-21,13.3250
2018-04-22,13.6380
2018-04-23,14.2830
2018-04-24,13.9350
2018-04-25,13.4120
2018-04-27,13.5870
2018-04-28,13.6740
2018-04-29,13.6740
2018-04-30,14.2830
2018-05-01,14.1700
2018-05-02,14.0080
2018-05-03,14.0940
2018-05-04,13.6600
2018-05-06,13.3210
2018-05-06,13.6650
2018-05-07,13.5760
2018-05-08,13.6650
2018-05-09,12.4730
2018-05-10,12.5570
2018-05-11,13.3210
2018-05-13,13.4060
2018-05-14,13.4910
2018-05-15,13.8300
2018-05-17,14.0850
2018-05-18,14.0080
2018-05-19,14.0940
2018-05-20,13.7450
2018-05-22,13.9150
2018-05-22,14.2660
2018-05-23,13.6600
2018-05-24,13.9220
2018-05-25,13.7450
2018-05-26,13.7450
2018-05-27,13.5760
2018-05-29,13.3210
2018-05-30,13.4060
2018-05-31,13.1510
2018-06-01,15.0330
2018-06-02,14.6470
2018-06-03,14.9090
2018-06-04,14.9090
2018-06-05,15.0330
2018-06-07,15.2250
2018-06-07,15.4860
2018-06-08,15.2250
2018-06-09,15.4860
2018-06-10,15.0330
2018-06-11,15.4180
2018-06-12,15.9000
2018-06-14,16.2850
2018-06-15,15.4180
2018-06-16,15.3220
2018-06-18,14.8400
2018-06-19,15.1970
2018-06-20,14.7160
2018-06-21,14.6470
2018-06-23,13.9730
2018-06-23,14.0430
2018-06-24,13.9730
2018-06-25,14.5240
2018-06-26,14.8400
2018-06-27,14.3310
2018-06-28,14.7430
2018-06-30,14.5510
2018-07-01,13.4190
2018-07-02,14.1860
2018-07-03,13.8990
2018-07-04,13.8030
2018-07-05,13.6770
2018-07-06,13.6770
2018-07-07,13.8990
2018-07-09,13.8990
2018-07-09,13.9660
2018-07-10,13.8030
2018-07-11,13.6770
2018-07-12,14.3780
2018-07-13,14.7610
2018-07-14,15.1450
2018-07-16,14.4740
2018-07-17,14.4740
2018-07-18,14.4740
2018-07-20,14.6650
2018-07-21,14.5440
2018-07-22,14.5440
2018-07-23,14.5700
2018-07-25,14.4740
2018-07-25,14.6400
2018-07-26,13.5150
2018-07-27,14.8330
2018-07-28,14.3780
2018-07-29,14.7610
2018-07-30,14.3780
2018-08-01,14.7910
2018-08-02,13.9210
2018-08-03,14.8870
2018-08-04,13.3410
2018-08-05,15.3710
2018-08-06,15.3560
2018-08-07,14.7770
2018-08-08,14.2110
2018-08-10,15.2740
2018-08-10,15.0670
2018-08-11,14.2110
2018-08-12,14.5840
2018-08-13,14.1140
2018-08-14,14.1140
2018-08-15,14.7910
2018-08-17,14.7910
2018-08-18,14.0170
2018-08-19,14.6940
2018-08-21,15.0810
2018-08-22,15.1630
2018-08-23,14.4870
2018-08-24,13.9210
2018-08-26,13.9210
2018-08-26,14.3910
2018-08-27,13.9210
2018-08-28,14.5840
2018-08-29,14.6940
2018-08-30,14.3070
2018-08-31,14.3070
2018-09-02,14.4880
2018-09-03,13.6190
2018-09-04,14.8740
2018-09-05,13.9080
2018-09-06,14.3910
2018-09-07,14.1900
2018-09-08,13.9000
2018-09-09,13.7150
2018-09-11,14.3910
2018-09-11,14.4800
2018-09-12,13.5220
2018-09-13,14.4800
2018-09-14,14.4880
2018-09-15,14.0050
2018-09-16,14.3910
2018-09-18,14.2950
2018-09-19,13.8120
2018-09-20,14.1020
2018-09-22,14.4880
2018-09-23,13.5140
2018-09-24,13.5140
2018-09-25,13.5220
2018-09-27,13.8120
2018-09-27,13.8040
2018-09-28,12.6530
2018-09-29,13.2250
2018-09-30,13.4250
2018-10-01,13.3930
2018-10-02,13.3930
2018-10-04,13.2960
2018-10-05,13.1020
2018-10-06,13.2960
2018-10-07,12.6170
2018-10-08,12.7140
2018-10-09,12.8350
2018-10-10,13.2240
2018-10-11,13.0050
2018-10-13,12.5200
2018-10-13,12.9320
2018-10-14,12.7140
2018-10-15,12.7380
2018-10-16,13.3930
2018-10-17,13.1270
2018-10-18,13.6840
2018-10-20,13.2960
2018-10-21,12.2830
2018-10-22,13.0050
2018-10-24,12.5200
2018-10-25,11.8620
2018-10-27,12.0340
2018-10-29,11.7430
2018-10-29,11.8620
2018-10-30,11.5490
2018-10-31,11.5710
2018-11-01,12.0560
2018-11-02,11.8750
2018-11-03,11.7650
2018-11-04,13.3350
2018-11-05,11.4730
2018-11-06,10.7310
2018-11-07,11.1810
2018-11-08,10.9870
2018-11-09,11.1810
2018-11-10,10.7070
2018-11-12,10.8900
2018-11-14,10.5980
2018-11-14,10.5120
2018-11-15,10.0150
2018-11-16,10.0260
2018-11-17,9.9173
2018-11-18,10.2200
2018-11-19,9.9173
2018-11-21,10.0150
2018-11-22,9.4741
2018-11-23,9.9173
2018-11-25,10.0150
2018-11-26,9.5389
2018-11-28,10.0150
2018-11-30,9.6256
2018-11-30,9.7336
2018-12-01,9.5002
2018-12-02,9.5266
2018-12-03,9.4033
2018-12-04,9.3322
2018-12-05,9.3063
2018-12-06,19.3450
2018-12-07,9.6941
2018-12-08,9.1354
2018-12-09,9.4033
2018-12-10,9.1124
2018-12-11,9.0155
2018-12-12,9.5266
2018-12-14,9.2094
2018-12-16,9.1124
2018-12-16,9.3322
2018-12-17,9.7910
2018-12-18,9.5266
2018-12-19,8.8216
2018-12-20,8.8461
2018-12-21,9.0155
2018-12-23,9.3063
2018-12-24,9.1354
2018-12-25,9.5002
2018-12-27,10.0820
2018-12-28,9.7210
2018-12-30,9.0155
2019-01-01,8.8477
2019-01-01,9.1120
2019-01-02,9.4065
2019-01-03,9.4877
2019-01-04,9.6859
2019-01-05,9.8635
2019-01-06,9.5927
2019-01-08,10.0580
2019-01-09,9.5157
2019-01-10,9.6859
2019-01-11,9.4065
2019-01-12,9.6859
2019-01-13,9.3938
2019-01-14,8.5683
2019-01-15,10.0580
2019-01-17,10.7100
2019-01-17,10.4270
2019-01-18,10.2450
2019-01-19,10.4270
2019-01-20,10.1520
2019-01-21,10.1450
2019-01-22,9.8721
2019-01-23,18.0360
2019-01-24,10.0580
2019-01-25,10.0700
2019-01-26,10.2450
2019-01-28,10.0580
2019-01-29,9.7695
2019-01-31,10.0580
2019-02-02,10.0560
2019-02-03,10.0560
2019-02-04,10.1960
2019-02-05,10.6100
2019-02-06,10.6550
2019-02-07,10.8870
2019-02-09,11.6250
2019-02-10,11.1030
2019-02-11,11.6250
2019-02-12,11.7170
2019-02-13,11.3900
2019-02-14,11.2980
2019-02-16,11.2560
2019-02-18,11.9010
2019-02-18,11.9410
2019-02-19,12.5470
2019-02-20,12.5840
2019-02-21,12.8240
2019-02-23,13.4700
2019-02-25,13.6540
2019-02-26,12.3980
2019-02-27,12.8240
2019-03-01,11.0850
2019-03-02,12.1120
2019-03-04,12.9110
2019-03-06,13.0010
2019-03-07,12.1940
2019-03-08,13.3780
2019-03-09,13.3590
2019-03-11,14.2560
2019-03-13,14.2560
2019-03-15,14.5250
2019-03-16,14.6140
2019-03-17,13.5590
2019-03-18,13.8080
2019-03-20,13.5390
2019-03-22,14.6140
2019-03-22,14.6430
2019-03-23,14.6140
2019-03-24,14.6430
2019-03-25,14.6140
2019-03-26,14.1660
2019-03-27,14.2560
2019-03-29,13.4490
2019-03-30,13.8080
2019-03-31,13.8970
2019-04-02,13.8480
2019-04-03,13.9350
2019-04-04,13.8120
2019-04-05,14.6320
2019-04-07,14.8060
2019-04-07,14.6810
2019-04-08,14.5450
2019-04-09,13.9860
2019-04-10,14.2830
2019-04-11,14.8060
2019-04-12,15.0670
2019-04-14,15.0670
2019-04-15,15.0670
2019-04-16,15.3280
2019-04-17,14.3700
2019-04-18,15.5900
2019-04-19,14.0730
2019-04-20,13.8990
2019-04-21,14.0220
2019-04-23,14.8060
2019-04-23,14.7680
2019-04-24,15.1540
2019-04-25,14.5940
2019-04-26,14.2830
2019-04-27,14.6320
2019-04-28,14.8930
2019-04-30,14.6320
2019-05-01,14.3390
2019-05-02,13.7450
2019-05-04,14.0850
2019-05-05,14.0080
2019-05-06,13.5790
2019-05-07,13.8300
2019-05-09,14.2540
2019-05-09,14.6960
2019-05-10,13.7450
2019-05-11,14.4380
2019-05-12,14.3390
2019-05-13,14.1700
2019-05-14,14.1700
2019-05-16,15.3570
2019-05-17,15.2730
2019-05-18,14.1700
2019-05-19,13.2360
2019-05-20,13.7450
2019-05-21,13.6650
2019-05-22,13.9220
2019-05-23,13.6600
2019-05-25,13.5760
2019-05-25,13.8370
2019-05-26,13.4910
2019-05-27,14.0080
2019-05-28,13.8300
2019-05-29,13.9150
2019-05-30,13.8300
2019-05-31,16.3290
2019-06-01,16.5740
2019-06-02,15.5140
2019-06-03,16.2850
2019-06-05,16.5740
2019-06-06,16.3510
2019-06-08,15.7070
2019-06-10,15.5140
2019-06-10,15.2930
2019-06-11,14.8400
2019-06-12,14.8120
2019-06-13,14.5510
2019-06-14,15.5140
2019-06-15,14.8400
2019-06-17,14.8400
2019-06-18,14.7430
2019-06-19,15.5140
2019-06-20,14.6470
2019-06-21,15.0330
2019-06-22,15.1010
2019-06-23,15.1010
2019-06-24,15.1290
2019-06-26,15.0330
2019-06-26,15.1970
2019-06-27,15.0330
2019-06-28,15.2930
2019-06-29,14.0690
2019-06-30,14.3580
2019-07-01,14.8570
2019-07-03,15.1450
2019-07-04,13.9940
2019-07-05,14.4740
2019-07-07,14.0900
2019-07-08,14.9290
2019-07-09,14.8330
2019-07-10,14.4740
2019-07-12,14.6650
2019-07-12,15.1220
2019-07-13,13.9940
2019-07-14,14.8330
2019-07-15,14.2820
2019-07-16,14.6650
2019-07-17,15.0490
2019-07-19,14.8570
2019-07-20,14.8570
2019-07-21,15.8160
2019-07-22,14.5700
2019-07-23,14.9530
2019-07-24,14.4470
2019-07-25,14.6400
2019-07-26,14.1860
2019-07-28,14.9530
2019-07-28,15.0250
2019-07-29,14.0900
2019-07-30,14.6400
2019-07-31,14.3780
2019-08-01,14.7910
2019-08-02,14.5010
2019-08-04,15.4670
2019-08-05,14.6940
2019-08-06,14.9840
2019-08-08,14.9840
2019-08-09,15.0670
2019-08-10,14.5840
2019-08-11,14.4040
2019-08-13,15.0810
2019-08-13,15.0670
2019-08-14,14.3070
2019-08-15,14.7770
2019-08-16,14.6940
2019-08-17,14.6940
2019-08-18,14.6940
2019-08-20,15.3710
2019-08-21,14.8870
2019-08-22,15.2740
2019-08-23,14.7910
2019-08-24,16.4340
2019-08-25,14.9700
2019-08-26,14.6800
2019-08-27,14.5970
2019-08-29,15.0810
2019-08-29,15.0670
2019-08-30,14.5010
2019-08-31,14.6800
2019-09-01,14.5850
2019-09-02,14.4880
2019-09-03,14.6810
2019-09-05,15.3570
2019-09-06,15.1640
2019-09-07,15.2610
2019-09-09,15.2610
2019-09-10,14.2860
2019-09-11,14.1900
2019-09-12,13.9080
2019-09-14,14.1020
2019-09-14,14.8660
2019-09-15,14.1980
2019-09-16,14.1900
2019-09-17,14.0050
2019-09-18,14.6810
2019-09-19,14.2950
2019-09-21,14.8740
2019-09-22,14.1980
2019-09-23,14.8740
2019-09-24,14.1020
2019-09-25,14.9710
2019-09-26,13.3210
2019-09-27,13.7070
2019-09-28,13.7150
2019-09-30,13.6190
2019-09-30,13.9970
2019-10-01,12.8110
2019-10-02,13.5150
2019-10-03,13.0050
2019-10-04,13.1270
2019-10-05,13.3930
2019-10-07,13.2960
2019-10-08,13.0050
2019-10-09,13.3930
2019-10-11,12.8110
2019-10-12,12.7380
2019-10-13,12.5430
2019-10-14,12.5200
2019-10-16,12.4230
2019-10-16,12.8350
2019-10-17,11.9370
2019-10-18,12.5430
2019-10-19,12.4230
2019-10-20,12.1540
2019-10-21,12.1310
2019-10-23,11.8400
2019-10-24,11.2580
2019-10-25,11.3550
2019-10-26,11.5490
2019-10-27,11.8400
2019-10-28,11.2790
2019-10-30,11.3550
2019-11-01,11.0840
2019-11-01,11.1940
2019-11-02,10.2090
2019-11-03,10.8040
2019-11-04,10.6950
2019-11-05,11.2910
2019-11-06,10.5980
2019-11-08,10.6950
2019-11-09,11.0840
2019-11-10,10.8900
2019-11-12,11.2780
2019-11-13,10.9870
2019-11-15,10.6950
2019-11-17,10.3060
2019-11-17,10.1230
2019-11-18,9.7228
2019-11-19,9.7336
2019-11-20,10.1120
2019-11-21,9.7336
2019-11-22,9.5284
2019-11-24,9.5284
2019-11-25,9.4312
2019-11-26,9.5284
2019-11-27,9.2367
2019-11-28,9.6256
2019-11-29,9.6256
2019-12-01,9.1124
2019-12-03,8.8216
2019-12-03,8.9433
2019-12-04,9.0155
2019-12-05,8.6517
2019-12-06,8.7247
2019-12-07,8.8461
2019-12-08,8.4338
2019-12-10,8.8216
2019-12-11,8.3661
2019-12-12,8.8216
2019-12-13,8.3369
2019-12-14,8.3369
2019-12-15,8.1430
2019-12-17,8.4338
2019-12-19,8.2400
2019-12-19,8.3601
2019-12-20,9.0155
2019-12-21,8.5545
2019-12-22,8.4338
2019-12-23,8.3601
2019-12-24,8.1430
2019-12-26,8.5308
2019-12-28,8.2400
2019-12-29,8.6277
2019-12-30,8.2400
2019-12-31,8.0461
